id,slug,name,state,region,tagline,overview,why_visit,type,styles,budget,budget_label,duration_days,best_season,seasons,difficulty,crowd,cover,gallery,things_to_do,photo_spots,food,cafes,nearby,alternative_to,latitude,longitude
01abfbec-3734-4740-912e-cdc69809fe56,chopta,Chopta,Uttarakhand,Northern India,"Experience the serene 'Mini Switzerland' of Uttarakhand, a pristine Himalayan hamlet and gateway to the highest Shiva temple at Tungnath, offering unparalleled views and spiritual solace.","Nestled in the Garhwal Himalayas of Uttarakhand at an altitude of approximately 2,680 meters (8,790 ft), Chopta is a picturesque hamlet renowned for its breathtaking alpine meadows (bugyals), dense rhododendron and deodar forests, and as a vital base for the sacred Tungnath Temple trek. Geographically, it sits amidst the Kedarnath Wildlife Sanctuary, contributing to its rich biodiversity, including rare Himalayan flora and fauna like the elusive musk deer and the vibrant Himalayan Monal pheasant.
Historically, the region is deeply intertwined with the Panch Kedar pilgrimage circuit, with Tungnath being the third of the five Shiva temples. The local experience is characterized by a tranquil escape from urban bustle, offering opportunities for spiritual introspection, meditation amidst nature's grandeur, and immersive trekking adventures. While not heavily populated, the nearby villages reflect the simple, resilient culture of the Garhwali people, often involved in agriculture and pilgrimage-related services, making it a culturally rich yet peaceful retreat.","[""Tungnath Temple: Trek to the highest Shiva temple in the world, an ancient shrine steeped in mythology and part of the revered Panch Kedar circuit."",""Chandrashila Peak: Summit this iconic peak for a breathtaking 360-degree panoramic view of prominent Himalayan ranges, including Nanda Devi, Trishul, Chaukhamba, Kedarnath, and Banderpoonch."",""Deoria Tal: Visit this pristine high-altitude lake, famed for its mesmerizing reflection of the Chaukhamba peaks, accessible via a scenic trek from Sari village."",""Kedarnath Wildlife Sanctuary: Explore this biodiverse sanctuary, a significant habitat for unique Himalayan wildlife like the endangered musk deer and various pheasant species, including the vibrant Himalayan Monal."",""Rhododendron Forests: Witness the spectacular bloom of vibrant red and pink rhododendrons during spring, transforming the trekking paths into a colorful spectacle.""]",Trek,"['Adventure', 'Wildlife', 'Spiritual', 'Meditation', 'Temple Visit', 'Heritage Walk', 'Photography']",8100,₹8k–₹12k,3,Summer – Spring,"['Summer', 'Spring']",Moderate,Quiet,https://upload.wikimedia.org/wikipedia/commons/3/3f/Chopta%2C_starting_point_for_treks_to_Tungnath_and_Chandrashila.jpg,"['https://upload.wikimedia.org/wikipedia/commons/3/3f/Chopta%2C_starting_point_for_treks_to_Tungnath_and_Chandrashila.jpg', 'https://images.unsplash.com/photo-1464822759023-fed622ff2c3b?auto=format&fit=crop&w=1800&q=80', 'https://images.unsplash.com/photo-1500382017468-9049fed747ef?auto=format&fit=crop&w=1800&q=80', 'https://images.unsplash.com/photo-1470071459604-3b5ec3a7fe05?auto=format&fit=crop&w=1800&q=80', 'https://images.unsplash.com/photo-1507525428034-b723cf961d3e?auto=format&fit=crop&w=1800&q=80']","['Trek to Tungnath and Chandrashila: Embark on the iconic trek through alpine meadows and dense forests to the sacred Tungnath temple, continuing to Chandrashila summit for unforgettable sunrise views.', 'Bird Watching in Kedarnath Wildlife Sanctuary: Explore the diverse avian life, specifically seeking out the vibrant Himalayan Monal, Kalij Pheasant, and other high-altitude species in their natural habitat.', 'Camping under the Stars: Experience the serene Himalayan night sky with minimal light pollution, offering spectacular stargazing and an opportunity for peaceful overnight stays.', 'Meditation and Yoga amidst Nature: Find spiritual solace and practice yoga or meditation amidst the tranquil and pristine natural surroundings of the vast alpine meadows.']","['Chandrashila Summit: For unobstructed panoramic views of the entire Garhwal Himalayan range, especially stunning at sunrise or sunset.', 'Deoria Tal Lakeside: Capture the perfect reflection of the Chaukhamba peaks in the clear waters of the lake, particularly at dawn or dusk.', 'The path to Tungnath through the Rhododendron Forests: Photograph the vibrant blooms and dense foliage along the trekking route, especially during the spring season.']","['Siddu', 'Pahadi Madra', 'Local Thali']","['Chopta Pahadi Rasoi Local Kitchen', 'Chopta Hilltop Cafe & Bistro']",[],Manali,30.18019,79.36768
0214bb96-f1f4-40e1-b037-4071544c95fe,divar-island,Divar Island,Goa,Western India,"Experience the serene and tranquil beauty of Divar Island, a hidden gem in the heart of Goa","Divar Island, situated in the Mandovi River, is a tranquil and picturesque island that offers a serene escape from the hustle and bustle of city life. The island has a rich history, with evidence of human habitation dating back to the pre-Portuguese era. With its lush green forests, picturesque villages, and beautiful beaches, Divar Island is a nature lover's paradise. Visitors can explore the island's scenic landscapes, visit ancient temples and churches, and indulge in a variety of water sports and activities. The island's unique cultural heritage, which is a blend of Hindu and Christian traditions, is reflected in its vibrant festivals and customs.","[""Explore the historic Our Lady of Piedade Church, a stunning example of Portuguese architecture"",""Visit the ancient temple of Saptakoteshwar, a revered Hindu shrine dedicated to Lord Shiva"",""Relax on the pristine beaches of Divar Island, such as the popular Divar Beach and the secluded Siridao Beach"",""Take a ferry ride across the Mandovi River to experience the island's breathtaking scenery""]",Island,"['Nature', 'Beach', 'Swimming', 'Sunbathing', 'Beach Walks', 'Boat Ride']",8100,₹8k–₹12k,3,Winter – Spring,"['Winter', 'Spring']",Easy,Quiet,https://images.unsplash.com/photo-1506461883276-594a12b11db3?q=80&w=1000&auto=format&fit=crop,"['https://images.unsplash.com/photo-1506461883276-594a12b11db3?q=80&w=1000&auto=format&fit=crop', 'https://images.unsplash.com/photo-1464822759023-fed622ff2c3b?auto=format&fit=crop&w=1800&q=80', 'https://images.unsplash.com/photo-1500382017468-9049fed747ef?auto=format&fit=crop&w=1800&q=80', 'https://images.unsplash.com/photo-1470071459604-3b5ec3a7fe05?auto=format&fit=crop&w=1800&q=80', 'https://images.unsplash.com/photo-1507525428034-b723cf961d3e?auto=format&fit=crop&w=1800&q=80']","[""Go on a scenic bike ride or hike to explore the island's picturesque villages and forests"", ""Try your hand at fishing or crab catching in the island's waters"", 'Take a boat ride to spot dolphins and other marine life in the Mandovi River', ""Attend a traditional Goan festival or celebration to experience the island's vibrant culture""]","['The picturesque village of Piedade, with its colorful houses and quaint chapels', 'The stunning sunset viewpoint at Divar Beach, offering breathtaking views of the Mandovi River', 'The ancient Saptakoteshwar temple, surrounded by lush green forests and offering panoramic views of the island']","['Dal Baati Churma', 'Saurashtra Thali', 'Goan Fish Curry']","['Divar Island Kathiyawadi Local Dhaba', 'Divar Island Rajasthani Thali House']",[],Goa,15.52509,73.90782
03227259-472d-47c8-8744-492973c94423,watlab,Watlab,Jammu and Kashmir,Northern India,"Experience the serene beauty of Watlab, a hidden gem in the Kashmir valley surrounded by lush green forests and majestic mountains.","Watlab, a quaint village in the Baramulla district of Jammu and Kashmir, is a nature lover's paradise. The village is nestled in the midst of dense forests and offers breathtaking views of the surrounding mountains. With its rich flora and fauna, Watlab is an ideal destination for those looking to escape the chaos of city life and connect with nature. The village has a strong cultural heritage, with a mix of traditional Kashmiri and modern influences. Visitors can explore the local villages, interact with the friendly locals, and experience the warm hospitality of the Kashmiri people. The region is also known for its diverse wildlife, including several species of birds, making it a haven for birdwatchers and nature enthusiasts.","[""Explore the lush green forests of Watlab, home to a wide variety of flora and fauna"",""Visit the ancient Watlab shrine, a revered religious site for the local community"",""Take a trek to the nearby mountains, offering breathtaking views of the Kashmir valley"",""Experience the traditional Kashmiri cuisine and warm hospitality of the local villagers"",""Spot exotic bird species, including the Kashmir flycatcher and the Himalayan monal""]",Mountain,"['Nature', 'Nature Walks', 'Photography', 'Local Sightseeing', 'Bird Watching']",8100,₹8k–₹12k,3,Summer – Spring,"['Summer', 'Spring']",Moderate,Quiet,https://images.unsplash.com/photo-1506461883276-594a12b11db3?q=80&w=1000&auto=format&fit=crop,"['https://images.unsplash.com/photo-1506461883276-594a12b11db3?q=80&w=1000&auto=format&fit=crop', 'https://images.unsplash.com/photo-1464822759023-fed622ff2c3b?auto=format&fit=crop&w=1800&q=80', 'https://images.unsplash.com/photo-1500382017468-9049fed747ef?auto=format&fit=crop&w=1800&q=80', 'https://images.unsplash.com/photo-1470071459604-3b5ec3a7fe05?auto=format&fit=crop&w=1800&q=80', 'https://images.unsplash.com/photo-1507525428034-b723cf961d3e?auto=format&fit=crop&w=1800&q=80']","['Go on a guided nature walk through the dense forests of Watlab, spotting local wildlife and flora', 'Take a birdwatching tour, guided by experienced local experts', 'Visit the local villages and interact with the friendly locals, learning about their culture and traditions', 'Enjoy a picnic in the scenic surroundings of Watlab, amidst the majestic mountains and lush green forests']","['The viewpoint at the ancient Watlab shrine, offering panoramic views of the surrounding mountains', 'The crystal-clear streams and waterfalls of Watlab, surrounded by lush green forests', 'The sunset point near the village, offering breathtaking views of the Kashmir valley']","['Siddu', 'Pahadi Madra', 'Local Thali']","['Watlab Pahadi Rasoi Local Kitchen', 'Watlab Hilltop Cafe & Bistro']",[],Manali,34.3,74.47
03f7ddf9-105e-4d05-bfa5-f902f5af521f,lakhpat,Lakhpat,Gujarat,Western India,"Experience the enchanting blend of history, culture, and nature in Lakhpat, a quaint village in Gujarat.","As visitors wander through the village, they can absorb the local culture by interacting with the friendly locals, trying traditional cuisine, and shopping for handmade crafts. The region's unique geography, with its arid landscape and marshy wetlands, supports a wide variety of flora and fauna, making it a fascinating spot for bird watching and nature walks. With its off-the-beaten-path charm, Lakhpat offers an unforgettable experience for travelers seeking an authentic and immersive experience in rural Gujarat.","[""The Lakhpat Fort, a 200-year-old fortification that showcases the region's rich history and architectural heritage"",""The Kori Creek, a vital habitat for migratory birds and a great spot for bird watching"",""The Gurudwara Sahib, a historic Sikh temple that attracts devotees and history enthusiasts"",""The ancient Jain Temple, a beautifully preserved example of traditional Kutchi architecture"",""The Little Rann of Kutch, a unique salt desert landscape that offers breathtaking views and sunset opportunities""]",Village,"['Culture', 'Nature Walks', 'Photography', 'Local Sightseeing', 'Bird Watching']",8100,₹8k–₹12k,3,Winter – Spring,"['Winter', 'Spring']",Easy,Quiet,https://upload.wikimedia.org/wikipedia/commons/3/36/Lakhpat_fort_gate_2014-01-27_13-02.jpg,"['https://upload.wikimedia.org/wikipedia/commons/3/36/Lakhpat_fort_gate_2014-01-27_13-02.jpg', 'https://images.unsplash.com/photo-1464822759023-fed622ff2c3b?auto=format&fit=crop&w=1800&q=80', 'https://images.unsplash.com/photo-1500382017468-9049fed747ef?auto=format&fit=crop&w=1800&q=80', 'https://images.unsplash.com/photo-1470071459604-3b5ec3a7fe05?auto=format&fit=crop&w=1800&q=80', 'https://images.unsplash.com/photo-1507525428034-b723cf961d3e?auto=format&fit=crop&w=1800&q=80']","['Take a guided tour of the Lakhpat Fort and learn about its history and significance', 'Go on a bird watching excursion to the Kori Creek and spot various migratory species', 'Explore the village on foot and interact with the friendly locals to learn about their culture and traditions', 'Visit the nearby Wild Ass Sanctuary and catch a glimpse of the endangered Indian wild ass']","['The sunset point near the Lakhpat Fort, offering stunning views of the surrounding landscape', 'The Kori Creek, where you can capture images of migratory birds in their natural habitat', 'The abandoned village of Pachchham, with its unique architecture and stunning desert landscape backdrop']","['Dal Baati Churma', 'Saurashtra Thali', 'Goan Fish Curry']","['Lakhpat Kathiyawadi Local Dhaba', 'Lakhpat Rajasthani Thali House']",[],Lonavala,23.82689,68.77516
04c9b140-5e54-43ae-a062-9309dc0c6594,ananthagiri-hills,Ananthagiri Hills,Telangana,Southern India,Discover the unspoiled beauty of nature at Telangana's picturesque Ananthagiri Hills.,"Located in the heart of Telangana, Ananthagiri Hills is a nature lover's paradise and a popular weekend getaway from Hyderabad. The hills are surrounded by lush forests and offer breathtaking views of the surrounding landscape. The region is home to a variety of flora and fauna, making it a birdwatcher's delight. Visitors can hike through the dense forests, explore the rolling hills, and enjoy the serene atmosphere. Ananthagiri Hills is also home to the ancient Anantha Padmanabha Swamy Temple, a stunning example of Dravidian architecture.","[""Explore the majestic Bhramaramba Mallikarjuna Swamy Temple, a 13th-century temple dedicated to Lord Shiva"",""Take a guided nature walk through the serene Bhagiratha Jathara forest, home to a variety of bird species"",""Visit the ancient Anantha Padmanabha Swamy Temple, a 17th-century temple dedicated to Lord Vishnu"",""Enjoy a thrilling zip-lining experience through the forests of Ananthagiri Hills"",""Experience the tranquility of a traditional Telugu village, where local farmers grow cardamom, tea, and coffee""]",Mountain,"['Nature', 'Nature Walks', 'Photography', 'Local Sightseeing', 'Bird Watching']",8100,₹8k–₹12k,3,Winter – Spring,"['Winter', 'Spring']",Easy,Quiet,https://upload.wikimedia.org/wikipedia/commons/thumb/b/b7/Ananthagiri_Hills.JPG/3840px-Ananthagiri_Hills.JPG,"['https://upload.wikimedia.org/wikipedia/commons/thumb/b/b7/Ananthagiri_Hills.JPG/3840px-Ananthagiri_Hills.JPG', 'https://images.unsplash.com/photo-1464822759023-fed622ff2c3b?auto=format&fit=crop&w=1800&q=80', 'https://images.unsplash.com/photo-1500382017468-9049fed747ef?auto=format&fit=crop&w=1800&q=80', 'https://images.unsplash.com/photo-1470071459604-3b5ec3a7fe05?auto=format&fit=crop&w=1800&q=80', 'https://images.unsplash.com/photo-1507525428034-b723cf961d3e?auto=format&fit=crop&w=1800&q=80']","['Hike to the summit of Ananthagiri Hill for breathtaking views of the surrounding landscape', 'Take a guided nature walk through the dense forests of Bhagiratha Jathara', 'Visit the Ananthagiri Tea Factory and taste the famous Ananthagiri tea', 'Explore the local village markets, where you can buy handmade crafts and local produce']","['The iconic Anantha Padmanabha Swamy Temple, a stunning example of Dravidian architecture', 'The scenic Bhramaramba Mallikarjuna Swamy Temple, surrounded by lush greenery', 'The sunrise point on Ananthagiri Hill, offering breathtaking views of the surrounding landscape']","['Traditional Thali', 'Filter Coffee', 'Local Seafood']","['Ananthagiri Hills Malgudi Filter Coffee & Tiffin', 'Ananthagiri Hills Sree Local Mess']",[],Lonavala,17.32283,77.86186
05a1788c-87ff-46af-9d20-72f6d5136dfb,chitrakote-falls,Chitrakote Falls,Chhattisgarh,Central India,The breathtaking 'Niagara of India' on the Indravati River.,"Chitrakote Falls is the widest waterfall in India, located in the Bastar district of Chhattisgarh. Often called the 'Niagara of India' due to its horse-shoe shape, the waterfall is formed by the Indravati River plunging over a 95-foot cliff. During the monsoon, the waterfall stretches to a width of nearly 300 meters, creating a thunderous roar. The falls are also sacred, with a small temple dedicated to Lord Shiva situated nearby.","[""The spectacular 300-meter-wide horseshoe waterfall cascade"",""Mesmerizing rainbows forming in the mist during sunny days"",""The historic Shiva Temple located at the base of the falls"",""Vibrant Bastar tribal arts and handicrafts stalls nearby""]",Mountain,"['Nature', 'Photography', 'Adventure']",8100,₹8k–₹12k,3,July to October & November to February,"['Winter', 'Spring']",Easy,Quiet,https://upload.wikimedia.org/wikipedia/commons/9/91/Chitrakot_waterfalls.JPG,"['https://upload.wikimedia.org/wikipedia/commons/9/91/Chitrakot_waterfalls.JPG', 'https://images.unsplash.com/photo-1464822759023-fed622ff2c3b?auto=format&fit=crop&w=1800&q=80', 'https://images.unsplash.com/photo-1500382017468-9049fed747ef?auto=format&fit=crop&w=1800&q=80', 'https://images.unsplash.com/photo-1470071459604-3b5ec3a7fe05?auto=format&fit=crop&w=1800&q=80', 'https://images.unsplash.com/photo-1507525428034-b723cf961d3e?auto=format&fit=crop&w=1800&q=80']","['Boating in the river pool at the base of the falls to feel the water spray', 'Photography from the cliff edge viewpoints and watchtowers', 'Exploring the nearby Kanger Valley National Park', 'Witnessing the illumination of the falls in the evening']","['Wide angle shot of the complete horseshoe falls from the viewpoint', 'Rainbow forming in the spray from a boat on the river', 'The waterfall illuminated with colorful lights at night']","['Local Traditional Thali', 'Spicy Curry']","['Chitrakote Falls Bundelkhandi Kitchen', 'Chitrakote Falls Malwa Food Court']",[],Lonavala,19.2008,81.7667
06022fa5-da75-4b42-87c3-7651b2fff8fb,meghamalai,Meghamalai,Tamil Nadu,Southern India,A tranquil haven amidst the rolling hills and verdant forests of Tamil Nadu's Western Ghats.,"Tucked away in the Annamalai Hills, Meghamalai is a lesser-known gem in the southern Indian state of Tamil Nadu. This serene mountain destination is known for its lush evergreen forests, rolling hills, and rolling grasslands that provide a soothing escape for nature enthusiasts and photography enthusiasts alike. Meghamalai's tranquil atmosphere and proximity to the Periyar Wildlife Sanctuary make it an ideal base for exploring the diverse flora and fauna of the Western Ghats. A haven for nature lovers, adventure seekers, and bird watchers, Meghamalai is an uncharted paradise waiting to be discovered.","[""The Karian Shola National Park, a lesser-known treasure within the Annamalai Hills, offering breathtaking views and opportunities to spot a variety of bird species and other wildlife."",""The picturesque Padi Village, known for its natural springs and scenic trekking routes that lead to majestic viewpoints amidst the rolling hills."",""The stunning waterfalls, cascading down from the Western Ghats, creating a picturesque landscape perfect for photography and relaxation."",""The Periyar Wildlife Sanctuary, a short drive from Meghamalai, providing a chance to explore the rich biodiversity of the region, including a variety of mammals and bird species."",""The ancient Pali Village, nestled amidst the rolling hills, offering a glimpse into the region's rich cultural heritage and traditional Wayanad architecture.""]",Mountain,"['Nature', 'Nature Walks', 'Photography', 'Local Sightseeing', 'Bird Watching']",8100,₹8k–₹12k,3,Winter – Spring,"['Winter', 'Spring']",Easy,Quiet,https://images.unsplash.com/photo-1506461883276-594a12b11db3?q=80&w=1000&auto=format&fit=crop,"['https://images.unsplash.com/photo-1506461883276-594a12b11db3?q=80&w=1000&auto=format&fit=crop', 'https://images.unsplash.com/photo-1464822759023-fed622ff2c3b?auto=format&fit=crop&w=1800&q=80', 'https://images.unsplash.com/photo-1500382017468-9049fed747ef?auto=format&fit=crop&w=1800&q=80', 'https://images.unsplash.com/photo-1470071459604-3b5ec3a7fe05?auto=format&fit=crop&w=1800&q=80', 'https://images.unsplash.com/photo-1507525428034-b723cf961d3e?auto=format&fit=crop&w=1800&q=80']","['Embark on a guided nature walk through the rolling hills and verdant forests, exploring the rich biodiversity of the region.', 'Try your hand at bird watching, spotting various species that inhabit the forests and grasslands of Meghamalai.', 'Take part in photography expeditions, capturing the stunning vistas, picturesque waterfalls, and scenic landscapes of the region.', ""Explore the ancient temples and villages, gaining insights into the region's rich cultural heritage and Wayanad architecture.""]","['The scenic viewpoint at Padi Village, offering breathtaking vistas of the rolling hills and verdant forests.', 'The picturesque Padi Falls, cascading down from the Western Ghats, creating a stunning landscape perfect for photography.', ""The ancient Pali Village, nestled amidst the rolling hills, offering a glimpse into the region's rich cultural heritage and traditional architecture.""]","['Traditional Thali', 'Filter Coffee', 'Local Seafood']","['Meghamalai Malgudi Filter Coffee & Tiffin', 'Meghamalai Sree Local Mess']",[],Lonavala,9.67607,77.38213
07a58e0e-8a13-45e4-ac0a-19abd2a0c84c,diglipur,Diglipur,Andaman and Nicobar Islands,Southern India,Twin islands joined by a sandbar and turtle nesting beaches.,"Diglipur is the largest town in North Andaman, offering an offbeat adventure far from touristy crowds. It is famous for Ross & Smith Islands (two islands joined by a natural white sandbar), Saddle Peak (the highest point in Andamans), and Kalipur Beach's turtle nesting grounds.","[""Walk the white sandbar connecting Ross & Smith Islands"",""Trek up Saddle Peak through dense tropical rainforests"",""Witness turtle nesting at Kalipur Beach"",""Explore the Alfred Caves' limestone passages""]",Beach,"['Adventure', 'Beach', 'Nature', 'Trek']",13000,₹12k–₹15k,4,November – April,"['Winter', 'Spring']",Moderate,Untouched,https://images.unsplash.com/photo-1507525428034-b723cf961d3e?auto=format&fit=crop&w=800&q=80,"['https://images.unsplash.com/photo-1507525428034-b723cf961d3e?auto=format&fit=crop&w=800&q=80', 'https://images.unsplash.com/photo-1544735716-392fe2489ffa?auto=format&fit=crop&w=800&q=80']","['Walk the sandbar of Ross & Smith Islands', 'Trek up Saddle Peak National Park', 'Watch sea turtles nest/hatch at Kalipur', 'Snorkel in the crystal-clear waters of Ramnagar Reef']","['Arial view of the Ross & Smith sandbar', 'Sunset at Kalipur beach with driftwood', 'Rainforest canopy from Saddle Peak summit']","['Fresh crab curry', 'Tandoori fish', 'Bengali and South Indian local meals']","['Kalipur resort restaurant', 'Local market fish stalls', 'Diglipur Bazaar eateries']","['Mayabunder (70 km)', 'Rangat (140 km)', 'Saddle Peak (15 km)']",Havelock Island,13.2678,93.0033
08377562-a019-4500-865b-b5ce67f5bc93,chandipur-beach,Chandipur Beach,Odisha,Eastern India,"Discover Chandipur, Odisha's unique 'hide-and-seek' beach where the Bay of Bengal dramatically recedes, revealing an expansive, walkable seabed.","Chandipur Beach, located in the Balasore district of Odisha, offers a singularly captivating natural phenomenon: the sea recedes by up to five kilometers during low tide, revealing a vast stretch of ocean floor. This unique geological characteristic transforms the beach experience, allowing visitors to literally walk into the 'sea' for miles, exploring the exposed sandy expanse. Unlike typical beaches, Chandipur is renowned for its tranquil atmosphere and relatively untouched beauty. It's not a bustling tourist hub but rather a peaceful retreat where the rhythm of the tides dictates the day's activities, offering a profound connection with nature and a glimpse into a distinctive coastal ecosystem.","[""Witness the extraordinary receding sea phenomenon, unique in India, allowing you to walk far into the seabed."",""Observe diverse marine life, including red crabs, horseshoe crabs, and other small crustaceans, exposed during low tide."",""Experience a serene and uncrowded beach environment, perfect for peaceful strolls and contemplation."",""Enjoy the expansive, hard sand beach ideal for long walks and quiet reflection."",""Discover the local fishing village charm and witness traditional fishing practices.""]",Beach,"['Beach', 'Swimming', 'Sunbathing', 'Beach Walks', 'Boat Ride']",8100,₹8k–₹12k,3,Winter – Spring,"['Winter', 'Spring']",Easy,Quiet,https://upload.wikimedia.org/wikipedia/commons/4/43/Chandipur.jpg,"['https://upload.wikimedia.org/wikipedia/commons/4/43/Chandipur.jpg', 'https://images.unsplash.com/photo-1464822759023-fed622ff2c3b?auto=format&fit=crop&w=1800&q=80', 'https://images.unsplash.com/photo-1500382017468-9049fed747ef?auto=format&fit=crop&w=1800&q=80', 'https://images.unsplash.com/photo-1470071459604-3b5ec3a7fe05?auto=format&fit=crop&w=1800&q=80', 'https://images.unsplash.com/photo-1507525428034-b723cf961d3e?auto=format&fit=crop&w=1800&q=80']","['Walk several kilometers into the exposed seabed during low tide to explore the unique landscape.', 'Go crab spotting and observe other fascinating marine creatures that emerge from the wet sand.', 'Enjoy a refreshing swim in the gentle waves during high tide when the sea returns.', 'Take a local boat ride into the deeper waters during high tide to experience the sea from a different perspective.']","['The vast, exposed seabed stretching towards the horizon during low tide, offering dramatic perspective shots.', 'Close-up shots of vibrant red crabs dotting the wet sand, a signature sight of Chandipur.', 'Sunset or sunrise views over the Bay of Bengal, casting golden hues across the unique tidal landscape.']","['Local Traditional Thali', 'Spicy Curry']","['Chandipur Beach Bengali Spice Junction', 'Chandipur Beach Maa Durga Local Hotel']",[],Goa,21.47,87.02
08aedca6-848d-47f3-b0b5-f81da0bb07fa,nongriat,Nongriat,Meghalaya,Northeastern India,Double-Decker Living Root Bridges and turquoise pools.,"Nongriat is a secluded valley village famous for its ancient, living root bridges, notably the Umshiang Double-Decker Living Root Bridge. Reached by trekking down 3,000 stone steps through lush hills, it features suspension bridges, cascading turquoise rivers, and pristine waterfalls.","[""Trek to the iconic Double-Decker Living Root Bridge"",""Swim in the crystal-clear turquoise pools of Rainbow Falls"",""Walk across long wire suspension bridges"",""Stay in a quiet Khasi jungle village""]",Trek,"['Adventure', 'Nature', 'Trek', 'Waterfalls']",7000,Under ₹8k,3,September – May,"['Autumn', 'Winter', 'Spring', 'Monsoon']",Challenging,Quiet,https://images.unsplash.com/photo-1501785888041-af3ef285b470?auto=format&fit=crop&w=800&q=80,"['https://images.unsplash.com/photo-1501785888041-af3ef285b470?auto=format&fit=crop&w=800&q=80', 'https://images.unsplash.com/photo-1507525428034-b723cf961d3e?auto=format&fit=crop&w=800&q=80']","['Trek down the 3,000 steps from Tyrna', 'Walk the living root bridges of Nongriat', 'Swim in the natural pools of Rainbow Falls', 'Savor organic local honey and wild fruits']","['The Double-Decker Living Root Bridge', 'Turquoise pools at Rainbow Falls', 'Jungle wire bridges spanning rivers']","['Simple local Khasi dal and rice', 'Wild forest banana', 'Khasi ginger tea']","['Jungle view tea stalls', 'Nongriat Community Kitchen', 'Tyrna village dhabas']","['Cherrapunji (Sohra) (15 km)', 'Mawsynram (60 km)', 'Tyrna Village (3 km)']",Munnar Hills,25.2515,91.6811
08cb70ca-6337-41ee-a9f1-0b025975ee07,dhanushkodi,Dhanushkodi,Tamil Nadu,Southern India,The ghost town where two seas meet.,"Once a thriving town destroyed by the 1964 cyclone, Dhanushkodi is now a hauntingly beautiful destination with turquoise waters, abandoned ruins and India's most dramatic coastal road.","[""Famous ghost town ruins"",""The road surrounded by sea on both sides"",""Spectacular sunrise views"",""One of India's most unique coastal landscapes""]",Beach,"['Photography', 'Nature', 'Adventure', 'Peaceful Retreat']",8000,₹6k–₹10k,2,November – March,['Winter'],Easy,Quiet,https://res.cloudinary.com/dizqquqfs/image/upload/q_auto/f_auto/v1781880184/dhanushkodi2_mpn5rk.jpg,"['https://res.cloudinary.com/dizqquqfs/image/upload/q_auto/f_auto/v1781880184/dhanushkodi2_mpn5rk.jpg', 'https://res.cloudinary.com/dizqquqfs/image/upload/q_auto/f_auto/v1781880181/dhanushkodi1_krzxe2.jpg', 'https://res.cloudinary.com/dizqquqfs/image/upload/q_auto/f_auto/v1781880189/dhanushkodi3_ytuxie.jpg', 'https://res.cloudinary.com/dizqquqfs/image/upload/q_auto/f_auto/v1781880195/dhanushkodi4_wr973c.jpg']","['Drive to Arichal Munai', 'Explore the old church ruins', 'Watch sunrise over the Bay of Bengal', 'Visit Rameswaram Temple nearby']","['Old church ruins at dusk', 'Colorful temple interiors near Rameswaram', 'Cyclone-damaged church facade']","['Fresh seafood', 'South Indian meals', 'Fish fry', 'Tamil Nadu filter coffee']","['Temple City Cafe', 'Rameswaram Cafe', 'Sea Breeze Restaurant']","['Rameswaram Temple', 'Pamban Bridge', 'Arichal Munai']",Pondicherry,9.17781,79.41776
08ff8564-0f07-49b0-8256-0ccdd1458ebd,minicoy-island,Minicoy Island,Lakshadweep,Southern India,Archipelago's southernmost gem with unique Mahl culture.,"Minicoy Island (locally known as Maliku) is the southernmost island of Lakshadweep. Famous for its crescent-shaped lagoon, a majestic 300-foot British lighthouse built in 1885, and its distinctive Mahl culture (closely linked to the Maldives), it is a secluded island paradise.","[""Visit the historic British-built Lighthouse (1885)"",""Experience the unique Mahl culture and dance forms"",""Sail and kayak in the massive crescent lagoon"",""Witness traditional tuna canning and boat building""]",Island,"['Culture', 'Beach', 'Heritage', 'Water Sports']",15000,Above ₹15k,4,October – May,"['Autumn', 'Winter', 'Spring', 'Summer']",Easy,Quiet,https://images.unsplash.com/photo-1507525428034-b723cf961d3e?auto=format&fit=crop&w=800&q=80,"['https://images.unsplash.com/photo-1507525428034-b723cf961d3e?auto=format&fit=crop&w=800&q=80', 'https://images.unsplash.com/photo-1544735716-392fe2489ffa?auto=format&fit=crop&w=800&q=80']","['Climb the Minicoy Lighthouse for panoramic views', 'Snorkel with corals and colorful reef fish', 'Watch a traditional Lava dance performance', 'Take a glass-bottom boat ride in the lagoon']","['View of the island canopy from the lighthouse', 'Vibrant colors of the Minicoy lagoon', 'Traditional wooden Jahaadh boat model workshops']","['Farata with Mas Huni (tuna and coconut dish)', 'Spicy Lakshadweep fish curry', 'Sweet coconut pastries']","['Lighthouse View Cafeteria', 'Minicoy Beach Resort Dining', 'Village tea stalls']","['Kalpeni Island (110 km)', 'Kavaratti (200 km)']",Maldives,8.28,73.01
0a295aa2-629c-4001-a22f-07e063d329dc,pfutsero,Pfutsero,Nagaland,Northeastern India,"Experience the unspoiled beauty of Pfutsero, a trekker's paradise nestled in the majestic hills of Nagaland, where adventure and nature entwine.","Pfutsero, situated in the Phek district of Nagaland, is a quaint town surrounded by lush green forests, rolling hills, and meandering streams. The region is steeped in rich cultural heritage, with the Chakhesang and Pochuri tribes inhabiting the area. As a trekker's haven, Pfutsero offers breathtaking vistas, diverse wildlife, and an array of adventure activities, making it an ideal destination for those seeking an immersive experience amidst nature. With its pleasant climate and serene ambiance, Pfutsero is a perfect getaway for travelers seeking to escape the chaos of city life and connect with the natural world.","[""The Pfutsero Town Square, a buzzing hub of local activity, offering a glimpse into the daily lives of the inhabitants"",""The picturesque Tese Village, known for its traditional thatched roof houses and vibrant cultural festivals"",""The majestic Kapamodzü Peak, the highest point in the area, offering panoramic views of the surrounding landscape"",""The historic WWII Memorial, a poignant reminder of the region's significant role in the war"",""The vibrant Pfutsero Market, where visitors can sample local delicacies and purchase traditional handicrafts""]",Trek,"['Nature', 'Adventure', 'Trekking', 'Camping', 'Rock Climbing', 'Bird Watching']",8100,₹8k–₹12k,3,Summer – Spring,"['Summer', 'Spring']",Moderate,Quiet,https://upload.wikimedia.org/wikipedia/commons/5/52/Pfutsero_town.jpg,"['https://upload.wikimedia.org/wikipedia/commons/5/52/Pfutsero_town.jpg', 'https://images.unsplash.com/photo-1464822759023-fed622ff2c3b?auto=format&fit=crop&w=1800&q=80', 'https://images.unsplash.com/photo-1500382017468-9049fed747ef?auto=format&fit=crop&w=1800&q=80', 'https://images.unsplash.com/photo-1470071459604-3b5ec3a7fe05?auto=format&fit=crop&w=1800&q=80', 'https://images.unsplash.com/photo-1507525428034-b723cf961d3e?auto=format&fit=crop&w=1800&q=80']","['Embark on a guided trek to the Kapamodzü Peak, navigating through dense forests and rugged terrain', 'Participate in rock climbing and rappelling activities at the designated sites, under the supervision of experienced instructors', ""Go bird watching in the surrounding forests, spotting exotic species such as the Blyth's tragopan and the grey sibia"", 'Take part in a traditional Chakhesang cooking class, learning the art of preparing local delicacies such as smoked pork and fermented soybeans']","['The scenic lookout point near the Tese Village, offering breathtaking views of the valley below', 'The serene lake at the foot of the Kapamodzü Peak, reflecting the majestic beauty of the surrounding landscape', 'The picturesque Pfutsero Town Square, bustling with local activity and colorful traditional attire']","['Smoked Pork with Bamboo Shoot', 'Local Rice Cake', 'Assamese Thali']","['Pfutsero Local Tribal Kitchen', 'Pfutsero The Bamboo Shoot Restaurant']",[],Shillong,25.56294,94.27951
0add9890-b06f-4c12-8ca9-f8a443b956b3,shoja,Shoja,Himachal Pradesh,Northern India,"Experience the serene grandeur of the Himalayas in Shoja, a hidden gem in Himachal Pradesh's trekking paradise.","Shoja, nestled in the heart of the Great Himalayan National Park, is a quaint village in the Banjar Valley of Himachal Pradesh. This picturesque destination is surrounded by towering Himalayan peaks, lush green forests, and the tranquil Tirthan River, offering an unforgettable trekking experience. With its rich biodiversity, Shoja is home to a wide variety of flora and fauna, including the majestic Himalayan black bear, the elusive snow leopard, and over 300 species of birds. As a trekker's haven, Shoja provides an opportunity to immerse oneself in nature, explore remote villages, and experience the warm hospitality of the local community. From leisurely strolls to challenging mountain climbs, Shoja has something for every kind of adventure seeker.","[""Explore the breathtaking Jalori Pass, a 3,200-meter-high mountain pass that connects the Banjar Valley to the Anni Valley"",""Visit the ancient Shringa Rishi Temple, dedicated to the sage Shringa Rishi who is said to have meditated in these mountains"",""Trek to the scenic Serolsar Lake, a pristine glacial lake surrounded by lush green meadows and towering mountains"",""Discover the diverse wildlife of the Great Himalayan National Park, including the Himalayan monal, the western tragopan, and the majestic Indian spotted eagle""]",Trek,"['Nature', 'Adventure', 'Trekking', 'Camping', 'Rock Climbing', 'Bird Watching']",8100,₹8k–₹12k,3,Summer – Spring,"['Summer', 'Spring']",Moderate,Quiet,https://upload.wikimedia.org/wikipedia/commons/5/5e/Chailhill.jpg,"['https://upload.wikimedia.org/wikipedia/commons/5/5e/Chailhill.jpg', 'https://images.unsplash.com/photo-1464822759023-fed622ff2c3b?auto=format&fit=crop&w=1800&q=80', 'https://images.unsplash.com/photo-1500382017468-9049fed747ef?auto=format&fit=crop&w=1800&q=80', 'https://images.unsplash.com/photo-1470071459604-3b5ec3a7fe05?auto=format&fit=crop&w=1800&q=80', 'https://images.unsplash.com/photo-1507525428034-b723cf961d3e?auto=format&fit=crop&w=1800&q=80']","['Embark on a guided trek to the Jalori Pass, which offers breathtaking views of the surrounding mountains and valleys', 'Engage in rock climbing and rappelling in the rugged terrain of the Banjar Valley', 'Go bird watching in the forests and meadows surrounding Shoja, with over 300 species of birds to spot', 'Participate in a thrilling river crossing or fishing expedition in the Tirthan River']","['The Jalori Pass, which offers panoramic views of the surrounding mountains and valleys', 'The scenic Serolsar Lake, surrounded by lush green meadows and towering mountains', 'The Tirthan River, with its crystal-clear waters and picturesque river banks']","['Siddu', 'Pahadi Madra', 'Local Thali']","['Shoja Pahadi Rasoi Local Kitchen', 'Shoja Hilltop Cafe & Bistro']",[],Manali,31.29786,77.034
0c38c8ca-2a09-4d29-9f1a-bc75dcf273d7,kaas-plateau,Kaas Plateau,Maharashtra,Western India,"Experience the vibrant tapestry of life on the Kaas Plateau, a UNESCO World Heritage Site in Maharashtra's Satara district, renowned for its breathtaking natural beauty and diverse flora and fauna.","The Kaas Plateau, often referred to as the 'Plateau of Flowers', is a haven for nature enthusiasts and photographers. Located in the Satara district of Maharashtra, this picturesque plateau is perched at an altitude of 1200 meters above sea level and transforms into a kaleidoscope of colors during the monsoon season, as over 850 species of flowering plants, including orchids, carnivorous plants, and wildflowers, bloom in every hue imaginable. The region's unique laterite soil, coupled with its geographical location, has given rise to this breathtaking phenomenon. As you wander through the rolling hills and meadows, you'll be immersed in the region's rich cultural heritage, with opportunities to interact with the local community and experience the traditional Maharashtrian way of life.","[""Explore the Kaas Plateau's stunning wildflower blooms, a natural spectacle that attracts visitors from across the globe"",""Visit the Kaas Lake, a tranquil spot surrounded by lush greenery and offering breathtaking views of the surrounding landscape"",""Discover the diverse array of flora and fauna at the Kaas Plateau, including the rare and endangered species of plants and animals"",""Take a guided tour of the plateau, led by experienced naturalists who will provide insights into the region's unique ecosystem and cultural significance"",""Marvel at the panoramic views of the surrounding landscape from the Various viewpoints on the plateau""]",Village,"['Culture', 'Wildlife', 'Nature', 'Nature Walks', 'Photography', 'Local Sightseeing', 'Bird Watching']",8100,₹8k–₹12k,3,Winter – Spring,"['Winter', 'Spring']",Easy,Quiet,https://upload.wikimedia.org/wikipedia/commons/2/21/Kaas-7016.jpg,"['https://upload.wikimedia.org/wikipedia/commons/2/21/Kaas-7016.jpg', 'https://images.unsplash.com/photo-1464822759023-fed622ff2c3b?auto=format&fit=crop&w=1800&q=80', 'https://images.unsplash.com/photo-1500382017468-9049fed747ef?auto=format&fit=crop&w=1800&q=80', 'https://images.unsplash.com/photo-1470071459604-3b5ec3a7fe05?auto=format&fit=crop&w=1800&q=80', 'https://images.unsplash.com/photo-1507525428034-b723cf961d3e?auto=format&fit=crop&w=1800&q=80']","[""Embark on a nature walk through the plateau's rolling hills and meadows, taking in the vibrant colors and sounds of the natural world"", 'Go bird watching, with over 100 species of birds documented in the area, including the Malabar Whistling Thrush and the Indian Rufous Babbler', 'Take a photography tour, capturing the stunning landscapes, flora, and fauna of the Kaas Plateau', 'Interact with the local community, learning about their traditional way of life and experiencing the rich cultural heritage of the region']","['The lake area, which offers stunning reflections and a tranquil atmosphere', 'The viewpoints on the plateau, providing panoramic views of the surrounding landscape', 'The wildflower blooms, which create a kaleidoscope of colors and patterns, perfect for capturing unique and breathtaking images']","['Dal Baati Churma', 'Saurashtra Thali', 'Goan Fish Curry']","['Kaas Plateau Kathiyawadi Local Dhaba', 'Kaas Plateau Rajasthani Thali House']",[],Lonavala,17.72,73.82278
0ce76127-eac8-449a-a775-a310f06a9e14,shnongpdeng,Shnongpdeng,Meghalaya,Northeastern India,Float on the crystal-clear waters of the Umngot River.,"Shnongpdeng is a postcard-perfect village located in the West Jaintia Hills, famous for the suspension bridge and the unbelievably transparent Umngot River. It is a hub for water adventure sports, camping, and experiencing local Khasi and Jaintia hospitality.","[""Boating on water so clear boats appear to float in air"",""Riverside camping under starry skies"",""Adventure activities like kayaking and zip-lining"",""Walking across the hanging suspension bridge""]",Village,"['Adventure', 'Nature', 'Photography', 'Water Sports']",9000,₹8k–₹12k,3,October – April,"['Autumn', 'Winter', 'Spring']",Easy,Quiet,https://images.unsplash.com/photo-1501785888041-af3ef285b470?auto=format&fit=crop&w=800&q=80,"['https://images.unsplash.com/photo-1501785888041-af3ef285b470?auto=format&fit=crop&w=800&q=80', 'https://images.unsplash.com/photo-1507525428034-b723cf961d3e?auto=format&fit=crop&w=800&q=80', 'https://images.unsplash.com/photo-1470071459604-3b5ec3a7fe05?auto=format&fit=crop&w=800&q=80']","['Go boating on the crystal-clear Umngot River', 'Camp overnight on the sandy riverbed', 'Try cliff jumping and scuba diving', 'Trek through the Jaintia hills and check out nearby falls']","['Floating boats on the transparent river', 'The suspension bridge spanning the Umngot River', 'Riverside camps at golden hour']","['Jadoh (traditional Khasi rice)', 'Dohneiiong (pork with black sesame)', 'Local bamboo shoot pickles']","['Riverside tea stalls', 'Shnongpdeng Adventure Cafe', 'Dawki Border View Restaurant']","['Dawki Border (8 km)', 'Mawlynnong Cleanest Village (30 km)', 'Krang Suri Falls (38 km)']",Shillong,25.212,92.0195
0e520e3a-d907-43dc-b1c9-8bb1995783b0,binsar,Binsar,Uttarakhand,Northern India,"Binsar: An untouched Himalayan paradise offering serene nature, rich spirituality, and breathtaking panoramic views of the Kumaon Himalayas.","Nestled in the Kumaon Himalayas of Uttarakhand, Binsar is a pristine village renowned for its Binsar Wildlife Sanctuary, a declared Important Bird Area. Historically, Binsar was the summer capital of the Chand Kings, who ruled Kumaon in the 7th to 8th centuries, and their legacy can still be felt in the ancient temples scattered across the region. Situated at an altitude of approximately 2,412 meters (7,913 ft), the region is characterized by dense oak, rhododendron, and deodar forests, offering an unparalleled escape into nature's tranquility.
The local culture is deeply rooted in Kumaoni traditions, with villagers living a simple, harmonious life amidst the majestic peaks. Binsar is an ideal destination for those seeking spiritual solace, raw natural beauty, and a glimpse into authentic Himalayan village life, far from the bustling crowds.","[""Binsar Wildlife Sanctuary: A haven for birdwatchers and nature enthusiasts, home to over 200 species of birds and diverse wildlife like leopards and barking deer amidst dense forests."",""Zero Point: Offering an awe-inspiring 360-degree panoramic view of prominent Himalayan peaks including Nanda Devi, Trishul, Shivling, Kedarnath, and Chaukhamba."",""Kasar Devi Temple: An ancient cave temple near Binsar, known for its strong geomagnetic field (believed to be part of the Van Allen Belt) and spiritual significance, attracting seekers and meditators."",""Jageshwar Dham: A revered cluster of over 100 ancient Shiva temples, representing remarkable Kumaoni architectural styles, approximately 35 km from Binsar."",""Binsar Sanctuary Museum: Provides insights into the local flora, fauna, and ecological importance of the sanctuary.""]",Village,"['Nature', 'Culture', 'Spiritual', 'Trekking', 'Bird Watching', 'Nature Walks', 'Photography']",8100,₹8k–₹12k,3,Summer – Spring,"['Summer', 'Spring']",Moderate,Quiet,https://upload.wikimedia.org/wikipedia/commons/8/83/Binsar_Mahadev_temple_old_structure.jpg,"['https://upload.wikimedia.org/wikipedia/commons/8/83/Binsar_Mahadev_temple_old_structure.jpg', 'https://images.unsplash.com/photo-1464822759023-fed622ff2c3b?auto=format&fit=crop&w=1800&q=80', 'https://images.unsplash.com/photo-1500382017468-9049fed747ef?auto=format&fit=crop&w=1800&q=80', 'https://images.unsplash.com/photo-1470071459604-3b5ec3a7fe05?auto=format&fit=crop&w=1800&q=80', 'https://images.unsplash.com/photo-1507525428034-b723cf961d3e?auto=format&fit=crop&w=1800&q=80']","['Embark on a birdwatching expedition within the Binsar Wildlife Sanctuary, spotting diverse avian species like Himalayan Monal and Koklass Pheasant.', 'Trek to Zero Point for breathtaking sunrise or sunset views over the majestic Himalayan range.', ""Go on guided nature walks through the dense oak, pine, and rhododendron forests, exploring the sanctuary's rich biodiversity."", 'Experience meditation or yoga sessions amidst the serene and spiritual ambiance of temples like Kasar Devi, embracing the peaceful surroundings.']","['Zero Point for a spectacular 360-degree panorama of the Himalayan range and its towering peaks.', 'The serene pathways and clearings within the Binsar Wildlife Sanctuary, particularly amidst ancient oak and deodar trees.', 'Kasar Devi Temple complex, capturing its unique stone architecture against the backdrop of the Kumaon hills and valleys.']","['Siddu', 'Pahadi Madra', 'Local Thali']","['Binsar Pahadi Rasoi Local Kitchen', 'Binsar Hilltop Cafe & Bistro']",[],Goa,29.70017,79.74976
0f5ef651-1bf2-4adb-af39-714104265792,pinjore-gardens,Pinjore Gardens,Haryana,Northern India,"Experience serenity amidst nature's splendor in Pinjore Gardens, a breathtaking Mughal-era retreat.","Nestled at the foothills of the Shivaliks in Haryana, Pinjore Gardens is a majestic haven that has been a royal retreat since the 17th century. This beautiful Mughal-era garden showcases the rich history and craftsmanship of the era, with its intricately designed walkways, fountains, and pavilions. Pinjore Gardens is a haven for nature lovers, trekkers, and photographers alike, offering breathtaking views of the surrounding mountains, serene water bodies, and an abundance of flora and fauna.","[""Indulge in tranquil strolls along the beautifully manicured lawns and picturesque trails that crisscross through the gardens."",""Visit the majestic pavilions, kiosks, and arches that reflect the rich architectural heritage of Mughal-era gardens."",""Explore the verdant surroundings teeming with over 100 species of birds, including pheasants, peafowl, and quails."",""Capture stunning photographs at the picturesque fountains, tranquil water bodies, and majestic Mughal-era structures."",""Immerse in the region's history and culture by exploring the intricately designed walls, gates, and walkways that adorn the gardens.""]",Mountain,"['Nature', 'Trekking', 'Bird Watching', 'Nature Walks', 'Photography']",8100,₹8k–₹12k,3,Summer – Spring,"['Summer', 'Spring']",Moderate,Quiet,https://upload.wikimedia.org/wikipedia/commons/c/ca/Pinjore_City_Chandigarh_India.JPG,"['https://upload.wikimedia.org/wikipedia/commons/c/ca/Pinjore_City_Chandigarh_India.JPG', 'https://images.unsplash.com/photo-1464822759023-fed622ff2c3b?auto=format&fit=crop&w=1800&q=80', 'https://images.unsplash.com/photo-1500382017468-9049fed747ef?auto=format&fit=crop&w=1800&q=80', 'https://images.unsplash.com/photo-1470071459604-3b5ec3a7fe05?auto=format&fit=crop&w=1800&q=80', 'https://images.unsplash.com/photo-1507525428034-b723cf961d3e?auto=format&fit=crop&w=1800&q=80']","['Take a leisurely nature walk along the winding paths of Pinjore Gardens, which are perfect for bird-watching and taking in the scenic views.', 'Try your hand at trekking up to the nearby Shivalik hills, offering panoramic views of the surrounding landscape.', 'Bring your binoculars for a delightful bird-watching excursion in the gardens, home to over 100 species of birds.', 'Relax by the tranquil water bodies within the gardens, perfect for a peaceful retreat from the hustle and bustle of city life.']","[""Snap breathtaking shots of the gardens' majestic fountains, surrounded by intricately designed pavilions and walkways."", 'Capture the serene atmosphere of the tranquil water bodies, reflecting the surrounding Mughal-era architecture.', 'Photograph the picturesque trails that crisscross the gardens, offering stunning views of the surrounding Shivalik hills.']","['Siddu', 'Pahadi Madra', 'Local Thali']","['Pinjore Gardens Pahadi Rasoi Local Kitchen', 'Pinjore Gardens Hilltop Cafe & Bistro']",[],Goa,30.79234,76.91175
10063b15-a564-4dec-9c82-86b2b5f02c3a,cabo-de-rama-fort,Cabo de Rama Fort,Goa,Western India,"Experience the historic grandeur and natural splendor of Cabo de Rama Fort, a 16th-century Portuguese stronghold in southern Goa.","Perched on a promontory overlooking the Arabian Sea, Cabo de Rama Fort is a testament to Goa's rich cultural heritage and its strategic importance in the region's history. The fort, named after the Hindu god Rama, was built by the Portuguese in 1617 and features a blend of Portuguese and Indian architectural styles. As you explore the fort, you'll discover ancient bastions, turrets, and a picturesque chapel, all set amidst a stunning landscape of rolling hills, forests, and breathtaking ocean views. Visitors can immerse themselves in the local culture by attending traditional festivals and events, sampling authentic Goan cuisine, and interacting with the friendly villagers who call Cabo de Rama home.","[""Explore the ancient fort walls and bastions, which offer breathtaking views of the Arabian Sea"",""Visit the stunning Chapel of Santo Antonio, a beautiful example of Portuguese architecture"",""Discover the nearby Agonda Beach, a secluded and picturesque stretch of coastline"",""Wander through the charming village of Cabo de Rama, with its quaint shops, cafes, and traditional homes"",""Attend the annual Festas de Cabo de Rama, a vibrant celebration of local music, dance, and culture""]",Village,"['Culture', 'Trekking', 'Bird Watching', 'Nature Walks', 'Photography']",8100,₹8k–₹12k,3,Winter – Spring,"['Winter', 'Spring']",Easy,Quiet,https://upload.wikimedia.org/wikipedia/commons/1/1e/Cabo_de_Rama_Entrance.jpg,"['https://upload.wikimedia.org/wikipedia/commons/1/1e/Cabo_de_Rama_Entrance.jpg', 'https://images.unsplash.com/photo-1464822759023-fed622ff2c3b?auto=format&fit=crop&w=1800&q=80', 'https://images.unsplash.com/photo-1500382017468-9049fed747ef?auto=format&fit=crop&w=1800&q=80', 'https://images.unsplash.com/photo-1470071459604-3b5ec3a7fe05?auto=format&fit=crop&w=1800&q=80', 'https://images.unsplash.com/photo-1507525428034-b723cf961d3e?auto=format&fit=crop&w=1800&q=80']","['Take a guided trek through the surrounding forests and hills, spotting exotic birds and wildlife', 'Go birdwatching in the nearby wetlands and forests, home to a wide variety of species', ""Practice yoga or meditation on the fort's scenic ramparts, with the ocean breeze and stunning views"", 'Try your hand at traditional Goan cooking, with a workshop or class in the village']","[""The fort's northern bastion, with its dramatic views of the ocean and surrounding landscape"", 'The Chapel of Santo Antonio, with its beautiful architecture and stunning stained-glass windows', 'The Cabo de Rama lighthouse, perched on a rocky outcrop with breathtaking views of the sea']","['Dal Baati Churma', 'Saurashtra Thali', 'Goan Fish Curry']","['Cabo de Rama Fort Kathiyawadi Local Dhaba', 'Cabo de Rama Fort Rajasthani Thali House']",[],Goa,15.08741,73.91993
101de552-d429-43c1-bbe9-c293f28cc95c,coringa-wildlife-sanctuary,Coringa Wildlife Sanctuary,Andhra Pradesh,Southern India,"Unravel the natural splendor of Andhra Pradesh in Coringa Wildlife Sanctuary, a serene haven teeming with diverse flora and fauna.","Located on the scenic banks of the Godavari River, Coringa Wildlife Sanctuary in Andhra Pradesh is an idyllic retreat for nature enthusiasts. Spanning over 235 square kilometers, this majestic protected area is home to an incredible array of wildlife, including the majestic spotted deer, sleek black buck, and vibrant resident bird species. The sanctuary is also known for its diverse flora, with a mix of deciduous and evergreen forests, making it a haven for nature walks, bird watching, and scenic photography opportunities. Visitors can embark on guided nature walks, trekking expeditions, or opt for a relaxing stay amidst the lush green surroundings, immersing themselves in the tranquility of the wilderness.","[""Kolleru Wildlife Sanctuary, another treasure located nearby, which offers opportunities for kayaking, boat cruises, and bird watching."",""The vibrant Mangrove forests within Coringa Wildlife Sanctuary, where one can witness the symbiotic relationship between the tidal waters and flora."",""Coringa Bird Sanctuary, a sub-area of Coringa Wildlife Sanctuary offering prime opportunities for bird watching and spotting over a hundred species."",""Spotting the majestic spotted deer in their natural habitat, a thrilling experience within the sanctuary's lush forests.""]",Mountain,"['Wildlife', 'Nature Walks', 'Photography', 'Local Sightseeing', 'Bird Watching']",8100,₹8k–₹12k,3,Winter – Spring,"['Winter', 'Spring']",Easy,Quiet,https://upload.wikimedia.org/wikipedia/commons/thumb/9/9e/Coringa_Wildlife_Sanctuary_1.jpg/3840px-Coringa_Wildlife_Sanctuary_1.jpg,"['https://upload.wikimedia.org/wikipedia/commons/thumb/9/9e/Coringa_Wildlife_Sanctuary_1.jpg/3840px-Coringa_Wildlife_Sanctuary_1.jpg', 'https://images.unsplash.com/photo-1464822759023-fed622ff2c3b?auto=format&fit=crop&w=1800&q=80', 'https://images.unsplash.com/photo-1500382017468-9049fed747ef?auto=format&fit=crop&w=1800&q=80', 'https://images.unsplash.com/photo-1470071459604-3b5ec3a7fe05?auto=format&fit=crop&w=1800&q=80', 'https://images.unsplash.com/photo-1507525428034-b723cf961d3e?auto=format&fit=crop&w=1800&q=80']","[""Embark on guided trekking expeditions through the sanctuary's winding trails, led by experienced local guides."", ""Participate in bird watching and ornithology activities amidst the sanctuary's diverse bird species and mangrove forests."", ""Capture the serene beauty of the sanctuary's mangrove forests, spotted deer, and resident bird species through photography and videography."", ""Explore the vibrant markets and local cuisine of the nearby villages, showcasing the warmth and hospitality of Andhra Pradesh's residents.""]","['Mangrove forests near the estuary, an excellent vantage point for capturing the serene beauty of tidal waters and mangrove forests.', 'Sunset over the Godavari River, reflecting the vibrant hues of the sky onto the water, creating a breathtaking canvas of colors.', 'Spotting the majestic spotted deer grazing within the forest, offering a thrilling and authentic wildlife photography experience.']","['Traditional Thali', 'Filter Coffee', 'Local Seafood']","['Coringa Wildlife Sanctuary Malgudi Filter Coffee & Tiffin', 'Coringa Wildlife Sanctuary Sree Local Mess']",[],Lonavala,16.83139,82.33667
10975d62-8196-4672-99c1-02aaf95e30a5,jirang-monastery,Jirang Monastery,Odisha,Eastern India,"Experience the serene blend of nature and spirituality at Jirang Monastery, a hidden gem in Odisha's picturesque landscape.","Nestled in the heart of Odisha, Jirang Monastery is a tranquil village that embodies the essence of spiritual harmony and natural beauty. This sacred site is home to a stunning monastery that showcases a unique blend of Tibetan and Indian architectural styles, surrounded by lush green forests and rolling hills. As you step into this serene haven, you'll be immersed in an atmosphere of peace and tranquility, perfect for meditation, reflection, and connecting with nature. The monastery's rich history and cultural significance make it an ideal destination for those seeking a heritage walk and a deeper understanding of Odisha's spiritual heritage.","[""Explore the magnificent Jirang Monastery, a prominent Tibetan Buddhist monastery in Odisha"",""Discover the stunning murals and intricate artwork that adorn the monastery's walls"",""Visit the nearby Dhauli Hill, a historic site that marks the battle of Kalinga and offers breathtaking views of the surrounding landscape"",""Wander through the picturesque villages and experience the local culture and traditions of Odisha"",""Attend a meditation or yoga session at the monastery, led by experienced practitioners""]",Village,"['Nature', 'Spiritual', 'Meditation', 'Temple Visit', 'Heritage Walk', 'Photography']",8100,₹8k–₹12k,3,Winter – Spring,"['Winter', 'Spring']",Easy,Quiet,https://upload.wikimedia.org/wikipedia/commons/thumb/2/27/Burang_County_Health_Service_Center.jpg/3840px-Burang_County_Health_Service_Center.jpg,"['https://upload.wikimedia.org/wikipedia/commons/thumb/2/27/Burang_County_Health_Service_Center.jpg/3840px-Burang_County_Health_Service_Center.jpg', 'https://images.unsplash.com/photo-1464822759023-fed622ff2c3b?auto=format&fit=crop&w=1800&q=80', 'https://images.unsplash.com/photo-1500382017468-9049fed747ef?auto=format&fit=crop&w=1800&q=80', 'https://images.unsplash.com/photo-1470071459604-3b5ec3a7fe05?auto=format&fit=crop&w=1800&q=80', 'https://images.unsplash.com/photo-1507525428034-b723cf961d3e?auto=format&fit=crop&w=1800&q=80']","['Take a guided tour of the monastery and learn about its history and significance', 'Go on a trek through the nearby forests and hills, offering scenic views and opportunities for birdwatching', 'Participate in a traditional Odia cooking class and sample local delicacies', 'Engage in a mindfulness or meditation workshop, tailored to your interests and needs']","[""The monastery's main prayer hall, with its vibrant colors and stunning artwork"", 'The scenic viewpoint at Dhauli Hill, offering panoramic views of the surrounding landscape', 'The tranquil monastery gardens, filled with lush greenery and colorful flowers']","['Local Traditional Thali', 'Spicy Curry']","['Jirang Monastery Bengali Spice Junction', 'Jirang Monastery Maa Durga Local Hotel']",[],Manali,19.2725871,84.2625481
10ecb1e8-955b-4519-891a-261ba6ee9b4d,bhitarkanika-mangroves,Bhitarkanika Mangroves,Odisha,Eastern India,India's spectacular second-largest mangrove sanctuary and crocodile haven.,"Bhitarkanika Mangroves, located in the Kendrapara district of Odisha, forms India's second-largest mangrove ecosystem. Designated as a Ramsar site, this sanctuary is fed by the Brahmani, Baitarani, and Dhamra rivers. It is internationally famous for its massive population of saltwater crocodiles, nesting olive ridley sea turtles at Gahirmatha beach, and thousands of migratory birds that flock to its heronries.","[""Massive saltwater crocodiles visible along the riverbanks"",""Gahirmatha Marine Sanctuary, the world's largest nesting site for Olive Ridley turtles"",""Incredible biodiversity with over 70 species of mangroves"",""The ancient Bhitarkanika Temple ruins inside the forest""]",Mountain,"['Wildlife', 'Nature', 'Adventure']",8100,₹8k–₹12k,3,October to February,"['Winter', 'Spring']",Easy,Quiet,https://upload.wikimedia.org/wikipedia/commons/thumb/2/21/Mangroveforest5.jpg/3840px-Mangroveforest5.jpg,"['https://upload.wikimedia.org/wikipedia/commons/thumb/2/21/Mangroveforest5.jpg/3840px-Mangroveforest5.jpg', 'https://images.unsplash.com/photo-1464822759023-fed622ff2c3b?auto=format&fit=crop&w=1800&q=80', 'https://images.unsplash.com/photo-1500382017468-9049fed747ef?auto=format&fit=crop&w=1800&q=80', 'https://images.unsplash.com/photo-1470071459604-3b5ec3a7fe05?auto=format&fit=crop&w=1800&q=80', 'https://images.unsplash.com/photo-1507525428034-b723cf961d3e?auto=format&fit=crop&w=1800&q=80']","['Wildlife boat safaris through winding mangrove creeks', 'Bird watching at the Bagagahana nesting site', 'Exploring the forest trekking trails and viewing towers', 'Visiting the crocodile breeding and research center']","['Sunbathing giant crocodiles on muddy riverbanks', 'Flocks of migratory birds at Bagagahana heronry', 'Mangrove canopy tunnels from the boat safari']","['Local Traditional Thali', 'Spicy Curry']","['Bhitarkanika Mangroves Bengali Spice Junction', 'Bhitarkanika Mangroves Maa Durga Local Hotel']",[],Manali,20.7226,86.8682
114c2c00-154e-4739-8d41-fcea43c7e9a4,alampur-temples,Alampur Temples,Telangana,Southern India,Experience ancient temples and mystique in the heart of rural Telangana.,"Situated in the Peddawadi gram panchayat of Mahabubnagar district in Telangana, Alampur Temples, a village nestled on the banks of Tungabhadra River, is a treasure trove of rich cultural heritage and architectural brilliance. This sacred site is famous for the intricate rock cut temples of 7th-century Pallava style and is considered one of the 18 Shakti peethas in India, a pilgrimage site for devotees seeking spiritual enlightenment. As one explores the village, the soothing sounds of the river flow, amidst lush green surroundings, provide a serene and meditative atmosphere, making Alampur an ideal destination for those seeking a unique blend of spirituality, nature, and history.","[""Explore the ancient and mysterious Kalyana Chakravaali and the majestic Shikhara style temple, Papanatha Swamy temple"",""Admire the unique architecture featuring intricately carved stone pillars and sculptures, a testament to ancient Indian craftsmanship"",""Experience the mystique of Navabrahma stambha, a 20-foot-tall monolithic sculpture with four Brahma idols on top"",""Attend the annual Alampur Maheshmohan Utsav, a grand festival celebrated over five days in honor of Lord Shiva and Goddess Parvati""]",Village,"['Spiritual', 'Meditation', 'Temple Visit', 'Heritage Walk', 'Photography']",8100,₹8k–₹12k,3,Winter – Spring,"['Winter', 'Spring']",Easy,Quiet,https://upload.wikimedia.org/wikipedia/commons/8/88/Jogulamba_temple_gopuram_alampur.JPG,"['https://upload.wikimedia.org/wikipedia/commons/8/88/Jogulamba_temple_gopuram_alampur.JPG', 'https://images.unsplash.com/photo-1464822759023-fed622ff2c3b?auto=format&fit=crop&w=1800&q=80', 'https://images.unsplash.com/photo-1500382017468-9049fed747ef?auto=format&fit=crop&w=1800&q=80', 'https://images.unsplash.com/photo-1470071459604-3b5ec3a7fe05?auto=format&fit=crop&w=1800&q=80', 'https://images.unsplash.com/photo-1507525428034-b723cf961d3e?auto=format&fit=crop&w=1800&q=80']","['Take a serene boat ride on the Tungabhadra River, witnessing the sun rise and set amidst the temple complex', 'Embark on a guided heritage walk through the village, immersing yourself in the rich history and cultural practices of the local community', ""Visit the Alampur Archaeological Museum to discover artifacts and relics that tell the tale of the region's ancient civilization"", 'Participate in a yoga or meditation session in a tranquil setting, rejuvenating both body and mind']","['Capture the majestic Papanatha Swamy temple at sunrise, when the golden light dances across its towering spires', 'Photograph the intricate carvings on the temple pillars and walls, a testament to ancient artistry and craftsmanship', 'Snap the breathtaking views of the Tungabhadra River and its tranquil surroundings from a secluded picnic spot']","['Traditional Thali', 'Filter Coffee', 'Local Seafood']","['Alampur Temples Malgudi Filter Coffee & Tiffin', 'Alampur Temples Sree Local Mess']",[],Lonavala,15.877,78.132
11e969a9-a737-4c1a-8eb5-34b6f04fabbd,mullayanagiri,Mullayanagiri,Karnataka,Southern India,"Scale towering hills, trek through lush forests, and unravel the charm of Mullayanagiri, the highest peak in Karnataka.","Perched at an altitude of approximately 1,930 meters, Mullayanagiri beckons nature enthusiasts and adventure seekers to explore its breathtaking landscapes. This mountainous wonder is part of the Western Ghats mountain range and offers an unparalleled trekking experience through verdant forests featuring an array of flora and fauna. Upon reaching the summit, visitors are greeted with panoramic views of the valley below, invigorating the senses and recharging the spirit. Whether you're an avid photographer, a nature walker, or a bird enthusiast, Mullayanagiri has something in store for everyone.","[""Reach the summit of Mullayanagiri to behold a mesmerizing sunset casting a golden glow across the valley."",""Embark on a guided trek through the lush forests featuring diverse plant species, including the majestic Western Ghats' flora."",""Capture the perfect shot of the majestic sunset, the rolling hills, and the serene forests, as photography opportunities abounds."",""Glimpse the majestic Malabar Parakeet and other avian species as you trek through the forests, making Mullayanagiri a heaven for bird watchers.""]",Mountain,"['Nature', 'Nature Walks', 'Photography', 'Local Sightseeing', 'Bird Watching']",8100,₹8k–₹12k,3,Winter – Spring,"['Winter', 'Spring']",Easy,Quiet,https://images.unsplash.com/photo-1506461883276-594a12b11db3?q=80&w=1000&auto=format&fit=crop,"['https://images.unsplash.com/photo-1506461883276-594a12b11db3?q=80&w=1000&auto=format&fit=crop', 'https://images.unsplash.com/photo-1464822759023-fed622ff2c3b?auto=format&fit=crop&w=1800&q=80', 'https://images.unsplash.com/photo-1500382017468-9049fed747ef?auto=format&fit=crop&w=1800&q=80', 'https://images.unsplash.com/photo-1470071459604-3b5ec3a7fe05?auto=format&fit=crop&w=1800&q=80', 'https://images.unsplash.com/photo-1507525428034-b723cf961d3e?auto=format&fit=crop&w=1800&q=80']","['Trek to the majestic Kumbhargaon peak, offering awe-inspiring views of the valley below and the surrounding hills.', 'Explore the ancient caves within the Mullayangiri Hills, featuring ancient rock formations and mysterious passageways.', 'Visit the picturesque Belavadi Temple, dating back to the 14th century, to learn about the rich history and architectural marvels of the region.', 'Take a leisurely stroll around the serene Shree Maruthi Baba Temple, offering a tranquil atmosphere and breathtaking views of the surrounding hills.']","['The summit of Mullayanagiri to capture the breathtaking sunset view and the landscape below.', 'The trekking trail to Kumbhargaon, featuring rolling hills, lush forests, and stunning vistas.', 'The ancient caves, showcasing unique rock formations and dramatic lighting for an unforgettable photography experience.']","['Traditional Thali', 'Filter Coffee', 'Local Seafood']","['Mullayanagiri Malgudi Filter Coffee & Tiffin', 'Mullayanagiri Sree Local Mess']",[],Lonavala,13.39092,75.7214
12d83f15-260f-4e6a-ba59-d61224456478,yuksom,Yuksom,Sikkim,Northeastern India,"Embark on a trekker's paradise, where pristine Himalayan trails unfold amidst lush green forests and towering peaks.","Yuksom, a quaint hamlet in the Sikkim Himalayas, is a popular trekking hub that offers breathtaking views of the surrounding mountains, valleys, and rivers. This picturesque town is situated in the West Sikkim district, surrounded by towering peaks of the Himalayan range, which include the iconic Kanchenjunga, the third-highest peak in the world. With its rich cultural heritage and diverse flora and fauna, Yuksom has become a must-visit destination for adventure seekers and nature lovers alike.","[""The stunning Kanchenjunga National Park, a UNESCO World Heritage Site, offers trekking routes that take you through lush forests, alpine meadows, and snow-capped peaks."",""The Tashiding Monastery, a sacred shrine of the Nyingma sect of Tibetan Buddhism, is a must-visit for its breathtaking views of the surrounding mountains and valleys."",""The trek to Dzongri, a base camp for the Kanchenjunga trek, offers panoramic views of the surrounding peaks, valleys, and rivers."",""The trek to Samiti Lake, a glacial lake located at an altitude of 15,500 feet, is a thrilling adventure for trekking enthusiasts."",""The local Rhododendron garden, home to over 50 species of Rhododendrons, is a beautiful sight to behold during the blooming season.""]",Trek,"['Nature', 'Adventure', 'Trekking', 'Camping', 'Rock Climbing', 'Bird Watching']",8100,₹8k–₹12k,3,Summer – Spring,"['Summer', 'Spring']",Moderate,Quiet,https://upload.wikimedia.org/wikipedia/commons/e/e4/Yuksom_Village.jpg,"['https://upload.wikimedia.org/wikipedia/commons/e/e4/Yuksom_Village.jpg', 'https://images.unsplash.com/photo-1464822759023-fed622ff2c3b?auto=format&fit=crop&w=1800&q=80', 'https://images.unsplash.com/photo-1500382017468-9049fed747ef?auto=format&fit=crop&w=1800&q=80', 'https://images.unsplash.com/photo-1470071459604-3b5ec3a7fe05?auto=format&fit=crop&w=1800&q=80', 'https://images.unsplash.com/photo-1507525428034-b723cf961d3e?auto=format&fit=crop&w=1800&q=80']","['Trek to the base camp of Mount Kanchenjunga, the third-highest peak in the world.', 'Visit the Yuksom Market to experience the local culture and buy traditional handicrafts and souvenirs.', 'Take a horse-riding tour through the picturesque villages and valleys surrounding Yuksom.', 'Bird watch at the local bird sanctuary, which is home to over 50 species of birds, including the rare Blood Pheasant.']","['The Kanchenjunga base camp, which offers breathtaking views of the surrounding mountains and valleys.', 'The Tashiding Monastery, which offers panoramic views of the surrounding mountains and valleys.', 'The Dzongri viewpoint, which offers stunning views of the Kanchenjunga range and the surrounding valleys.']","['Smoked Pork with Bamboo Shoot', 'Local Rice Cake', 'Assamese Thali']","['Yuksom Local Tribal Kitchen', 'Yuksom The Bamboo Shoot Restaurant']",[],Darjeeling,27.36924,88.21848
147a428d-9b87-4ecd-9df9-6b2b3dff564c,peora,Peora,Uttarakhand,Northern India,A peaceful fruit bowl of Uttarakhand nestled in the Kumaon hills.,"Peora is a tiny Kumaon hamlet situated in the Nainital district of Uttarakhand. Perched at an altitude of 6,600 feet, this offbeat paradise is blanketed in thick forests of pine, oak, and sal trees, and surrounded by sprawling orchards of apples, plums, and peaches. Peora offers a slow-paced, serene escape far from popular commercial hill stations, complete with traditional tiled-roof wooden houses and friendly local communities.","[""Panoramic views of snow-clad Himalayan peaks like Trishul and Nanda Devi"",""Lush orchards of apples, plums, apricots, and peaches"",""Traditional Kumaoni rustic wooden houses and heritage architecture"",""Secluded forest walking trails through dense pine and oak woods""]",Mountain,"['Nature', 'Photography', 'Peaceful Retreat']",8100,₹8k–₹12k,3,October to March (for snow views) & April to June (for fruit season),"['Summer', 'Spring']",Moderate,Quiet,https://upload.wikimedia.org/wikipedia/commons/thumb/f/f0/Chauli_Ki_Jali%2C_Mukteshwar.jpg/3840px-Chauli_Ki_Jali%2C_Mukteshwar.jpg,"['https://upload.wikimedia.org/wikipedia/commons/thumb/f/f0/Chauli_Ki_Jali%2C_Mukteshwar.jpg/3840px-Chauli_Ki_Jali%2C_Mukteshwar.jpg', 'https://images.unsplash.com/photo-1464822759023-fed622ff2c3b?auto=format&fit=crop&w=1800&q=80', 'https://images.unsplash.com/photo-1500382017468-9049fed747ef?auto=format&fit=crop&w=1800&q=80', 'https://images.unsplash.com/photo-1470071459604-3b5ec3a7fe05?auto=format&fit=crop&w=1800&q=80', 'https://images.unsplash.com/photo-1507525428034-b723cf961d3e?auto=format&fit=crop&w=1800&q=80']","['Forest hiking and bird watching in the Kumaon hills', 'Orchard tours and local fruit tasting', 'Stargazing and night photography under clear pollution-free skies', 'Interacting with Kumaoni locals and experiencing rural life']","['Nanda Devi viewing point at sunrise', 'Traditional wooden tiled-roof houses', 'Apple and peach orchard trails']","['Siddu', 'Pahadi Madra', 'Local Thali']","['Peora Pahadi Rasoi Local Kitchen', 'Peora Hilltop Cafe & Bistro']",[],Manali,29.5312,79.6247
148d36d2-cf1b-430e-be54-dacb39def6f1,kurseong,Kurseong,West Bengal,Eastern India,"Experience the untamed beauty of the Himalayas in Kurseong, a picturesque hill station in West Bengal","Kurseong, situated in the Darjeeling district of West Bengal, is a charming hill station that offers a unique blend of natural beauty, adventure, and cultural heritage. With its stunning vistas of the Himalayas, lush forests, and rolling tea gardens, Kurseong is an ideal destination for trekking enthusiasts, nature lovers, and those seeking a tranquil retreat from the hustle and bustle of city life. The town has a rich history, having been a popular summer resort during the British colonial era, and its cultural landscape is influenced by the diverse communities that inhabit the region, including the Lepchas, Nepalis, and Bengalis. Visitors can explore the town's many attractions, including its historic churches, museums, and markets, and enjoy a range of outdoor activities, such as trekking, rock climbing, and bird watching.","[""Eagle's Crag, a scenic viewpoint that offers breathtaking views of the Teesta River and the surrounding Himalayan landscape"",""The Dow Hill Park, a beautiful forested area with walking trails, gardens, and a charming miniature railway station"",""The Kurseong Museum, which showcases the town's history, culture, and natural heritage through a collection of artifacts, photographs, and exhibits"",""The Castleton Tea Estate, one of the oldest and most renowned tea gardens in the region, where visitors can learn about the tea-making process and enjoy a cup of freshly brewed tea""]",Trek,"['Nature', 'Adventure', 'Trekking', 'Camping', 'Rock Climbing', 'Bird Watching']",8100,₹8k–₹12k,3,Winter – Spring,"['Winter', 'Spring']",Easy,Quiet,https://upload.wikimedia.org/wikipedia/commons/thumb/4/42/Kurseong_panorama_by_Mayukh_Ghose.jpg/3840px-Kurseong_panorama_by_Mayukh_Ghose.jpg,"['https://upload.wikimedia.org/wikipedia/commons/thumb/4/42/Kurseong_panorama_by_Mayukh_Ghose.jpg/3840px-Kurseong_panorama_by_Mayukh_Ghose.jpg', 'https://images.unsplash.com/photo-1464822759023-fed622ff2c3b?auto=format&fit=crop&w=1800&q=80', 'https://images.unsplash.com/photo-1500382017468-9049fed747ef?auto=format&fit=crop&w=1800&q=80', 'https://images.unsplash.com/photo-1470071459604-3b5ec3a7fe05?auto=format&fit=crop&w=1800&q=80', 'https://images.unsplash.com/photo-1507525428034-b723cf961d3e?auto=format&fit=crop&w=1800&q=80']","['Trek to the nearby villages of Chimney and Mahanadi, which offer stunning views of the Himalayas and a glimpse into rural life', 'Take a ride on the Darjeeling Himalayan Railway, a UNESCO World Heritage Site that passes through Kurseong and offers breathtaking views of the surrounding landscape', 'Go bird watching in the forests of Dow Hill and Senchal, which are home to a wide range of species, including the rare and endangered Himalayan monal', 'Try rock climbing at the nearby crags, which offer challenging routes for experienced climbers and stunning views of the surrounding landscape']","['The viewpoint at Bhangzang Salamander Lake, which offers stunning views of the surrounding hills and valleys', 'The scenic overlook at Dilaram, which provides breathtaking views of the Teesta River and the Himalayas', ""The historic St. Paul's Church, which features stunning architecture and beautiful gardens""]","['Local Traditional Thali', 'Spicy Curry']","['Kurseong Bengali Spice Junction', 'Kurseong Maa Durga Local Hotel']",[],Darjeeling,26.88183,88.27836
14dc2277-454a-47af-9f03-b50e6918202f,kakching-garden,Kakching Garden,Manipur,Northeastern India,Immerse in the unspoiled natural beauty of Manipur's lush green forests and rugged hills at the Kakching Garden.,"Nestled amidst the rolling hills and dense forests of Manipur, the Kakching Garden is a serene trekking paradise. Located within a 30-acre forest area, this picturesque haven beckons nature enthusiasts, adventure-seekers, and birdwatchers alike to explore its unspoiled beauty. The garden boasts an impressive collection of indigenous trees, plants, and wildflowers, making it a haven for botanists, bird enthusiasts, and wildlife photographers.","[""Witness the breathtaking sunrise and sunset over the rugged hills from the Kakching Bazaar Viewpoint, which offers panoramic views of the adjacent villages."",""Explore the tranquil waters of the Khuga Lake, a serene getaway for boating and water adventures."",""Embark on the challenging Kakching Rock Climbing Route, which promises a once-in-a-lifetime experience for adrenaline junkies."",""Get up close and personal with the state bird of Manipur, the Manipur Bush Quail, and other rare bird species found only in this region."",""Take a leisurely stroll through the lush forest, home to a variety of flora and fauna that will leave you enchanted and inspired.""]",Trek,"['Nature', 'Adventure', 'Trekking', 'Camping', 'Rock Climbing', 'Bird Watching']",8100,₹8k–₹12k,3,Summer – Spring,"['Summer', 'Spring']",Moderate,Quiet,https://images.unsplash.com/photo-1506461883276-594a12b11db3?q=80&w=1000&auto=format&fit=crop,"['https://images.unsplash.com/photo-1506461883276-594a12b11db3?q=80&w=1000&auto=format&fit=crop', 'https://images.unsplash.com/photo-1464822759023-fed622ff2c3b?auto=format&fit=crop&w=1800&q=80', 'https://images.unsplash.com/photo-1500382017468-9049fed747ef?auto=format&fit=crop&w=1800&q=80', 'https://images.unsplash.com/photo-1470071459604-3b5ec3a7fe05?auto=format&fit=crop&w=1800&q=80', 'https://images.unsplash.com/photo-1507525428034-b723cf961d3e?auto=format&fit=crop&w=1800&q=80']","['Trek through the 4-hour Kakching Nature Trail, a moderately difficult path that takes you through the heart of the lush forest.', 'Go birdwatching with guided tours by local experts who will help you spot some of the rarest bird species found only in this region.', 'Participate in a traditional Shumang Leela performance, a form of street theater that showcases the artistic and cultural heritage of Manipur.', 'Learn traditional fishing techniques from local fishermen and get a unique glimpse into the lives of the people living in harmony with nature.', 'Camp under the starry night sky, lulled by the soothing sounds of nature and surrounded by the tranquility of the forest.']","['Capture the grandeur of the Khuga Lake Waterfall, which cascades down the rugged hills into the serene waters below.', 'Snap panoramic views of the adjacent villages from atop the Kakching Bazaar Viewpoint.', 'Position your camera to capture the vibrant colors of the wildflowers and indigenous trees that dot the landscape of the Kakching Garden.']","['Smoked Pork with Bamboo Shoot', 'Local Rice Cake', 'Assamese Thali']","['Kakching Garden Local Tribal Kitchen', 'Kakching Garden The Bamboo Shoot Restaurant']",[],Shillong,24.48,93.98
15296b31-1d42-48c8-b91c-b2c806b56c11,sanchi-stupa,Sanchi Stupa,Madhya Pradesh,Central India,Discover the ancient history and serenity of the Buddha's sacred site in the rolling hills of Madhya Pradesh,"Nestled in the heart of Madhya Pradesh, Sanchi Stupa is a UNESCO World Heritage Site and one of Buddhism's most sacred monuments. This 3rd-century BCE stupa is perched on a hill overlooking the surrounding countryside, offering breathtaking views and an aura of spirituality. As one of the most well-preserved Buddhist sites in the world, Sanchi Stupa showcases the intricate carvings, stunning architecture, and history of the ancient Sanchi city. Visitors can trek to the stupa, exploring the scenic trails that wind through lush forests and villages, taking in the natural beauty of the region and immersing themselves in the sacred energy of this revered site.","[""The South Gate, a stunning example of ancient Buddhist architecture and one of the finest entrances to a stupa in the world"",""The Great Stupa itself, a marvel of ancient engineering and a testament to the region's rich cultural heritage"",""The various sculptures and carvings that adorn the stupas and temples, depicting intricate scenes from Buddhist mythology"",""The tranquil surroundings, perfect for meditation and spiritual reflection"",""The stunning vistas from the summit, offering a panoramic view of the surrounding landscape""]",Trek,"['Nature', 'Adventure', 'Trekking', 'Camping', 'Rock Climbing', 'Bird Watching']",8100,₹8k–₹12k,3,Winter – Spring,"['Winter', 'Spring']",Easy,Quiet,https://upload.wikimedia.org/wikipedia/commons/1/12/East_Gateway_-_Stupa_1_-_Sanchi_Hill_2013-02-21_4398.JPG,"['https://upload.wikimedia.org/wikipedia/commons/1/12/East_Gateway_-_Stupa_1_-_Sanchi_Hill_2013-02-21_4398.JPG', 'https://images.unsplash.com/photo-1464822759023-fed622ff2c3b?auto=format&fit=crop&w=1800&q=80', 'https://images.unsplash.com/photo-1500382017468-9049fed747ef?auto=format&fit=crop&w=1800&q=80', 'https://images.unsplash.com/photo-1470071459604-3b5ec3a7fe05?auto=format&fit=crop&w=1800&q=80', 'https://images.unsplash.com/photo-1507525428034-b723cf961d3e?auto=format&fit=crop&w=1800&q=80']","['Trek to the top of Sanchi Stupa for breathtaking views of the surrounding countryside', 'Explore the Archaeological Museum to learn about the history and significance of the site', 'Visit the various temples and stupas, including the Southern Gate and the Chandra Prasad', ""Take a guided tour of the site to gain insights into the region's rich cultural heritage""]","['The base of the Great Stupa, offering stunning views of the stupa and the surrounding landscape', 'The summit of the stupa, where visitors can capture breathtaking panoramic views of the surrounding countryside', 'The tranquil surroundings of the stupa, perfect for capturing serene and reflective moments']","['Local Traditional Thali', 'Spicy Curry']","['Sanchi Stupa Bundelkhandi Kitchen', 'Sanchi Stupa Malwa Food Court']",[],Lonavala,23.47922,77.73968
16344af1-5fe6-4e30-b302-3447dcc6fdef,kadmat-island,Kadmat Island,Lakshadweep,Southern India,A long narrow island with rich coral reefs.,"Kadmat Island is a long, narrow coral island in Lakshadweep, spanning only 150 meters in width at some points. Famous for its shallow lagoons on the west, rich coral reefs on the east, and pristine white sand beaches, it is a major marine turtle nesting ground and water sports hub.","[""Dive in rich coral reefs with excellent visibility"",""Kayak and windsurf in the calm western lagoon"",""See nesting sea turtles along the quiet beaches"",""Experience peaceful beachside eco-resorts""]",Island,"['Beach', 'Nature', 'Water Sports', 'Peaceful Retreat']",14000,Above ₹15k,4,October – May,"['Autumn', 'Winter', 'Spring', 'Summer']",Easy,Quiet,https://images.unsplash.com/photo-1507525428034-b723cf961d3e?auto=format&fit=crop&w=800&q=80,"['https://images.unsplash.com/photo-1507525428034-b723cf961d3e?auto=format&fit=crop&w=800&q=80', 'https://images.unsplash.com/photo-1470071459604-3b5ec3a7fe05?auto=format&fit=crop&w=800&q=80']","['Scuba dive at Kadmat Scuba Center', 'Try windsurfing and water skiing', 'Take a night turtle watch beach walk', 'Sunbathe on the narrow southern tip beach']","['Narrow sandy spit at the southern tip', 'Coral gardens seen from glass-bottom boat', 'Sunset over the western lagoon']","['Spicy grilled fish', 'Coconut rich local curries', 'Fresh fruit juices']","['Kadmat Eco Resort Restaurant', 'Local market tea shops', 'Agatti Airport canteen']","['Amini Island (5 km)', 'Agatti Island (45 km)', 'Bangaram (40 km)']",Agatti Island,11.2333,72.7833
16c703e3-89d9-4fb9-ba5c-423ea108feca,yana-rocks,Yana Rocks,Karnataka,Southern India,"Experience the majestic limestone peaks of Yana Rocks, a hidden gem in Karnataka's Sahyadri mountain range.","Yana Rocks, nestled in the Sahyadri mountain range of Karnataka, is a breathtaking destination known for its unique limestone formations and lush green forests. The site is home to two massive monolithic rocks, Bhairaveshwara and Mohiniyattam, which are not only a marvel of nature but also hold significant spiritual and cultural importance. As visitors wander through the forests surrounding Yana, they can immerse themselves in the serene beauty of nature, observe the rich biodiversity of the region, and catch glimpses of the local wildlife, making it an ideal spot for those who seek to connect with nature and experience the authentic charm of rural Karnataka.","[""Explore the sacred caves and unique rock formations that have been shaped over millions of years."",""Visit the Bhairaveshwara Temple, dedicated to Lord Shiva, situated at the base of the Bhairaveshwara rock."",""Discover the diverse flora and fauna of the Western Ghats, one of the eight hottest hotspots of biodiversity in the world."",""Witness the enchanting beauty of the surrounding forests, teeming with birdlife and offering ample opportunities for bird watching.""]",Mountain,"['Wildlife', 'Nature Walks', 'Photography', 'Local Sightseeing', 'Bird Watching']",8100,₹8k–₹12k,3,Winter – Spring,"['Winter', 'Spring']",Easy,Quiet,https://upload.wikimedia.org/wikipedia/commons/f/fc/Yana_Rocks.jpg,"['https://upload.wikimedia.org/wikipedia/commons/f/fc/Yana_Rocks.jpg', 'https://images.unsplash.com/photo-1464822759023-fed622ff2c3b?auto=format&fit=crop&w=1800&q=80', 'https://images.unsplash.com/photo-1500382017468-9049fed747ef?auto=format&fit=crop&w=1800&q=80', 'https://images.unsplash.com/photo-1470071459604-3b5ec3a7fe05?auto=format&fit=crop&w=1800&q=80', 'https://images.unsplash.com/photo-1507525428034-b723cf961d3e?auto=format&fit=crop&w=1800&q=80']","['Embark on a nature walk through the dense forests to spot exotic birds and animals.', 'Engage in photography to capture the mesmerizing landscapes and unique rock formations.', 'Trek to the nearby Vibhuti Falls, a picturesque waterfall that cascades down a rocky slope.', 'Participate in rock climbing and rappelling activities for an adrenaline-packed experience.']","['The viewpoint near the Bhairaveshwara rock, offering a panoramic vista of the surrounding landscape.', 'The Mohiniyattam rock, with its unique shape and majestic presence, making for a compelling subject for photography.', 'The forest trail leading to the Vibhuti Falls, lined with lush green vegetation and colorful wildflowers.']","['Traditional Thali', 'Filter Coffee', 'Local Seafood']","['Yana Rocks Malgudi Filter Coffee & Tiffin', 'Yana Rocks Sree Local Mess']",[],Lonavala,14.5897,74.56625
16cc609c-54e2-4aa1-829f-f7b911de03e8,lachung,Lachung,Sikkim,Northeastern India,Nature's Paradise at the Confluence of Lachung Chu and Lachen Chu Rivers,"Tucked away in the North Sikkim Himalayas, Lachung is a picturesque town in the Indian state of Sikkim. Known for its unspoiled natural beauty, Lachung is a trekker's haven nestled in the heart of the Eastern Himalayas. The area is home to lush green valleys, snow-capped mountains, and serene rivers, including Lachung Chu and Lachen Chu. This charming town is an ideal destination for nature lovers and adventure enthusiasts. Lachung has a rich cultural heritage, and its people retain traditional values and hospitality.","[""Yumthang Valley: A pristine high-altitude valley with a scenic Hot Spring and breathtaking views of the snow-capped mountains."",""Lachung Monastery: A beautiful Buddhist monastery located on the hilltop, offering panoramic views of the valley and a glimpse into the local culture."",""Singbhum Glacier: A short trek up to the glacial zone for a thrilling experience and breathtaking views of the glacier and surrounding peaks."",""Bhim Nala Waterfall: A spectacular waterfall cascading down from the high altitude and offering a serene retreat for nature lovers.""]",Trek,"['Nature', 'Adventure', 'Trekking', 'Camping', 'Rock Climbing', 'Bird Watching']",8100,₹8k–₹12k,3,Summer – Spring,"['Summer', 'Spring']",Moderate,Quiet,https://upload.wikimedia.org/wikipedia/commons/thumb/f/f4/Lachung_Town.jpg/3840px-Lachung_Town.jpg,"['https://upload.wikimedia.org/wikipedia/commons/thumb/f/f4/Lachung_Town.jpg/3840px-Lachung_Town.jpg', 'https://images.unsplash.com/photo-1464822759023-fed622ff2c3b?auto=format&fit=crop&w=1800&q=80', 'https://images.unsplash.com/photo-1500382017468-9049fed747ef?auto=format&fit=crop&w=1800&q=80', 'https://images.unsplash.com/photo-1470071459604-3b5ec3a7fe05?auto=format&fit=crop&w=1800&q=80', 'https://images.unsplash.com/photo-1507525428034-b723cf961d3e?auto=format&fit=crop&w=1800&q=80']","['Trek to Chopta Valley: A moderately challenging trek offering breathtaking views of the surrounding mountains, snow-capped peaks, and the picturesque valley.', 'Camping in Lachung Chu Valley: Experience the thrill of camping in the wilderness and wake up to the sound of river Chu flowing through the valley.', 'Rock Climbing in the Singbhum Region: Challenge yourself with rock climbing routes amidst the breathtaking scenery of the Eastern Himalayas.', 'Wildlife and Bird Watching: Spot exotic species of birds, such as the White-bellied Heron, and other wildlife like the Himalayan Black Bear.']","['Lachung Town Viewpoint: Capture the stunning views of the Lachung town and the surrounding mountains from this scenic viewpoint.', 'Lachung Chu Riverbank: Photograph the serene river flow and the picturesque valley with the snow-capped mountains in the backdrop.', 'Gurudongmar Lake Viewpoint: Take in the breathtaking views of the glacial Gurudongmar Lake and the surrounding mountains from this viewpoint.']","['Smoked Pork with Bamboo Shoot', 'Local Rice Cake', 'Assamese Thali']","['Lachung Local Tribal Kitchen', 'Lachung The Bamboo Shoot Restaurant']",[],Darjeeling,27.68971,88.74259
1721218f-ccf9-4265-b975-6183985dbbf8,jakrem,Jakrem,Meghalaya,Northeastern India,Natural hot sulfur springs nestled in a pine-clad river valley.,"Jakrem is a serene destination in the South West Khasi Hills, widely known for its hot sulfur springs, which are believed to possess healing and medicinal properties. Nestled in a valley of pine forests and rocks, it features private bathhouses built around the springs, right beside a rushing hill river.","[""Soak in the therapeutic hot sulfur spring baths"",""Relax in the quiet pine forest river valley"",""Walk along the scenic rocky riverbeds"",""Visit the traditional Mawkyrwat monoliths nearby""]",Valley,"['Nature', 'Peaceful Retreat', 'Spirituality']",6800,Under ₹8k,2,September – April,"['Autumn', 'Winter', 'Spring']",Easy,Quiet,https://images.unsplash.com/photo-1448375240586-882707db888b?auto=format&fit=crop&w=800&q=80,"['https://images.unsplash.com/photo-1448375240586-882707db888b?auto=format&fit=crop&w=800&q=80', 'https://images.unsplash.com/photo-1470071459604-3b5ec3a7fe05?auto=format&fit=crop&w=800&q=80']","['Take a hot sulfur water bath at the spring house', 'Trek along the riverbed next to the pine forest', 'Visit the historic Mawkyrwat monoliths (18 km away)', 'Sip local hot tea by the river']","['Steam rising from the natural sulfur springs', 'Rushing river framed by pine trees', 'Ancient Khasi megaliths near Mawkyrwat']","['Khasi red rice and roasted fish', 'Smoked pork dishes', 'Local millet cakes']","['Jakrem Bathhouse Cafe', 'Mawkyrwat market tea houses']","['Mawkyrwat (18 km)', 'Mawsynram (45 km)', 'Shillong (64 km)']",Manikaran Hot Springs,25.2833,91.5667
18c8231a-079a-4e3c-b0c4-d08c85ecac7e,dibru-saikhowa-national-park,Dibru-Saikhowa National Park,Assam,Northeastern India,"Experience the wilderness of Assam in Dibru-Saikhowa National Park, a haven for nature lovers and wildlife enthusiasts.","Located in northeastern Assam, Dibru-Saikhowa National Park is a 340-square-kilometer protected area that offers a glimpse into the region's rich biodiversity. This national park, which was declared a wildlife sanctuary in 1986 and a national park in 1997, serves as a vital habitat for the rare and endangered greater adjutant stork and Bengal florican. The park's diverse landscape, comprising wetlands, grasslands, and tropical forests, makes it an ideal destination for nature walks, bird watching, and photography.","[""Spot the greater adjutant stork, a rare and endangered bird, in its natural habitat."",""Take a boat ride along the Brahmaputra River and witness the majestic water birds that inhabit this region."",""Explore the park's unique combination of wetlands, grasslands, and tropical forests on foot or by taking a guided nature walk."",""Catch a glimpse of the endangered Bengal florican, a shy and elusive bird that makes Dibru-Saikhowa its home.""]",Mountain,"['Wildlife', 'Nature Walks', 'Photography', 'Local Sightseeing', 'Bird Watching']",8100,₹8k–₹12k,3,Summer – Spring,"['Summer', 'Spring']",Moderate,Quiet,https://upload.wikimedia.org/wikipedia/commons/thumb/e/eb/Dibru_Saikhuwa_National_Park.jpg/3840px-Dibru_Saikhuwa_National_Park.jpg,"['https://upload.wikimedia.org/wikipedia/commons/thumb/e/eb/Dibru_Saikhuwa_National_Park.jpg/3840px-Dibru_Saikhuwa_National_Park.jpg', 'https://images.unsplash.com/photo-1464822759023-fed622ff2c3b?auto=format&fit=crop&w=1800&q=80', 'https://images.unsplash.com/photo-1500382017468-9049fed747ef?auto=format&fit=crop&w=1800&q=80', 'https://images.unsplash.com/photo-1470071459604-3b5ec3a7fe05?auto=format&fit=crop&w=1800&q=80', 'https://images.unsplash.com/photo-1507525428034-b723cf961d3e?auto=format&fit=crop&w=1800&q=80']","[""Participate in a guided bird watching tour to spot some of the park's unique avifauna."", ""Take a trek through the park's dense forests and grasslands to get up close and personal with the region's rich wildlife."", ""Try your hand at photography and capture the essence of Dibru-Saikhowa's diverse and vibrant ecosystem."", 'Go on a boat cruise along the nearby Brahmaputra River and soak in the breathtaking views of the surrounding landscape.']","['Take a boat ride to the iconic Majuli Island, which offers breathtaking views of the Brahmaputra River and its surrounding wetlands.', ""Capture the majestic beauty of the greater adjutant stork perched atop its usual haunt in the park's wetlands."", ""Photograph the vibrant and colorful birdlife that inhabits the park's wetlands, including the endangered Bengal florican.""]","['Smoked Pork with Bamboo Shoot', 'Local Rice Cake', 'Assamese Thali']","['Dibru-Saikhowa National Park Local Tribal Kitchen', 'Dibru-Saikhowa National Park The Bamboo Shoot Restaurant']",[],Shillong,27.68552,95.39475
1ba0bbdb-2c17-4479-b2a7-1272ed006e05,deomali-peak,Deomali Peak,Odisha,Eastern India,"Conquer Deomali Peak, the highest point in Odisha for breathtaking views of its lush forests and serene waterfalls.","Located in the picturesque Koraput district of Odisha, Deomali Peak stands tall at an altitude of 1672 meters. The peak is a haven for nature enthusiasts and adventure seekers alike, offering an enchanting experience through its verdant forests, sparkling waterfalls, and diverse wildlife. The trek to Deomali Peak is a moderate to challenging one, typically taking 2-3 days to complete. The picturesque landscape, teeming with flora and fauna, makes for an unforgettable experience.","[""Spot the majestic Bristle-billed Cockatoo, an endangered species found only in the Deomali Peak region."",""Witness the awe-inspiring Deomali Peak sunrise from the summit, an experience that will leave you speechless."",""Discover the rare and exotic species of orchids, trees, and wildflowers that adorn the forest trails."",""Explore the serene and tranquil environs of the surrounding waterfalls, a perfect spot for a relaxing break.""]",Trek,"['Nature', 'Nature Walks', 'Photography', 'Local Sightseeing', 'Bird Watching']",8100,₹8k–₹12k,3,Winter – Spring,"['Winter', 'Spring']",Easy,Quiet,https://upload.wikimedia.org/wikipedia/commons/thumb/5/56/Deomali.jpg/3840px-Deomali.jpg,"['https://upload.wikimedia.org/wikipedia/commons/thumb/5/56/Deomali.jpg/3840px-Deomali.jpg', 'https://images.unsplash.com/photo-1464822759023-fed622ff2c3b?auto=format&fit=crop&w=1800&q=80', 'https://images.unsplash.com/photo-1500382017468-9049fed747ef?auto=format&fit=crop&w=1800&q=80', 'https://images.unsplash.com/photo-1470071459604-3b5ec3a7fe05?auto=format&fit=crop&w=1800&q=80', 'https://images.unsplash.com/photo-1507525428034-b723cf961d3e?auto=format&fit=crop&w=1800&q=80']","['Embark on a thrilling 4x4 jeep ride to the base of Deomali Peak for a breathtaking perspective of the surrounding ranges.', 'Take part in bird watching excursions to spot some of the rarest species of birds in the region.', 'Explore the picturesque villages around Deomali Peak, immersed in the rich culture and tradition of the local tribes.', 'Go trekking to the nearby Matalom village, known for its ancient tribal settlements and scenic views.']","['Capture the majestic Deomali Peak, standing tall amidst the lush greenery of its surroundings.', 'Take a photo amidst the stunning sunset and sunset hues at the base of the Deomali Peak.', 'Spotlight the beautiful flowers and butterflies that dance around you in the lush valleys and grasslands near Deomali Peak.']","['Local Traditional Thali', 'Spicy Curry']","['Deomali Peak Bengali Spice Junction', 'Deomali Peak Maa Durga Local Hotel']",[],Manali,18.67556,82.98167
1c74a754-960c-4974-8940-c2e5effa4276,poovar-island,Poovar Island,Kerala,Southern India,"Escape to a tranquil island paradise, where serene beaches and lush backwaters await your discovery.","Poovar Island, a picturesque getaway in south Kerala, is surrounded by the Neyyar River, Poovar Backwaters, and the Arabian Sea. This enchanting island is a haven for those seeking tranquility and connection with nature. The island's natural beauty, rich biodiversity, and unique culture make it an ideal destination for a rejuvenating experience. Explore the island's serene beaches, take a leisurely boat ride through the backwaters, or simply unwind in the midst of nature's splendor.","[""Poovar Beach: Watch the breathtaking sunrise or sunset on the beautiful, golden sands of the Poovar Beach, ideal for relaxing and basking in the sun."",""Poovar River Island: Take a stroll across the picturesque Poovar River Island, surrounded by tranquil waters and lush greenery, an idyllic spot for nature lovers and photography enthusiasts."",""The Poovar Beach House Kayaking and Boating Experience: Experience the thrill of kayaking through the tranquil backwaters or take a leisurely boat ride, spotting diverse bird species and marine life."",""Poovar Backwaters: Embark on a serene boat ride through the Poovar Backwaters, where you can spot fishermen at work, and relax amidst the stunning natural beauty."",""Visit the nearby Veli Tourist Village: Explore the beautiful lakefront promenade, scenic walkways, and the vibrant craft village in the nearby Veli Tourist Village.""]",Island,"['Beach', 'Swimming', 'Sunbathing', 'Beach Walks', 'Boat Ride']",8100,₹8k–₹12k,3,Winter – Spring,"['Winter', 'Spring']",Easy,Quiet,https://upload.wikimedia.org/wikipedia/commons/7/7e/Poovar_Kerala.jpg,"['https://upload.wikimedia.org/wikipedia/commons/7/7e/Poovar_Kerala.jpg', 'https://images.unsplash.com/photo-1464822759023-fed622ff2c3b?auto=format&fit=crop&w=1800&q=80', 'https://images.unsplash.com/photo-1500382017468-9049fed747ef?auto=format&fit=crop&w=1800&q=80', 'https://images.unsplash.com/photo-1470071459604-3b5ec3a7fe05?auto=format&fit=crop&w=1800&q=80', 'https://images.unsplash.com/photo-1507525428034-b723cf961d3e?auto=format&fit=crop&w=1800&q=80']","['Kayaking through the tranquil backwaters', ""Take a leisurely boat ride to explore the island's natural beauty and spot diverse bird species"", 'Go fishing in the Poovar Backwaters', 'Relax on the pristine Poovar Beach and indulge in sunbathing or swimming']","['Sunrise or Sunset on Poovar Beach for a stunning capture of golden sands and clear blue waters', 'The picturesque Poovar River Island, perfect for photography enthusiasts to capture the tranquility of the surroundings', 'The vibrant craft village in the Veli Tourist Village, showcasing local handicrafts and artistry']","['Traditional Thali', 'Filter Coffee', 'Local Seafood']","['Poovar Island Malgudi Filter Coffee & Tiffin', 'Poovar Island Sree Local Mess']",[],Goa,8.30925,77.0823
1e15ffb0-99a3-4e7c-bda7-2583192ff801,along-aalo,Along (Aalo),Arunachal Pradesh,Northeastern India,"Immerse in the untouched wilderness of Along (Aalo), the gateway to the majestic West Siang district in Arunachal Pradesh.","Along (Aalo), the capital town of West Siang district, is an uncharted gem nestled in the Eastern Himalayas. This tranquil trekking destination offers breathtaking vistas of the Siang River and its surrounding snow-capped peaks. Home to the vibrant Adi tribe, Along (Aalo) is a treasure trove of ancient traditions, folklore, and untamed natural beauty. As you wander through the town's rustic streets, you'll discover the perfect blend of adventure and cultural immersion.","[""Trek to the picturesque village of Dirang, renowned for its verdant landscapes and yak habitats."",""Marvel at the majestic West Siang River, a pristine haven for rafting and kayaking enthusiasts."",""Visit the historic Along Monastery, a revered Adi temple dedicated to Lord Buddha."",""Witness the majestic sunrise over the West Siang valley from the scenic viewpoint of Along (Aalo).""]",Trek,"['Nature', 'Adventure', 'Trekking', 'Camping', 'Rock Climbing', 'Bird Watching']",8100,₹8k–₹12k,3,Summer – Spring,"['Summer', 'Spring']",Moderate,Quiet,https://images.unsplash.com/photo-1506461883276-594a12b11db3?q=80&w=1000&auto=format&fit=crop,"['https://images.unsplash.com/photo-1506461883276-594a12b11db3?q=80&w=1000&auto=format&fit=crop', 'https://images.unsplash.com/photo-1464822759023-fed622ff2c3b?auto=format&fit=crop&w=1800&q=80', 'https://images.unsplash.com/photo-1500382017468-9049fed747ef?auto=format&fit=crop&w=1800&q=80', 'https://images.unsplash.com/photo-1470071459604-3b5ec3a7fe05?auto=format&fit=crop&w=1800&q=80', 'https://images.unsplash.com/photo-1507525428034-b723cf961d3e?auto=format&fit=crop&w=1800&q=80']","['Embark on a thrilling rock climbing experience amidst the majestic Eastern Himalayas.', 'Experience the local Adi culture by participating in traditional farming practices and wildlife conservation efforts.', 'Take a leisurely stroll along the Siang River, exploring the local markets and artisans.', 'Go bird watching in the picturesque surroundings of Along (Aalo), spotting species like the hornbill and imperial pheasant.']","['Capture the sunrise over the snow-capped peaks of the Eastern Himalayas from the scenic viewpoint at Along (Aalo).', 'Take a photograph of the majestic Siang River, with its crystal-clear waters and picturesque valley surroundings.', 'Snap a photo of the vibrant traditional Adi attire and tribal artifacts at the Along Museum.']","['Smoked Pork with Bamboo Shoot', 'Local Rice Cake', 'Assamese Thali']","['Along (Aalo) Local Tribal Kitchen', 'Along (Aalo) The Bamboo Shoot Restaurant']",[],Shillong,28.16786,94.79883
1e2a6b1b-e238-4a5a-bdb9-450c7a405e19,tuophema-tourist-village,Tuophema Tourist Village,Nagaland,Northeastern India,A cultural window into traditional Angami Naga heritage.,"Tuophema Tourist Village is a model heritage village situated in Nagaland, designed to offer visitors an immersive experience of traditional Angami Naga life. Run entirely by the local community, the village features traditional-style thatched-roof huts decorated with wood carvings and animal motifs. It is an excellent destination to experience authentic Naga hospitality, local food, folk music, and festivals.","[""Immersive stay in traditional-style Angami Naga heritage huts"",""A local museum showcasing ancient Naga weapons, ornaments, and clothes"",""Vibrant cultural performances of Naga folk dances and songs"",""Spectacular views of Nagaland's rolling green hills and valleys""]",Trek,"['Culture', 'Local Sightseeing', 'Peaceful Retreat']",8100,₹8k–₹12k,3,October to April,"['Summer', 'Spring']",Moderate,Quiet,https://upload.wikimedia.org/wikipedia/commons/f/ff/Way_o_Kohima%2CNagaland_India.jpg,"['https://upload.wikimedia.org/wikipedia/commons/f/ff/Way_o_Kohima%2CNagaland_India.jpg', 'https://images.unsplash.com/photo-1464822759023-fed622ff2c3b?auto=format&fit=crop&w=1800&q=80', 'https://images.unsplash.com/photo-1500382017468-9049fed747ef?auto=format&fit=crop&w=1800&q=80', 'https://images.unsplash.com/photo-1470071459604-3b5ec3a7fe05?auto=format&fit=crop&w=1800&q=80', 'https://images.unsplash.com/photo-1507525428034-b723cf961d3e?auto=format&fit=crop&w=1800&q=80']","['Staying in a community-managed heritage cottage', 'Attending the Sekrenyi purification festival (in February)', 'Tasting local rice beer (Zutho) and traditional Naga cuisine', 'Guided village tours and forest hikes']","['Ornately carved entrance gate of Tuophema', 'Traditional heritage huts against the hill backdrop', 'Local museum collection of Naga relics']","['Smoked Pork with Bamboo Shoot', 'Local Rice Cake', 'Assamese Thali']","['Tuophema Tourist Village Local Tribal Kitchen', 'Tuophema Tourist Village The Bamboo Shoot Restaurant']",[],Shillong,25.8475,94.1378
1e9bafdc-0641-4d3a-ad51-3f7270e4ff90,sirpur-group-of-monuments,Sirpur Group of Monuments,Chhattisgarh,Central India,Experience the tranquil essence of ancient India amidst the lush forests of Sirpur.,"Located in the heart of Chhattisgarh, India, the Sirpur Group of Monuments is a village steeped in rich history and cultural significance. This ancient settlement dates back to the 6th century and boasts a collection of well-preserved monuments, temples, and ruins that narrate the story of a bygone era. The village is nestled in the midst of lush forests, which provide a serene backdrop to the architectural marvels of Sirpur. Visitors can lose themselves in the intricate carvings, frescoes, and sculptures adorning the temple walls, reflecting the exquisite craftsmanship of the ancient artisans. As you explore Sirpur, the whispers of the past come alive through the rustling leaves of the forest, creating an enchanting ambiance that invites reflection and contemplation.","[""The Ram Deo Temple, a stunning example of ancient Indian architecture, adorned with delicate carvings and intricate designs."",""The Lakshmi Narasimha Temple, a magnificent structure with a blend of Hindu and Buddhist influences, offering stunning views of the surrounding landscape."",""The Museum at the site, showcasing a treasure trove of artifacts and relics that highlight the significance of Sirpur in India's rich cultural heritage."",""The ancient inscriptions and relics that tell the tale of Sirpur's strategic importance as a major trade center during the 1st millennium AD."",""The scenic Sirpur Lake, situated nearby, offering a perfect opportunity for a relaxing boat ride amidst nature's splendor.""]",Village,"['Culture', 'Nature Walks', 'Photography', 'Local Sightseeing', 'Bird Watching']",8100,₹8k–₹12k,3,Winter – Spring,"['Winter', 'Spring']",Easy,Quiet,https://upload.wikimedia.org/wikipedia/commons/d/dd/8th_century_couple_embraced_and_mouth_kissing_at_Tivara_Deva_temple%2C_she_stands_on_his_feet%2C_Sirpur_monuments_Chhattisgarh_India.jpg,"['https://upload.wikimedia.org/wikipedia/commons/d/dd/8th_century_couple_embraced_and_mouth_kissing_at_Tivara_Deva_temple%2C_she_stands_on_his_feet%2C_Sirpur_monuments_Chhattisgarh_India.jpg', 'https://images.unsplash.com/photo-1464822759023-fed622ff2c3b?auto=format&fit=crop&w=1800&q=80', 'https://images.unsplash.com/photo-1500382017468-9049fed747ef?auto=format&fit=crop&w=1800&q=80', 'https://images.unsplash.com/photo-1470071459604-3b5ec3a7fe05?auto=format&fit=crop&w=1800&q=80', 'https://images.unsplash.com/photo-1507525428034-b723cf961d3e?auto=format&fit=crop&w=1800&q=80']","['Embark on a leisurely nature walk through the forest, exploring the diverse flora and fauna of the area.', 'Take a photography tour, capturing the breathtaking views and unique architectural styles of the monuments.', 'Visit the nearby villages and experience the warm hospitality of the locals, immersing yourself in the vibrant rural culture.', 'Participate in a local art workshop, learning the techniques of traditional crafts and artisans']","[""The ancient Lakshmi Narasimha Temple at sunset, with the golden light casting a mesmerizing glow on the temple's intricate carvings."", 'The lush forest canopy, as seen from a panoramic viewpoint, offering a stunning visual treat of the surrounding landscape.', ""The serene Sirpur Lake, reflecting the tranquility of the surrounding forest, creating a photographer's delight.""]","['Local Traditional Thali', 'Spicy Curry']","['Sirpur Group of Monuments Bundelkhandi Kitchen', 'Sirpur Group of Monuments Malwa Food Court']",[],Lonavala,21.34522,82.18481
1f0ebf47-52ea-4d41-afb1-a3885c539717,maravanthe-beach,Maravanthe Beach,Karnataka,Southern India,"Experience the untouched beauty of Maravanthe Beach, where the Arabian Sea meets the Souparnika River in a mesmerizing display of natural wonder.","Located in the Uttara Kannada district of Karnataka, Maravanthe Beach is a stunning destination that offers a unique blend of beach activities, scenic views, and cultural experiences. This picturesque beach is nestled between the Arabian Sea and the Souparnika River, creating a breathtaking landscape that is sure to leave visitors in awe. With its pristine shores, swaying palm trees, and tranquil atmosphere, Maravanthe Beach is the perfect getaway for those seeking relaxation, adventure, and an authentic taste of coastal Karnataka. The beach is surrounded by lush green forests and hills, making it an ideal spot for nature lovers and photography enthusiasts.","[""Watch the sunset over the Arabian Sea, painting the sky with hues of orange and pink"",""Take a boat ride along the Souparnika River, exploring the mangrove forests and spotting exotic bird species"",""Visit the nearby Maraswamy Temple, a historic shrine dedicated to Lord Shiva"",""Explore the bustling Maravanthe Market, where you can find unique souvenirs, local handicrafts, and delicious seafood"",""Relax and unwind at the beach, enjoying the warm sand, cool breeze, and sound of the waves""]",Beach,"['Beach', 'Swimming', 'Sunbathing', 'Beach Walks', 'Boat Ride']",8100,₹8k–₹12k,3,Winter – Spring,"['Winter', 'Spring']",Easy,Quiet,https://upload.wikimedia.org/wikipedia/en/b/ba/Maravanthe_beach.jpg,"['https://upload.wikimedia.org/wikipedia/en/b/ba/Maravanthe_beach.jpg', 'https://images.unsplash.com/photo-1464822759023-fed622ff2c3b?auto=format&fit=crop&w=1800&q=80', 'https://images.unsplash.com/photo-1500382017468-9049fed747ef?auto=format&fit=crop&w=1800&q=80', 'https://images.unsplash.com/photo-1470071459604-3b5ec3a7fe05?auto=format&fit=crop&w=1800&q=80', 'https://images.unsplash.com/photo-1507525428034-b723cf961d3e?auto=format&fit=crop&w=1800&q=80']","['Go swimming or sunbathing on the pristine shores of Maravanthe Beach', 'Take a leisurely walk along the beach, feeling the sand between your toes and the sea breeze in your hair', 'Try your hand at water sports, such as surfing, kayaking, or paddleboarding', ""Embark on a trekking excursion to the nearby hills and forests, exploring the region's unique flora and fauna""]","['The picturesque confluence of the Arabian Sea and the Souparnika River, offering a stunning backdrop for photos', 'The Maraswamy Temple, with its intricate carvings and historic architecture', 'The sunset point on Maravanthe Beach, where you can capture the vibrant colors of the sky and the sea']","['Traditional Thali', 'Filter Coffee', 'Local Seafood']","['Maravanthe Beach Malgudi Filter Coffee & Tiffin', 'Maravanthe Beach Sree Local Mess']",[],Goa,13.70885,74.64186
1fc8ecfe-58e8-44d6-8c51-07bd84d3b1d4,gavi,Gavi,Kerala,Southern India,"Discover the unspoiled beauty of Kerala's Gavi, a haven for adventure seekers and nature lovers.","Perched in the Idukki district of Kerala, Gavi is a tranquil haven nestled amidst the Western Ghats. This trekking paradise is a part of the Periyar Wildlife Sanctuary and offers a refreshing escape into the heart of nature. The lush forests, rolling hills, and serene lakes of Gavi create a stunning backdrop for adventure enthusiasts, wildlife observers, and those seeking inner peace. With its unique blend of natural splendor and cultural richness, Gavi promises an unforgettable experience for all visitors.","[""Explore the pristine waters of Gavi Lake, a tranquil haven teeming with fish and other aquatic life."",""Hike to the top of the Gavi Hills to witness the breathtaking sunrise over the rolling hills and valleys."",""Trek through the lush forests of the Periyar Wildlife Sanctuary, home to a rich variety of flora and fauna, including elephants, tigers, and birds."",""Take a boat ride on the Gavi Lake to spot rare bird species and enjoy the scenic beauty of the surrounding hills."",""Visit the Gavi Village to experience the simple, rustic lifestyle of the local people and to purchase handmade crafts and souvenirs.""]",Trek,"['Nature', 'Adventure', 'Trekking', 'Camping', 'Rock Climbing', 'Bird Watching']",8100,₹8k–₹12k,3,Winter – Spring,"['Winter', 'Spring']",Easy,Quiet,https://upload.wikimedia.org/wikipedia/commons/thumb/d/d6/Gavi%2C_Kerala.jpg/3840px-Gavi%2C_Kerala.jpg,"['https://upload.wikimedia.org/wikipedia/commons/thumb/d/d6/Gavi%2C_Kerala.jpg/3840px-Gavi%2C_Kerala.jpg', 'https://images.unsplash.com/photo-1464822759023-fed622ff2c3b?auto=format&fit=crop&w=1800&q=80', 'https://images.unsplash.com/photo-1500382017468-9049fed747ef?auto=format&fit=crop&w=1800&q=80', 'https://images.unsplash.com/photo-1470071459604-3b5ec3a7fe05?auto=format&fit=crop&w=1800&q=80', 'https://images.unsplash.com/photo-1507525428034-b723cf961d3e?auto=format&fit=crop&w=1800&q=80']","['Hire a local guide to take you on a birdwatching tour through the forests and grasslands of Gavi.', 'Participate in a camping trek to the top of the Gavi Hills, where you can set up camp and enjoy stargazing.', 'Try your hand at rock climbing at the Gavi Hills, a challenging but rewarding experience for adventure seekers.', 'Take a leisurely stroll around the Gavi Village, admiring the traditional Kerala architecture and chatting with the friendly locals.']","['The Gavi Lake, with its calm waters reflecting the surrounding hills and forests, is a stunning spot to capture the beauty of nature.', 'The Gavi Hills, with their steep slopes and rolling valleys, offer breathtaking 360-degree views of the surrounding landscape.', 'The Periyar Wildlife Sanctuary, with its lush forests and grasslands, is a haven for wildlife photographers and nature enthusiasts.']","['Traditional Thali', 'Filter Coffee', 'Local Seafood']","['Gavi Malgudi Filter Coffee & Tiffin', 'Gavi Sree Local Mess']",[],Lonavala,9.43573,77.15947
2056a014-9898-4667-a33b-7a6fee13d63f,gandikota,Gandikota,Andhra Pradesh,Southern India,India's own Grand Canyon.,"Carved by the Pennar River through dramatic red sandstone cliffs, Gandikota combines breathtaking canyon views with a centuries-old fort and some of the most underrated landscapes in India.","[""Known as the Grand Canyon of India"",""Spectacular Pennar River gorge"",""Historic Gandikota Fort"",""Perfect for camping and sunrise photography""]",Valley,"['Adventure', 'Photography', 'Nature']",9000,₹7k–₹11k,3,October – February,"['Autumn', 'Winter']",Easy,Quiet,https://res.cloudinary.com/dizqquqfs/image/upload/q_auto/f_auto/v1781879267/Gandikota3_wx2x2q.jpg,"['https://res.cloudinary.com/dizqquqfs/image/upload/q_auto/f_auto/v1781879267/Gandikota3_wx2x2q.jpg', 'https://res.cloudinary.com/dizqquqfs/image/upload/q_auto/f_auto/v1781879262/Gandikota2_uiwyzz.jpg', 'https://res.cloudinary.com/dizqquqfs/image/upload/q_auto/f_auto/v1781879259/Gandikota1_mqekfn.jpg', 'https://res.cloudinary.com/dizqquqfs/image/upload/q_auto/f_auto/v1781879272/Gandikota4_gv5faa.jpg']","['Watch sunrise over the canyon', 'Explore Gandikota Fort', 'Camp beside the cliffs', 'Kayak on the Pennar River']","['Madhavaraya Temple beneath the canyon cliffs', 'Pennar River crossing near Gandikota', 'Fort walls at sunset']","['Andhra meals', 'Spicy chicken curry', 'Ragi Sangati', 'Local biryani']","['Haritha Restaurant', 'Pennar View Cafe']","['Belum Caves', 'Yaganti Temple', 'Kadapa']",Hampi,14.81499,78.287
209caa03-16d9-484a-bbe0-4c6f4d258747,talakona-waterfall,Talakona Waterfall,Andhra Pradesh,Southern India,"A majestic cascade amidst the Eastern Ghats, beckoning you to a serene getaway.","Talakona Waterfall, located in the dense forests of the Eastern Ghats of Andhra Pradesh, is a breathtaking spectacle that never fails to mesmerize its visitors. The waterfall stands at an impressive height of 270 feet, plummeting into a serene pool below. As a haven for nature lovers and adventure seekers alike, Talakona Waterfall offers an unforgettable experience, surrounded by lush green forests, verdant meadows, and diverse wildlife.","[""Witness the majestic plunge of the Talakona Waterfall, a picturesque cascade that's a treat for the eyes"",""Embark on a guided trek through the dense Eastern Ghats forest, a paradise for nature enthusiasts and wildlife explorers"",""Spot a myriad of bird species, including the majestic White-cheeked Partridge and the vibrant Malabar Pied Hornbill"",""Take a relaxing dip in the natural water pool at the base of the waterfall, a refreshing haven on a hot day"",""Explore the nearby Srikalahasti town, a sacred site renowned for its ancient temples and stunning architecture""]",Mountain,"['Nature', 'Wildlife', 'Nature Walks', 'Photography', 'Local Sightseeing', 'Bird Watching']",8100,₹8k–₹12k,3,Winter – Spring,"['Winter', 'Spring']",Easy,Quiet,https://images.unsplash.com/photo-1506461883276-594a12b11db3?q=80&w=1000&auto=format&fit=crop,"['https://images.unsplash.com/photo-1506461883276-594a12b11db3?q=80&w=1000&auto=format&fit=crop', 'https://images.unsplash.com/photo-1464822759023-fed622ff2c3b?auto=format&fit=crop&w=1800&q=80', 'https://images.unsplash.com/photo-1500382017468-9049fed747ef?auto=format&fit=crop&w=1800&q=80', 'https://images.unsplash.com/photo-1470071459604-3b5ec3a7fe05?auto=format&fit=crop&w=1800&q=80', 'https://images.unsplash.com/photo-1507525428034-b723cf961d3e?auto=format&fit=crop&w=1800&q=80']","['Indulge in thrilling treks and hikes through the Eastern Ghats, offering breathtaking vistas and encounters with local flora and fauna', 'Participate in bird-watching excursions, expertly guided by local ornithologists to spot rare species', 'Take a dip in the natural pool, a serene oasis amidst the lush forests', 'Explore the scenic village trails, offering a glimpse into traditional Andhra Pradesh village life']","['Capture the mesmerizing sight of the Talakona Waterfall at sunrise, when the morning mist adds an ethereal touch', 'Snap the vibrant wildflowers and verdant greenery of the forest, a kaleidoscope of colors and textures', 'Take a scenic shot of the lush meadows, dotted with wildflowers and grazing deer, a serene idyll amidst nature']","['Traditional Thali', 'Filter Coffee', 'Local Seafood']","['Talakona Waterfall Malgudi Filter Coffee & Tiffin', 'Talakona Waterfall Sree Local Mess']",[],Lonavala,13.81166,79.21578
210e2046-fa1e-4bd6-9fb8-34fc98fc593d,majuli-island,Majuli Island,Assam,Northeastern India,"The world's largest river island — monasteries, masks and mist.","A shape-shifting island in the Brahmaputra, Majuli is a cultural cradle of Assamese Vaishnavism. Bamboo huts on stilts, satras (monasteries) full of dance, and migratory birds blanketing the wetlands every winter.","[""World's largest inhabited river island"",""Satras where Sattriya dance was born"",""Mask-making villages of Samaguri"",""Winter bird-watching across the chapori wetlands""]",Island,"['Culture', 'Nature', 'Photography', 'Peaceful Retreat']",12000,₹10k–₹14k,4,November – March,"['Autumn', 'Winter']",Easy,Untouched,https://res.cloudinary.com/dizqquqfs/image/upload/q_auto/f_auto/v1781868516/majuli4_zqtipf.jpg,"['https://res.cloudinary.com/dizqquqfs/image/upload/q_auto/f_auto/v1781868516/majuli4_zqtipf.jpg', 'https://res.cloudinary.com/dizqquqfs/image/upload/q_auto/f_auto/v1781868544/majuli3_n23xew.jpg', 'https://res.cloudinary.com/dizqquqfs/image/upload/q_auto/f_auto/v1781868513/majuli1_fpbsqu.jpg', 'https://res.cloudinary.com/dizqquqfs/image/upload/q_auto/f_auto/v1781868514/majuli2_ecoxnp.jpg']","['Sattriya dance evening at Uttar Kamalabari Satra', 'Mask workshop in Samaguri', ""Cycle the island's interior at sunrise"", 'Bird-watching at Salmora wetlands']","[""Boat drifting across Majuli's waterways"", 'Traditional bamboo stilt house beside wetlands', ""Golden-hour view across Majuli's countryside""]","['Apong (rice beer)', 'Pork with bamboo shoot', 'Masor tenga', 'Pitha']","['Ygdrasill Cafe', 'La Maison de Ananda Restaurant', 'Mishing Kitchen']","['Kaziranga National Park', 'Jorhat tea estates', 'Sivasagar']",Darjeeling,27.0129,94.27469
21623aaf-3087-4091-ae06-56e8d2b11188,badami,Badami,Karnataka,Southern India,"Unveil the ancient charm of Badami, a historic town nestled in the sandstone hills of Karnataka, where adventure meets heritage.","Badami, a town in the Bagalkot district of Karnataka, is a treasure trove of ancient Indian history and architecture. Once the capital of the Chalukya dynasty, Badami boasts of stunning cave temples, intricately carved out of the sandstone hills that surround the town. The landscape of Badami is a perfect blend of nature and adventure, with its red sandstone formations, serene lakes, and rolling hills, making it an ideal destination for trekking, rock climbing, and camping. As you explore the town, the rich cultural heritage and the remnants of the bygone era will leave you spellbound. The unique blend of adventure activities and historical significance makes Badami a must-visit destination for travelers seeking an offbeat experience.","[""Explore the four cave temples dedicated to Hindu deities, each showcasing exceptional craftsmanship and artistry"",""Visit the Badami Fort, a 16th-century fort that stands atop a hill, offering breathtaking views of the town and the surrounding landscape"",""Discover the Bhutanatha Group of Temples, a collection of ancient temples situated on the banks of the Agastya Lake"",""Marvel at the stunning rock formations and scenic vistas at the Sandstone Hills"",""Take a stroll along the serene Agastya Lake, a perfect spot for bird watching and relaxation""]",Trek,"['Nature', 'Adventure', 'Trekking', 'Camping', 'Rock Climbing', 'Bird Watching']",8100,₹8k–₹12k,3,Winter – Spring,"['Winter', 'Spring']",Easy,Quiet,https://upload.wikimedia.org/wikipedia/commons/c/cf/BadamiCaves87.JPG,"['https://upload.wikimedia.org/wikipedia/commons/c/cf/BadamiCaves87.JPG', 'https://images.unsplash.com/photo-1464822759023-fed622ff2c3b?auto=format&fit=crop&w=1800&q=80', 'https://images.unsplash.com/photo-1500382017468-9049fed747ef?auto=format&fit=crop&w=1800&q=80', 'https://images.unsplash.com/photo-1470071459604-3b5ec3a7fe05?auto=format&fit=crop&w=1800&q=80', 'https://images.unsplash.com/photo-1507525428034-b723cf961d3e?auto=format&fit=crop&w=1800&q=80']","['Trek to the top of the Sandstone Hills for panoramic views of the town and the surrounding landscape', 'Go rock climbing on the sandstone formations, a thrilling adventure activity for experienced climbers', 'Take a guided tour of the cave temples and ancient monuments to learn about the history and significance of the site', 'Engage in bird watching at the Agastya Lake, home to a variety of bird species']","['The viewpoint from the Badami Fort, offering stunning views of the town and the surrounding hills', 'The cave temples, with their intricate carvings and stunning architecture', 'The Agastya Lake, surrounded by rolling hills and sandstone formations, making for a picturesque landscape']","['Traditional Thali', 'Filter Coffee', 'Local Seafood']","['Badami Malgudi Filter Coffee & Tiffin', 'Badami Sree Local Mess']",[],Lonavala,15.92039,75.68079
249c1b56-0e2a-4bb2-91ab-3fd510df86d3,netravali-wildlife-sanctuary,Netravali Wildlife Sanctuary,Goa,Western India,"Goa's hidden gem of bubbling pools, evergreen forests, and misty waterfalls.","Netravali Wildlife Sanctuary is a protected area located in the Sanguem taluka of South Goa. Spanning over 211 square kilometers, it forms an important ecological corridor in the Western Ghats. The sanctuary is rich in biodiversity, housing rare wildlife, dense semi-evergreen forests, and spectacular waterfalls like Savari and Mainapi. It is also famous for the mysterious Gopinath Temple bubbling pond.","[""The famous 'Bubbling Pond' (Budbudyachi Tali) which bubbles on clapping"",""Spectacular waterfalls including Savari Falls and Mainapi Falls deep in the forest"",""Dense, untouched evergreen canopy rich in Western Ghats biodiversity"",""Ancient Gopinath Temple dating back to the Kadamba period""]",Mountain,"['Nature', 'Adventure', 'Wildlife']",8100,₹8k–₹12k,3,October to March & June to September (monsoon beauty),"['Winter', 'Spring']",Easy,Quiet,https://upload.wikimedia.org/wikipedia/commons/thumb/7/7c/Netravali.jpg/3840px-Netravali.jpg,"['https://upload.wikimedia.org/wikipedia/commons/thumb/7/7c/Netravali.jpg/3840px-Netravali.jpg', 'https://images.unsplash.com/photo-1464822759023-fed622ff2c3b?auto=format&fit=crop&w=1800&q=80', 'https://images.unsplash.com/photo-1500382017468-9049fed747ef?auto=format&fit=crop&w=1800&q=80', 'https://images.unsplash.com/photo-1470071459604-3b5ec3a7fe05?auto=format&fit=crop&w=1800&q=80', 'https://images.unsplash.com/photo-1507525428034-b723cf961d3e?auto=format&fit=crop&w=1800&q=80']","['Trekking through the forest canopy to Savari and Mainapi waterfalls', 'Watching the bubbling phenomenon at Gopinath Temple pond', 'Bird watching and butterfly spotting along forest trails', 'Visiting local organic spice plantations nearby']","['Savari Waterfall cascading down a rocky gorge', 'The clean emerald waters of Gopinath Temple pond', 'Misty forest trails during or immediately after the monsoon']","['Dal Baati Churma', 'Saurashtra Thali', 'Goan Fish Curry']","['Netravali Wildlife Sanctuary Kathiyawadi Local Dhaba', 'Netravali Wildlife Sanctuary Rajasthani Thali House']",[],Lonavala,15.0886,74.2185
2560fc9a-d0ad-4388-80bf-fd5867cb9d06,tambdi-surla,Tambdi Surla,Goa,Western India,"Discover the ancient charm of Tambdi Surla, a quaint village in Goa, home to a 12th-century temple and surrounded by lush forests.","Tambdi Surla, nestled deep within the Bhagwan Mahaveer Sanctuary and Mollem National Park in Goa, is a village steeped in history and spirituality. The village is most renowned for the Tambdi Surla Mahadeva Temple, built in the 12th century and dedicated to Lord Shiva. This temple is a testament to the Kadamba-Yadava architectural style, showcasing the rich cultural heritage of the region. The surroundings of the village are as captivating as the village itself, with dense forests that are home to a variety of flora and fauna, making it an ideal destination for those seeking spiritual solace, cultural exploration, and connection with nature.","[""The 12th-century Tambdi Surla Mahadeva Temple, one of the oldest and most revered temples in Goa"",""The Bhagwan Mahaveer Sanctuary and Mollem National Park, offering opportunities for trekking and wildlife spotting"",""The opportunity to experience the local Goan culture and cuisine in a serene, natural setting"",""The village's historic significance and architectural marvels"",""The tranquil atmosphere, ideal for meditation and spiritual rejuvenation""]",Village,"['Culture', 'Spiritual', 'Meditation', 'Temple Visit', 'Heritage Walk', 'Photography']",8100,₹8k–₹12k,3,Winter – Spring,"['Winter', 'Spring']",Easy,Quiet,https://upload.wikimedia.org/wikipedia/commons/thumb/7/78/Shri_Mahadev_Temple%2C_Tambdi_Surla%2C_Goa.jpg/3840px-Shri_Mahadev_Temple%2C_Tambdi_Surla%2C_Goa.jpg,"['https://upload.wikimedia.org/wikipedia/commons/thumb/7/78/Shri_Mahadev_Temple%2C_Tambdi_Surla%2C_Goa.jpg/3840px-Shri_Mahadev_Temple%2C_Tambdi_Surla%2C_Goa.jpg', 'https://images.unsplash.com/photo-1464822759023-fed622ff2c3b?auto=format&fit=crop&w=1800&q=80', 'https://images.unsplash.com/photo-1500382017468-9049fed747ef?auto=format&fit=crop&w=1800&q=80', 'https://images.unsplash.com/photo-1470071459604-3b5ec3a7fe05?auto=format&fit=crop&w=1800&q=80', 'https://images.unsplash.com/photo-1507525428034-b723cf961d3e?auto=format&fit=crop&w=1800&q=80']","['Trek through the Bhagwan Mahaveer Sanctuary and Mollem National Park to explore the rich biodiversity of the region', 'Take a heritage walk around the village to discover its historical and cultural significance', 'Participate in yoga and meditation sessions amidst nature', 'Indulge in local Goan cuisine and learn about the cooking traditions of the region']","['The Tambdi Surla Mahadeva Temple, especially during sunrise or sunset for a dramatic backdrop', 'The viewpoints within the Bhagwan Mahaveer Sanctuary and Mollem National Park, offering panoramic views of the surrounding landscape', 'The tranquil water bodies and rivers flowing through the village and the sanctuary']","['Dal Baati Churma', 'Saurashtra Thali', 'Goan Fish Curry']","['Tambdi Surla Kathiyawadi Local Dhaba', 'Tambdi Surla Rajasthani Thali House']",[],Lonavala,15.44343,74.2454
25946896-7839-4100-9cab-02cc21d580db,shiroda-beach,Shiroda Beach,Maharashtra,Western India,"A pristine, secluded stretch of white sand in the Konkan region.","Shiroda Beach is a quiet, uncrowded coastal stretch situated in the Vengurla taluka of Sindhudurg district, Maharashtra. Renowned for its powdery white sand, crystal-clear blue waters, and surrounding casuarina plantations, it offers a peaceful alternative to the busy beaches of neighboring Goa. The beach is also closely linked to India's freedom struggle, as it was a site of the Salt Satyagraha in 1930.","[""Pristine white sand coastline and clean, calm waves"",""Beautiful groves of casuarina trees lining the beach"",""The historic Aravali Vetoba Temple, highly revered by locals"",""Secluded salt pans and historic salt satyagraha landmarks""]",Beach,"['Beach', 'Peaceful Retreat', 'Local Sightseeing']",8100,₹8k–₹12k,3,October to March,"['Winter', 'Spring']",Easy,Quiet,https://upload.wikimedia.org/wikipedia/commons/2/2a/Shiroda_Mauli_Mandir_area_in_Sindhudurg_Distt._-_panoramio.jpg,"['https://upload.wikimedia.org/wikipedia/commons/2/2a/Shiroda_Mauli_Mandir_area_in_Sindhudurg_Distt._-_panoramio.jpg', 'https://images.unsplash.com/photo-1464822759023-fed622ff2c3b?auto=format&fit=crop&w=1800&q=80', 'https://images.unsplash.com/photo-1500382017468-9049fed747ef?auto=format&fit=crop&w=1800&q=80', 'https://images.unsplash.com/photo-1470071459604-3b5ec3a7fe05?auto=format&fit=crop&w=1800&q=80', 'https://images.unsplash.com/photo-1507525428034-b723cf961d3e?auto=format&fit=crop&w=1800&q=80']","['Dolphin spotting boat rides in the Arabian Sea', 'Relaxing beach walks and sunbathing', 'Savoring authentic Malvani coastal cuisine', 'Visiting salt pans and local temples']","['Casuarina groves on Shiroda Beach', 'Sunset reflections over the Malvani coastline', 'Traditional salt pans near Aravali']","['Dal Baati Churma', 'Saurashtra Thali', 'Goan Fish Curry']","['Shiroda Beach Kathiyawadi Local Dhaba', 'Shiroda Beach Rajasthani Thali House']",[],Goa,15.782,73.6543
26919048-8330-43c8-96d8-ac621eeb3f13,bomdila,Bomdila,Arunachal Pradesh,Northeastern India,"Nestled at the heart of Arunachal Pradesh, Bomdila offers a serene convergence of nature and adventure.","Tucked away in the West Kameng district of Arunachal Pradesh, Bomdila is a charming hill station surrounded by lush pine forests and snow-capped mountain peaks. This trekker's paradise is a haven for nature lovers, adventure seekers, and those seeking a peaceful retreat from the chaos of city life. With its rich cultural heritage and breathtaking scenery, Bomdila is a must-visit destination for anyone interested in exploring the unspoiled beauty of Northeast India. The town is a melting pot of Buddhist and Monpa traditions, offering a unique glimpse into the lives of the local population.","[""The Eaglenest Wildlife Sanctuary, a treasure trove of avian diversity, boasts over 300 species of birds, including the majestic Himalayan Monal and the exotic Slender-billed Vulture."",""Explore the ancient Dirang Monastery, a revered Buddhist shrine that showcases the rich cultural heritage of the Monpa community."",""Embark on a trek to the Sessa Orchid Sanctuary, home to over 30 species of orchids, including the rare and endangered Red Vanda and Doritis."",""Take in the breathtaking vistas from Tipi Orchid Center, perched amidst the towering pine forests and majestic mountain peaks.""]",Trek,"['Nature', 'Adventure', 'Trekking', 'Camping', 'Rock Climbing', 'Bird Watching']",8100,₹8k–₹12k,3,Summer – Spring,"['Summer', 'Spring']",Moderate,Quiet,https://upload.wikimedia.org/wikipedia/commons/3/32/Bomdila.jpg,"['https://upload.wikimedia.org/wikipedia/commons/3/32/Bomdila.jpg', 'https://images.unsplash.com/photo-1464822759023-fed622ff2c3b?auto=format&fit=crop&w=1800&q=80', 'https://images.unsplash.com/photo-1500382017468-9049fed747ef?auto=format&fit=crop&w=1800&q=80', 'https://images.unsplash.com/photo-1470071459604-3b5ec3a7fe05?auto=format&fit=crop&w=1800&q=80', 'https://images.unsplash.com/photo-1507525428034-b723cf961d3e?auto=format&fit=crop&w=1800&q=80']","['Trek to the snow-capped peaks of Tawang, including the highest peak, Gorichen Peak, for an unforgettable experience.', 'Visit the Dirang Waterfall, a picturesque spot surrounded by lush greenery and the soothing sound of gurgling water.', 'Join a local bird-watching tour to spot rare species in the Eaglenest Wildlife Sanctuary.', 'Immerse yourself in the local culture by attending a traditional Monpa dance performance and learning about the customs and traditions of the community.']","['Capture the stunning sunrise over the West Kameng mountain range from the Tipi Orchid Center.', 'Capture the beauty of the Dirang River as it flows gently through the lush forests and grasslands.', 'Take a panoramic shot of the Dirang Monastery amidst the towering pine trees, with the snow-capped peaks in the background.']","['Smoked Pork with Bamboo Shoot', 'Local Rice Cake', 'Assamese Thali']","['Bomdila Local Tribal Kitchen', 'Bomdila The Bamboo Shoot Restaurant']",[],Shillong,27.26444,92.42065
288721ab-84b0-47f4-a429-791b9f863bdd,mawphlang-sacred-grove,Mawphlang Sacred Grove,Meghalaya,Northeastern India,An ancient Khasi forest protected by folklore.,"Mawphlang Sacred Grove is an ancient, pristine forest preserved by local Khasi deities and traditional laws for over 800 years. Steeped in myths, no one is allowed to remove even a single leaf or twig from this dense forest, which is home to rare orchids, medicinal trees, and ancient monoliths.","[""Walk through an 800-year-old preserved sacred forest"",""See ancient Khasi sacrificial monoliths"",""Observe rare carnivorous pitcher plants and orchids"",""Hike the scenic David Scott Trail starting nearby""]",Village,"['Culture', 'Nature', 'Forest Trail', 'Spirituality']",5000,Under ₹8k,2,September – May,"['Autumn', 'Winter', 'Spring']",Easy,Quiet,https://images.unsplash.com/photo-1448375240586-882707db888b?auto=format&fit=crop&w=800&q=80,"['https://images.unsplash.com/photo-1448375240586-882707db888b?auto=format&fit=crop&w=800&q=80', 'https://images.unsplash.com/photo-1470071459604-3b5ec3a7fe05?auto=format&fit=crop&w=800&q=80']","['Take a guided walk inside the Sacred Grove', 'Hike the historic David Scott Trail (16 km)', 'Visit the Khasi Heritage Village', 'Enjoy panoramic views of the Mawphlang valley']","['Moss-covered monoliths inside the dense forest', 'The misty green entrance path of the grove', 'Pitcher plants growing wild']","['Khasi local red rice', 'Smoked pork with bamboo shoots', 'Local tea and snacks']","['Maple Pine Farm cafe', 'Sacred Grove canteen', 'Mawphlang local tea shops']","['Shillong (25 km)', 'Cherrapunji (45 km)', 'Mawsynram (35 km)']",Shillong Peak,25.4578,91.7589
2889320b-5611-4b57-9cf3-88fb6f63ea61,kanger-valley-national-park,Kanger Valley National Park,Chhattisgarh,Central India,Unveil the hidden treasures of Bastar's ancient wilderness at Kanger Valley National Park.,"Nestled in the heart of the Maikal Hills in Chhattisgarh, Kanger Valley National Park is one of India's most enchanting hidden gems. The 200 square kilometer park, located in the Kanger Ghati Valley, is a pristine haven of tropical forests, rugged terrain, and abundant wildlife. This verdant haven is home to over 300 bird species and 70 species of mammals, including the majestic Indian tiger, Asian elephants, and sloth bears. The park offers a unique experience for nature enthusiasts and adventure seekers alike, with opportunities for trekking, birdwatching, and photography amidst the unspoiled wilderness of Bastar.","[""Explore the Kailasa Cave, a majestic limestone cavern featuring towering pillars and a subterranean lake."",""Witness the grandeur of the Chitrakoot Waterfalls, a breathtaking spectacle in the monsoon season."",""Marvel at the stunning vistas from the Ratapani viewpoint, offering panoramic views of the surrounding valley."",""Delve into the rich cultural heritage of Bastar by learning about the local Gond and Muria tribes' traditions and customs."",""Embark on a thrilling trek to the Kanger River, where the crystal-clear waters provide a refreshing haven on a hot summer day.""]",Valley,"['Nature', 'Wildlife', 'Nature Walks', 'Photography', 'Local Sightseeing', 'Bird Watching']",8100,₹8k–₹12k,3,Winter – Spring,"['Winter', 'Spring']",Easy,Quiet,https://upload.wikimedia.org/wikipedia/commons/1/19/Kanger_valley_National_Park.png,"['https://upload.wikimedia.org/wikipedia/commons/1/19/Kanger_valley_National_Park.png', 'https://images.unsplash.com/photo-1464822759023-fed622ff2c3b?auto=format&fit=crop&w=1800&q=80', 'https://images.unsplash.com/photo-1500382017468-9049fed747ef?auto=format&fit=crop&w=1800&q=80', 'https://images.unsplash.com/photo-1470071459604-3b5ec3a7fe05?auto=format&fit=crop&w=1800&q=80', 'https://images.unsplash.com/photo-1507525428034-b723cf961d3e?auto=format&fit=crop&w=1800&q=80']","[""Go birdwatching in search of the park's 300+ species, including the majestic Great Indian Hornbill and the vibrant Plum-headed Parakeet."", ""Take an guided nature walk through the park's lush forests to spot exotic flora and fauna, including giant bamboo and tropical trees."", ""Try your hand at photography at the park's picturesque spots, capturing the majesty of the Indian tiger and the vibrant colors of the tropical forest."", 'Engage with the local Gond and Muria tribes, learning about their unique traditions, customs, and art forms, including wood carvings and folk dances.']","['Capture the breathtaking sunrises over the Kailasa Cave, highlighting the majestic limestone pillars and subterranean lake.', 'Photograph the resplendent Chitrakoot Waterfalls in the monsoon season, showcasing the raw power of nature.', 'Gaze out from the Ratapani viewpoint, capturing the sweeping vistas of the surrounding valley and the rolling hills of Bastar.']","['Local Traditional Thali', 'Spicy Curry']","['Kanger Valley National Park Bundelkhandi Kitchen', 'Kanger Valley National Park Malwa Food Court']",[],Lonavala,18.83398,82.02011
28afcef7-5e23-44fe-b75e-1447656f76e3,andro-heritage-village,Andro Heritage Village,Manipur,Northeastern India,An ancient village preserving Manipur's unique pottery and tribal crafts.,"Andro is an ancient heritage village located at the foothills of the Nongmaiching range in Imphal East district, Manipur. It is globally famous for its unique style of pottery called 'Charai Taba', made exclusively by married women using a special wooden bat instead of a wheel. The village features the Mutua Museum, a cultural hub displaying traditional doll houses, tribal clothing, and historic artifacts from Manipur's tribes.","[""The ancient practice of coil pottery (Charai Taba) using a wooden bat"",""Mutua Museum showcasing traditional houses of various Manipuri tribes"",""The sacred temple of Panam Ningthou, with a fire burning since the 1st century AD"",""Santhei Natural Park with scenic water bodies and local gardens""]",Village,"['Culture', 'History', 'Photography']",8100,₹8k–₹12k,3,October to March,"['Summer', 'Spring']",Moderate,Quiet,https://upload.wikimedia.org/wikipedia/commons/thumb/4/44/Breathtaking_beauty_of_Dzukou_Valley_in_Manipur-Nagaland_border_%28edit%29.jpg/3840px-Breathtaking_beauty_of_Dzukou_Valley_in_Manipur-Nagaland_border_%28edit%29.jpg,"['https://upload.wikimedia.org/wikipedia/commons/thumb/4/44/Breathtaking_beauty_of_Dzukou_Valley_in_Manipur-Nagaland_border_%28edit%29.jpg/3840px-Breathtaking_beauty_of_Dzukou_Valley_in_Manipur-Nagaland_border_%28edit%29.jpg', 'https://images.unsplash.com/photo-1464822759023-fed622ff2c3b?auto=format&fit=crop&w=1800&q=80', 'https://images.unsplash.com/photo-1500382017468-9049fed747ef?auto=format&fit=crop&w=1800&q=80', 'https://images.unsplash.com/photo-1470071459604-3b5ec3a7fe05?auto=format&fit=crop&w=1800&q=80', 'https://images.unsplash.com/photo-1507525428034-b723cf961d3e?auto=format&fit=crop&w=1800&q=80']","['Attending a pottery-making demonstration by local women artisans', 'Exploring the tribal doll house museum and wood carvings at Mutua', 'Strolling through Santhei Natural Park', 'Learning about the religious customs and sacred fire of Andro']","['Local women shaping black clay pots with wooden tools', 'Traditional thatched tribal huts in Mutua Museum', 'Reflections of Nongmaiching hills in Santhei Park lake']","['Smoked Pork with Bamboo Shoot', 'Local Rice Cake', 'Assamese Thali']","['Andro Heritage Village Local Tribal Kitchen', 'Andro Heritage Village The Bamboo Shoot Restaurant']",[],Shillong,24.7337,94.0414
28dfe6c0-fb9c-406d-ad6c-4764219eb357,gyaraspur,Gyaraspur,Madhya Pradesh,Central India,"Unspoiled wilderness and ancient temples await in Gyaraspur, a hidden gem in Madhya Pradesh's Satpura Hills.","Tucked away in the picturesque Satpura Hills of Madhya Pradesh, Gyaraspur is a trekkers' paradise that combines the thrill of adventure with the allure of Mother Nature's splendor. This off-the-beaten-path destination boasts an unspoiled wilderness, dotted with ancient temples and an abundance of flora and fauna. The terrain is a perfect blend of rugged hills, rolling forests, and winding rivers, making it an ideal setting for trekking, camping, and rock climbing. For those who seek solace in nature's beauty, Gyaraspur offers ample opportunities for bird watching, with many species of migratory birds calling this region home. The tranquil ambiance, combined with the warmth of local hospitality, makes Gyaraspur a must-visit destination for those seeking an immersive wilderness experience.","[""Kanha Sakti Sthal Temple: A stunning ancient temple dedicated to Goddess Sati, perched on a rocky outcrop, offering breathtaking views of the surroundings."",""Bhimbtek Caves: An ancient network of rock shelters dating back to the Mesolithic era, featuring fascinating cave paintings and carvings."",""Satpura National Park: A protected area teeming with diverse wildlife, including tigers, leopards, and a wide variety of bird species."",""Gyandev River: A picturesque river that flows through the heart of the town, offering a serene and tranquil atmosphere."",""Rajgarh Palace: A majestic 19th-century palace built by the Scindia dynasty, showcasing stunning architecture and rich history.""]",Trek,"['Nature', 'Adventure', 'Trekking', 'Camping', 'Rock Climbing', 'Bird Watching']",8100,₹8k–₹12k,3,Winter – Spring,"['Winter', 'Spring']",Easy,Quiet,https://upload.wikimedia.org/wikipedia/commons/c/c3/Maladevi_Temple_Gyaraspur_facade.jpg,"['https://upload.wikimedia.org/wikipedia/commons/c/c3/Maladevi_Temple_Gyaraspur_facade.jpg', 'https://images.unsplash.com/photo-1464822759023-fed622ff2c3b?auto=format&fit=crop&w=1800&q=80', 'https://images.unsplash.com/photo-1500382017468-9049fed747ef?auto=format&fit=crop&w=1800&q=80', 'https://images.unsplash.com/photo-1470071459604-3b5ec3a7fe05?auto=format&fit=crop&w=1800&q=80', 'https://images.unsplash.com/photo-1507525428034-b723cf961d3e?auto=format&fit=crop&w=1800&q=80']","['Guided Trek to the Kanha Sakti Sthal Temple: Embark on a moderately challenging trek to the temple, offering scenic views and opportunities to spot local wildlife.', 'Bird Watching at the Satpura National Park: Join a guided bird-watching tour to spot a wide variety of migratory birds, including species like the lesser florican and the sarus crane.', 'Rock Climbing at the Bhimbtek Caves: Challenge yourself with rock climbing at one of the oldest known shelters in the country.', 'Camping under the Stars: Set up camp near the Gyandev River and spend the night listening to the soothing sounds of nature and the rustling of leaves.']","['The Sunset Point at Kanha Sakti Sthal Temple: Watch the sunset over the rolling hills and valleys, creating a picturesque scene.', 'The Waterfall near Bhimbtek Caves: Capture the breathtaking beauty of the waterfall, surrounded by lush greenery and ancient rocks.', 'The Panoramic View of Rajgarh Palace: Shoot stunning photos of the 19th-century palace, set against the serene backdrop of the surrounding hills and forests.']","['Local Traditional Thali', 'Spicy Curry']","['Gyaraspur Bundelkhandi Kitchen', 'Gyaraspur Malwa Food Court']",[],Lonavala,23.66903,78.11246
29643754-d6a7-46e7-9dff-38b89897ac86,ukhrul,Ukhrul,Manipur,Northeastern India,"Experience the unspoiled beauty of Ukhrul, a quaint village in Manipur surrounded by lush forests, rolling hills, and home to the vibrant Tangkhul Naga culture.","Ukhrul, the district headquarters of Ukhrul district in Manipur, is a treasure trove of natural beauty and rich cultural heritage. The village is nestled in the picturesque valley surrounded by the majestic mountains of the Indo-Burma biodiversity hotspot. With its unique blend of Tangkhul Naga traditions and breathtaking landscapes, Ukhrul offers an unforgettable experience for travelers. The town is steeped in history and culture, with many ancient monuments, festivals, and customs that showcase the resilience and hospitality of the Tangkhul people. Visitors can immerse themselves in the local way of life, explore the surrounding countryside, and take in the stunning vistas that make Ukhrul a nature lover's paradise.","[""Explore the Shirui Kashong peak, the highest point in the district, which offers panoramic views of the surrounding landscape"",""Visit the Khayang waterfall, a picturesque spot surrounded by lush green forests and home to a variety of flora and fauna"",""Discover the ancient Tangkhul Naga monuments and monoliths at the Hundung village"",""Attend the Ukhrul District Tourism Festival, which showcases the local culture, music, and cuisine"",""Learn about the traditional crafts and weaving techniques of the Tangkhul people at the local handicraft centers""]",Village,"['Culture', 'Nature Walks', 'Photography', 'Local Sightseeing', 'Bird Watching']",8100,₹8k–₹12k,3,Summer – Spring,"['Summer', 'Spring']",Moderate,Quiet,https://upload.wikimedia.org/wikipedia/commons/thumb/f/fd/I_eventually_found_the_strength_to_walk_around_a_bit_at_Phangrei_%2850016303622%29.jpg/3840px-I_eventually_found_the_strength_to_walk_around_a_bit_at_Phangrei_%2850016303622%29.jpg,"['https://upload.wikimedia.org/wikipedia/commons/thumb/f/fd/I_eventually_found_the_strength_to_walk_around_a_bit_at_Phangrei_%2850016303622%29.jpg/3840px-I_eventually_found_the_strength_to_walk_around_a_bit_at_Phangrei_%2850016303622%29.jpg', 'https://images.unsplash.com/photo-1464822759023-fed622ff2c3b?auto=format&fit=crop&w=1800&q=80', 'https://images.unsplash.com/photo-1500382017468-9049fed747ef?auto=format&fit=crop&w=1800&q=80', 'https://images.unsplash.com/photo-1470071459604-3b5ec3a7fe05?auto=format&fit=crop&w=1800&q=80', 'https://images.unsplash.com/photo-1507525428034-b723cf961d3e?auto=format&fit=crop&w=1800&q=80']","['Take a guided trek to the nearby villages, such as Hundung and Somdal, to experience the rural way of life', 'Go bird watching in the surrounding forests, which are home to a variety of species, including the endangered Amur falcon', 'Visit the local markets, such as the Ukhrul market, to try the local cuisine and buy traditional handicrafts', 'Participate in a traditional Tangkhul Naga festival, such as the Lui-Ngai-Ni festival, to experience the vibrant culture']","['The viewpoint at the Shirui Kashong peak, which offers breathtaking 360-degree views of the surrounding landscape', 'The Khayang waterfall, surrounded by lush green forests and rocky outcrops', 'The picturesque valley of the Talui river, which flows gently through the town of Ukhrul']","['Smoked Pork with Bamboo Shoot', 'Local Rice Cake', 'Assamese Thali']","['Ukhrul Local Tribal Kitchen', 'Ukhrul The Bamboo Shoot Restaurant']",[],Shillong,25.09786,94.36107
2a00db38-7b46-406f-9370-a4301141e22c,kondapalli-fort,Kondapalli Fort,Andhra Pradesh,Southern India,"Experience the historical charm of Kondapalli Fort, a 13th-century masterpiece nestled in the picturesque Andhra Pradesh countryside.","Located amidst lush green forests and verdant hills, Kondapalli Fort has stood the test of time since its construction in the 13th century. This ancient fort has witnessed numerous battles and has been ruled by various dynasties, making it a rich and intriguing piece of Indian history. With its stunning architecture and scenic surroundings, Kondapalli Fort is a haven for nature lovers and history buffs alike. As you walk through the intricately carved gates and explore the crumbling walls, you'll be transported to an era of opulence and grandeur. With its serene ambiance, Kondapalli Fort offers the perfect blend of culture, history, and adventure.","[""Discover the majestic architecture of the Kondapalli Fort, featuring intricate carvings, imposing battlements, and majestic fort walls."",""Explore the beautiful Kottala Lakshmi Narasimha Swamy Temple, a striking example of the Deccan style of architecture."",""Take in the breathtaking views of the surrounding hills and forests from the fort's highest point, a perfect spot for photography."",""Go birdwatching and spot some of the region's unique avian species, including the Indian roller, the bee-eater, and the golden oriole."",""Embark on a nature walk through the nearby forests and explore the rich biodiversity of the area.""]",Village,"['Culture', 'Trekking', 'Bird Watching', 'Nature Walks', 'Photography']",8100,₹8k–₹12k,3,Winter – Spring,"['Winter', 'Spring']",Easy,Quiet,https://upload.wikimedia.org/wikipedia/commons/thumb/4/4e/Tirumala_090615.jpg/3840px-Tirumala_090615.jpg,"['https://upload.wikimedia.org/wikipedia/commons/thumb/4/4e/Tirumala_090615.jpg/3840px-Tirumala_090615.jpg', 'https://images.unsplash.com/photo-1464822759023-fed622ff2c3b?auto=format&fit=crop&w=1800&q=80', 'https://images.unsplash.com/photo-1500382017468-9049fed747ef?auto=format&fit=crop&w=1800&q=80', 'https://images.unsplash.com/photo-1470071459604-3b5ec3a7fe05?auto=format&fit=crop&w=1800&q=80', 'https://images.unsplash.com/photo-1507525428034-b723cf961d3e?auto=format&fit=crop&w=1800&q=80']","['Take a leisurely trek through the forest trails surrounding the fort, offering stunning views of the surrounding landscape.', 'Learn about the history and mythology of the fort from the village elders and local guides.', ""Witness the stunning sunset over the hills from the fort's walls, a sight that will leave you awestruck."", 'Participate in local festivals and celebrations, such as the Kondapalli Gudem festival, and experience the vibrant culture of the region.']","[""Capture the perfect shot of the Kondapalli Fort's imposing entrance, flanked by ancient stone gates."", ""Snap a picture of the stunning Kottala Lakshmi Narasimha Swamy Temple, its intricate carvings and architecture a photographer's dream."", ""Take a panoramic shot of the surrounding hills and forests from the fort's highest point, offering breathtaking views of the landscape.""]","['Traditional Thali', 'Filter Coffee', 'Local Seafood']","['Kondapalli Fort Malgudi Filter Coffee & Tiffin', 'Kondapalli Fort Sree Local Mess']",[],Goa,16.62505,80.53052
2a07814f-fc0e-4327-a8c9-91441bb8c684,chettinad,Chettinad,Tamil Nadu,Southern India,Discover the uncharted trekking trails and hidden waterfalls of Tamil Nadu.,"Tucked away in the Sivaganga district of Tamil Nadu, Chettinad is a trekker's paradise. This lesser-explored region is a tapestry of rugged terrain, meandering rivers, and ancient temple ruins. Trek through the dense forests, climb limestone cliffs, and spot exotic birds in their natural habitat. The terrain here is as rugged as it is rewarding, with each step leading to a new discovery. With its pristine waterfalls, rolling hills, and scenic vistas, Chettinad beckons the adventurer within. Take a journey off the beaten path and immerse yourself in the unspoiled beauty of Chettinad.","[""Explore the Pandiarayapatti village, nestled in the heart of Chettinad, with its unique architecture and ancient temples."",""Trek to the Kalanar dam, a scenic spot amidst the rolling hills and lush forests of Chettinad."",""Visit the Siva Temple of Sivaganga, a historical site perched atop a hill, with breathtaking views of the surrounding landscape."",""Take a bird-watching tour along the banks of the Sivaganga canal, where exotic birds and local wildlife thrive."",""Discover the hidden waterfalls of the Kalanar Valley, a secret treasure trove for trekkers and nature enthusiasts.""]",Trek,"['Nature', 'Adventure', 'Trekking', 'Camping', 'Rock Climbing', 'Bird Watching']",8100,₹8k–₹12k,3,Winter – Spring,"['Winter', 'Spring']",Easy,Quiet,https://upload.wikimedia.org/wikipedia/commons/d/d0/The_Chettinad_palace_karaikudi_2013-09-07_00-11.jpg,"['https://upload.wikimedia.org/wikipedia/commons/d/d0/The_Chettinad_palace_karaikudi_2013-09-07_00-11.jpg', 'https://images.unsplash.com/photo-1464822759023-fed622ff2c3b?auto=format&fit=crop&w=1800&q=80', 'https://images.unsplash.com/photo-1500382017468-9049fed747ef?auto=format&fit=crop&w=1800&q=80', 'https://images.unsplash.com/photo-1470071459604-3b5ec3a7fe05?auto=format&fit=crop&w=1800&q=80', 'https://images.unsplash.com/photo-1507525428034-b723cf961d3e?auto=format&fit=crop&w=1800&q=80']","['Rock climbing at the rugged limestone cliffs of the Chettinad hills.', 'Bird watching and spotting exotic bird species in their natural habitat.', 'River crossing at the Kalanar dam, a thrilling adventure for trekkers.', 'Camping in the serene and peaceful forests of Chettinad, under the star-filled sky.']","['The scenic Kalanar Valley Viewpoint, offering panoramic views of the surrounding hills and forests.', 'The Pandiarayapatti village, with its unique ancient temples and traditional architecture.', 'The Siva Temple hill, with its breathtaking views of the Sivaganga landscape and surrounding countryside.']","['Traditional Thali', 'Filter Coffee', 'Local Seafood']","['Chettinad Malgudi Filter Coffee & Tiffin', 'Chettinad Sree Local Mess']",[],Lonavala,10.15991,78.77641
2b2bf645-a7b6-4a99-8fbb-3bdf68f42ad4,kampil,Kampil,Uttar Pradesh,Northern India,Ancient capital of Panchala along the peaceful Ganges.,"Kampil (ancient Kampilya) is a historic town in Farrukhabad district, renowned in Hindu scriptures as the capital of the Panchala kingdom ruled by King Drupada in the Mahabharata. Situated near the Ganges, it is a sacred pilgrimage for Jains as the birthplace of the 13th Tirthankara, and is rich in archaeological mounds and quiet temples.","[""Visit the ancient Kampila Fort and Drupad Kila mounds"",""Explore the beautiful Rameshwarnath Mahadev Temple"",""Pay homage at the historic Jain Tirthankara temples"",""Relax by the quiet banks of the Ganges river""]",Village,"['Heritage', 'Culture', 'Spirituality']",4500,Under ₹8k,2,October – March,"['Autumn', 'Winter', 'Spring']",Easy,Untouched,https://images.unsplash.com/photo-1544735716-392fe2489ffa?auto=format&fit=crop&w=800&q=80,"['https://images.unsplash.com/photo-1544735716-392fe2489ffa?auto=format&fit=crop&w=800&q=80', 'https://images.unsplash.com/photo-1507525428034-b723cf961d3e?auto=format&fit=crop&w=800&q=80']","['Explore the archaeological ruins of Draupadi Kund', 'Seek blessings at Rameshwarnath Temple', 'Walk the serene Jain temples of Kampil', 'Watch local farming on the Ganges floodplains']","['Ancient stone temple ruins', 'Ganges flowing past quiet ghats', 'Intricate marble statues at Jain temples']","['Farrukhabadi potato chat', 'Poori Sabzi', 'Traditional sweet pedas']","['Local sweet shops', 'Kaimganj local dhabas (10 km)']","['Farrukhabad (45 km)', 'Kaimganj (10 km)', 'Bareilly (110 km)']",Ayodhya,27.5928,79.2817
2b77ecb7-8af5-4937-82b0-444916820b44,dudhwa-national-park,Dudhwa National Park,Uttar Pradesh,Northern India,"Lush Terai grasslands, swamp deer, and tigers.","Dudhwa National Park is a pristine wildlife sanctuary located in the Terai belt of Uttar Pradesh, bordering Nepal. It boasts tall wet grasslands, dense Sal forests, and swampy marshes, offering a sanctuary for endangered swamp deer, tigers, one-horned rhinos, and wild elephants.","[""See the endangered Barasingha (Swamp Deer)"",""Take an elephant safari to spot one-horned rhinos"",""Spot tigers in the quiet Terai forests"",""Explore the wild marshes of Katarniaghat Wildlife Sanctuary nearby""]",Village,"['Wildlife', 'Nature', 'Forest Trail', 'Offbeat']",9500,₹8k–₹12k,3,November – April,"['Winter', 'Spring']",Moderate,Quiet,https://images.unsplash.com/photo-1448375240586-882707db888b?auto=format&fit=crop&w=800&q=80,"['https://images.unsplash.com/photo-1448375240586-882707db888b?auto=format&fit=crop&w=800&q=80', 'https://images.unsplash.com/photo-1470071459604-3b5ec3a7fe05?auto=format&fit=crop&w=800&q=80']","['Jungle safari in Dudhwa Tiger Reserve', 'Rhino spotting in the rhino rehabilitation area', 'Watch birds at Bankey Tal lake', 'Visit the traditional Tharu tribal village']","['Barasingha herds grazing in the morning mist', 'Sal forests reflecting in Bankey Tal', 'Rhinos walking through tall grasslands']","['Local Terai cuisine', 'Tharu traditional food', 'Paneer butter masala and rotis']","['Dudhwa Jungle Resort Canteen', 'Forest Rest House dining room', 'Palia Town local eateries']","['Lakhimpur Kheri (75 km)', 'Pilibhit Tiger Reserve (110 km)', 'Nepal Border (10 km)']",Kaziranga,28.4906,80.6603
2d23fed2-040d-4124-829a-d126577b29f5,kiriburu,Kiriburu,Jharkhand,Eastern India,Spectacular viewpoint over Asia's largest Sal forest.,"Kiriburu is a scenic hill town located in the West Singhbhum district of Jharkhand. Situated in the iron-ore rich hills bordering Odisha, it is famous for the Saranda Forest (Asia's largest and densest Sal forest), offering panoramic views of 700 hills, waterfalls, and sightings of wild elephants.","[""Get panoramic views of the dense 700 hills of Saranda"",""Drive through the mystical, evergreen Saranda Forest"",""Trek to the pristine Toybo Waterfalls"",""Witness spectacular sunsets from the Kiriburu Hilltop""]",Mountain,"['Nature', 'Wildlife', 'Adventure', 'Forest Trail']",8500,₹8k–₹12k,3,October – March,"['Autumn', 'Winter', 'Spring']",Moderate,Untouched,https://images.unsplash.com/photo-1448375240586-882707db888b?auto=format&fit=crop&w=800&q=80,"['https://images.unsplash.com/photo-1448375240586-882707db888b?auto=format&fit=crop&w=800&q=80', 'https://images.unsplash.com/photo-1470071459604-3b5ec3a7fe05?auto=format&fit=crop&w=800&q=80']","['Watch sunset from the Megahatuburu view point', 'Take a forest safari into Saranda Forest', 'Visit the tranquil Toybo and Karo waterfalls', 'See the iron ore mining sites from distance']","['Green rolling hills extending to the horizon', 'Lush canopy of dense Sal forest', 'Sun setting behind the 700 hills']","['Local tribal rice beer (Hadia) snacks', 'Chicken curry and hot rotis', 'Jharkhandi Arsa roti']","['Sail Guest House Restaurant', 'Local market dhabas in Kiriburu town']","['Barbil (25 km)', 'Jamshedpur (150 km)', 'Ranchi (220 km)']",Ooty Hills,22.0667,85.2833
2e23a8ab-4eb9-43ac-bbf1-707d26b8a023,banavasi,Banavasi,Karnataka,Southern India,"Experience the serene charm of Banavasi, a historic village in Karnataka, steeped in spiritual heritage and ancient temples","Banavasi, nestled in the Uttara Kannada district of Karnataka, is a treasure trove of ancient history, spiritual significance, and cultural richness. This quaint village is often referred to as the 'first capital' of ancient Karnataka, with its roots dating back to the Kadamba dynasty. The village is home to the revered Madhukeshwara Temple, a 9th-century shrine dedicated to Lord Shiva, which attracts devotees and history enthusiasts alike. As you wander through the village, you'll discover a plethora of ancient temples, each with its unique architectural style and historical significance, making Banavasi an ideal destination for those seeking a spiritual and culturally enriching experience. The village's tranquil atmosphere, surrounded by lush green forests and rolling hills, also provides an ideal setting for meditation, yoga, and photography, allowing visitors to reconnect with nature and their inner selves.","[""Explore the ancient Madhukeshwara Temple, a stunning example of 9th-century architecture"",""Visit the nearby Someshwara Temple, a 12th-century temple dedicated to Lord Shiva"",""Discover the historic significance of the Kadamba dynasty at the Banavasi Museum"",""Attend the annual Madhukeshwara Temple Festival, a vibrant celebration of music, dance, and culture"",""Wander through the village's charming streets, lined with ancient temples, historic landmarks, and traditional Kannada homes""]",Village,"['Culture', 'Spiritual', 'Meditation', 'Temple Visit', 'Heritage Walk', 'Photography']",8100,₹8k–₹12k,3,Winter – Spring,"['Winter', 'Spring']",Easy,Quiet,https://upload.wikimedia.org/wikipedia/commons/0/02/Banavasi_Madhukeshwara_temple.JPG,"['https://upload.wikimedia.org/wikipedia/commons/0/02/Banavasi_Madhukeshwara_temple.JPG', 'https://images.unsplash.com/photo-1464822759023-fed622ff2c3b?auto=format&fit=crop&w=1800&q=80', 'https://images.unsplash.com/photo-1500382017468-9049fed747ef?auto=format&fit=crop&w=1800&q=80', 'https://images.unsplash.com/photo-1470071459604-3b5ec3a7fe05?auto=format&fit=crop&w=1800&q=80', 'https://images.unsplash.com/photo-1507525428034-b723cf961d3e?auto=format&fit=crop&w=1800&q=80']","['Take a guided heritage walk through the village, exploring its ancient temples and historic landmarks', 'Practice yoga and meditation amidst the serene surroundings of the village', 'Capture the stunning architecture and natural beauty of Banavasi through photography', ""Attend a traditional Kannada folk performance, showcasing the region's rich cultural heritage""]","['The picturesque courtyard of the Madhukeshwara Temple, surrounded by ancient pillars and sculptures', ""The somber landscape of the nearby Dandeli Forest, perfect for capturing the region's natural beauty"", 'The vibrant streets of Banavasi during the annual Madhukeshwara Temple Festival, filled with colorful decorations and festivities']","['Traditional Thali', 'Filter Coffee', 'Local Seafood']","['Banavasi Malgudi Filter Coffee & Tiffin', 'Banavasi Sree Local Mess']",[],Lonavala,14.53897,75.01298
2e57051d-580a-4f7c-81eb-b0f0238dd784,mon-village,Mon Village,Nagaland,Northeastern India,"Discover the enchanting hills, hidden waterfalls, and rare bird species of Mon Village, Nagaland, on an unforgettable trekking adventure.","Nestled amidst the tranquil hills of Nagaland, Mon Village is a nature lover's paradise that beckons adventure-seekers to explore its serene landscapes. With its rich cultural heritage, breathtaking vistas, and diverse wildlife, this trekking destination boasts a unique blend of history, geography, and natural beauty. The picturesque villages, lush forests, and sparkling waterfalls create an idyllic backdrop for trekkers to immerse themselves in the unspoiled beauty of Nagaland's Easternmost district.","[""Experience the majestic spectacle of Hornbill Festival at Mon Village, a celebration of Naga culture, music, and traditions."",""Visit the iconic Doyang Dam, a hydroelectric project that also serves as a bird-watcher's paradise, with over 200 species of feathered friends."",""Explore the scenic Lungwa Waterfalls, a 180-foot cascade that creates a misty veil and provides an invigorating trekking experience."",""Walk through the lush bamboo forests, where indigenous Naga tribes have lived in harmony with nature for centuries.""]",Trek,"['Nature', 'Adventure', 'Trekking', 'Camping', 'Rock Climbing', 'Bird Watching']",8100,₹8k–₹12k,3,Summer – Spring,"['Summer', 'Spring']",Moderate,Quiet,https://upload.wikimedia.org/wikipedia/commons/d/da/Mon-Nagaland-Jim-Ankan-Deka-photography.jpg,"['https://upload.wikimedia.org/wikipedia/commons/d/da/Mon-Nagaland-Jim-Ankan-Deka-photography.jpg', 'https://images.unsplash.com/photo-1464822759023-fed622ff2c3b?auto=format&fit=crop&w=1800&q=80', 'https://images.unsplash.com/photo-1500382017468-9049fed747ef?auto=format&fit=crop&w=1800&q=80', 'https://images.unsplash.com/photo-1470071459604-3b5ec3a7fe05?auto=format&fit=crop&w=1800&q=80', 'https://images.unsplash.com/photo-1507525428034-b723cf961d3e?auto=format&fit=crop&w=1800&q=80']","['Indulge in Camping under the star-studded night sky and enjoy the local cuisine around the campfire.', 'Participate in Rock Climbing on the rugged limestone cliffs, offering breathtaking views of the surrounding landscape.', 'Go Bird Watching with trained guides to spot critically endangered species like the White-winged Duck and the Red-headed Trogon.', 'Learn about the history and traditions of the Lotha Naga tribe at the local heritage center and interact with the friendly locals.']","['Capture the perfect sunrise from the top of the Lungwa Valley, with the sun rising over the misty valleys below.', 'Shoot stunning photos of the majestic Doyang Dam in the early morning, with the mist rising from the water.', 'Frame the serene landscape of a local village, with the residents going about their daily lives amidst the lush greenery.']","['Smoked Pork with Bamboo Shoot', 'Local Rice Cake', 'Assamese Thali']","['Mon Village Local Tribal Kitchen', 'Mon Village The Bamboo Shoot Restaurant']",[],Shillong,26.733141,95.061508
2f2dc46e-512e-460a-a9a6-731e9a939e33,lunglei,Lunglei,Mizoram,Northeastern India,"Experience the unspoiled beauty of Mizoram's majestic mountains in Lunglei, where nature's splendor meets cultural richness.","Perched in the serene heart of Mizoram, Lunglei is a picturesque mountain destination surrounded by lush forests and rolling hills. This charming town is steeped in history, with ancient traditions and customs still thriving among its welcoming people. As you wander through Lunglei's narrow streets, take in the vibrant markets, ancient churches, and colonial-era architecture that reflects the region's complex cultural tapestry. From leisurely nature walks to thrilling adventures, Lunglei offers an unforgettable experience for those seeking connection with nature and a taste of authentic India.","[""Revel in the breathtaking scenery of the Khawnglung Wildlife Sanctuary, a haven for birdwatchers and nature enthusiasts alike, boasting an impressive array of rare species."",""Explore the ruins of the ancient Lungthuii Village, offering a glimpse into the region's rich history and the lives of its ancient inhabitants."",""Pay your respects at the revered Lunglei Sacred Rock, a revered site of worship and pilgrimage for locals and visitors alike."",""Marvel at the stunning Rih Dil, a scenic lake surrounded by lush greenery, perfect for a peaceful picnic or tranquil reflection.""]",Mountain,"['Nature', 'Nature Walks', 'Photography', 'Local Sightseeing', 'Bird Watching']",8100,₹8k–₹12k,3,Summer – Spring,"['Summer', 'Spring']",Moderate,Quiet,https://upload.wikimedia.org/wikipedia/commons/thumb/3/39/View_of_Lunglei_from_Zotlang_area_in_Mizoram_-_panoramio.jpg/3840px-View_of_Lunglei_from_Zotlang_area_in_Mizoram_-_panoramio.jpg,"['https://upload.wikimedia.org/wikipedia/commons/thumb/3/39/View_of_Lunglei_from_Zotlang_area_in_Mizoram_-_panoramio.jpg/3840px-View_of_Lunglei_from_Zotlang_area_in_Mizoram_-_panoramio.jpg', 'https://images.unsplash.com/photo-1464822759023-fed622ff2c3b?auto=format&fit=crop&w=1800&q=80', 'https://images.unsplash.com/photo-1500382017468-9049fed747ef?auto=format&fit=crop&w=1800&q=80', 'https://images.unsplash.com/photo-1470071459604-3b5ec3a7fe05?auto=format&fit=crop&w=1800&q=80', 'https://images.unsplash.com/photo-1507525428034-b723cf961d3e?auto=format&fit=crop&w=1800&q=80']","['Embark on a leisurely trek through the scenic trails of the Khawnglung Wildlife Sanctuary, offering breathtaking views and encounters with wild animals.', 'Visit the bustling Lunglei Market, where local artisans showcase their wares, from handicrafts to traditional clothing.', 'Take a boat ride across Rih Dil, enjoying the serene surroundings and picturesque vistas.', 'Participate in a traditional Mizo dance performance, showcasing the unique cultural heritage of the region.']","[""Capture the majestic splendor of the Khawnglung Wildlife Sanctuary's scenic vistas, particularly during sunrise or sunset."", 'Frame the stunning architecture of the ancient Lungthuii Village, with its crumbling stone walls and overgrown vegetation.', 'Snap the serene beauty of Rih Dil, with its tranquil waters and lush surroundings.']","['Smoked Pork with Bamboo Shoot', 'Local Rice Cake', 'Assamese Thali']","['Lunglei Local Tribal Kitchen', 'Lunglei The Bamboo Shoot Restaurant']",[],Shillong,22.952,92.63388
2fd13467-9916-4552-91df-c443a032e167,saputara,Saputara,Gujarat,Western India,"Perched on a plateau in the Sahyadri range, Saputara is a trekker's paradise with lush forests, sparkling waterfalls, and breathtaking vistas.","Saputara, nestled in the Dang district of Gujarat, is a charming hill station that offers a unique blend of natural beauty, adventure, and cultural heritage. The town is situated on a plateau, surrounded by the Sahyadri range of the Western Ghats, and is known for its stunning landscapes, diverse wildlife, and rich tribal culture. Visitors to Saputara can experience the thrill of trekking through the dense forests, spotting exotic birds, and enjoying the serene beauty of the surrounding hills. The town is also home to several ancient temples, museums, and art galleries, showcasing the region's rich history and cultural heritage.","[""The Sunset Point, which offers a breathtaking view of the sunset over the Sahyadri range"",""The Saputara Lake, a picturesque lake surrounded by lush greenery and walking trails"",""The Gira Falls, a stunning waterfall that cascades down a rocky slope"",""The Artist Village, a hamlet that showcases the traditional crafts and art of the local tribes"",""The Waghai Botanical Garden, a scenic garden featuring a wide variety of plant species""]",Trek,"['Nature', 'Adventure', 'Trekking', 'Camping', 'Rock Climbing', 'Bird Watching']",8100,₹8k–₹12k,3,Winter – Spring,"['Winter', 'Spring']",Easy,Quiet,https://upload.wikimedia.org/wikipedia/commons/5/57/Lake_Saputara.jpg,"['https://upload.wikimedia.org/wikipedia/commons/5/57/Lake_Saputara.jpg', 'https://images.unsplash.com/photo-1464822759023-fed622ff2c3b?auto=format&fit=crop&w=1800&q=80', 'https://images.unsplash.com/photo-1500382017468-9049fed747ef?auto=format&fit=crop&w=1800&q=80', 'https://images.unsplash.com/photo-1470071459604-3b5ec3a7fe05?auto=format&fit=crop&w=1800&q=80', 'https://images.unsplash.com/photo-1507525428034-b723cf961d3e?auto=format&fit=crop&w=1800&q=80']","['Trekking to the nearby hills and forests, including the famous Saputara Trek', 'Rock climbing and rappelling at the Sarpagandha Rock Climbing Point', 'Bird watching at the Saputara Bird Sanctuary, which is home to over 200 species of birds', 'Camping at the forest campsites, which offer a unique experience of living in the midst of nature']","['The Table Land, a scenic spot that offers a panoramic view of the surrounding hills', ""The Echo Point, a spot where the sound of one's voice is echoed back from the surrounding hills"", 'The Lake Garden, a picturesque spot featuring a beautiful garden and a tranquil lake']","['Dal Baati Churma', 'Saurashtra Thali', 'Goan Fish Curry']","['Saputara Kathiyawadi Local Dhaba', 'Saputara Rajasthani Thali House']",[],Lonavala,20.57967,73.74789
30bdda16-8583-4147-8959-8b3e41d76ae5,champaner,Champaner,Gujarat,Western India,"A UNESCO World Heritage site boasting ancient Hindu-Muslim ruins, grand mosques, and a sacred hilltop temple.","Champaner-Pavagadh Archaeological Park is a UNESCO World Heritage Site located in the Panchmahal district of Gujarat. Centered around the historic city of Champaner, founded by Sultan Mahmud Begada in the 15th century, it is nestled at the base of the sacred Pavagadh Hill. The park showcases a spectacular blend of Hindu and Islamic architecture, featuring fortress walls, palaces, stepwells, and monumental mosques like the iconic Jama Masjid. A pilgrimage site, Pavagadh Hill stands crowned by the Kalika Mata Temple, attracting millions of visitors who trek up its slopes or ride the scenic ropeway.","[""UNESCO World Heritage Site: A beautifully preserved 16th-century Islamic city with a stunning blend of Hindu-Muslim architecture."",""Pavagadh Hill & Kalika Mata Temple: A sacred hilltop pilgrimage site accessible via a scenic ropeway or trekking steps."",""Grand Mosques (Jama Masjid): Majestic architecture featuring detailed stone carvings, minarets, and grand courtyards."",""Saat Kaman (Seven Arches): Iconic yellow sandstone arches overlooking the valley, a masterpiece of masonry."",""Helical Stepwell: A unique, spiral-shaped ancient stepwell demonstrating historic water harvesting.""]",Village,"['Culture', 'Nature Walks', 'Photography', 'Local Sightseeing', 'Bird Watching']",8100,₹8k–₹12k,3,Winter – Spring,"['Winter', 'Spring']",Easy,Quiet,https://upload.wikimedia.org/wikipedia/commons/8/86/Jain_Temple%2C_Pavagadh_%28cropped%29.jpg,"['https://upload.wikimedia.org/wikipedia/commons/8/86/Jain_Temple%2C_Pavagadh_%28cropped%29.jpg', 'https://images.unsplash.com/photo-1464822759023-fed622ff2c3b?auto=format&fit=crop&w=1800&q=80', 'https://images.unsplash.com/photo-1500382017468-9049fed747ef?auto=format&fit=crop&w=1800&q=80', 'https://images.unsplash.com/photo-1470071459604-3b5ec3a7fe05?auto=format&fit=crop&w=1800&q=80', 'https://images.unsplash.com/photo-1507525428034-b723cf961d3e?auto=format&fit=crop&w=1800&q=80']","['Explore the Ancient Ruins: Tour the massive fortifications, citadel walls, and military structures.', 'Pavagadh Hill Ropeway Ride: Take the cable car ride up Pavagadh Hill for panoramic views.', 'Architectural Photography: Capture the intricate carvings of Jama Masjid, Kevada Masjid, and Lila Gumbaj Ki Masjid.', 'Trek to Kalika Mata Temple: Hike the historic path to the temple at the summit.']","['Saat Kaman Arches: Capture the sunrise through the historic stone arches.', 'Jama Masjid Minarets: Photograph the imposing minarets and detailed stone screens.', 'Pavagadh Hill Summit: Shoot panoramic landscape views of the plains from the temple summit.']","['Dal Baati Churma', 'Saurashtra Thali', 'Goan Fish Curry']","['Champaner Kathiyawadi Local Dhaba', 'Champaner Rajasthani Thali House']",[],Lonavala,22.48481,73.53437
30c8385b-05e7-4166-8ad3-64a0690e05a1,korzok,Korzok,Ladakh,Northern India,"Experience the serene charm of Korzok, a tranquil village in Ladakh, nestled beside the picturesque Tso Moriri Lake.","Korzok, a quaint village in the Rupshu Valley of Ladakh, is an epitome of natural beauty, spiritual tranquility, and cultural heritage. The village is situated on the western bank of Tso Moriri Lake, which is the highest Ramsar site in the world. The villagers of Korzok are predominantly Tibetans, following the Buddhist tradition, and the village is home to the ancient Korzok Monastery, also known as the Tso Moriri Gompa. As a visitor, one can immerse themselves in the spirituality of the place, explore the heritage of the village through its monasteries, and indulge in breathtaking views of the surrounding landscape. The pristine Tso Moriri Lake, with its crystal-clear waters reflecting the vibrant hues of the sky, offers a visual treat like no other, while the stark beauty of the Rupshu Valley provides a unique perspective on the high-altitude landscape of Ladakh.","[""The Korzok Monastery, a 17th-century gompa, stands proudly at the edge of the village, providing a glimpse into the region's rich Buddhist heritage."",""Tso Moriri Lake, a high-altitude wetland and a crucial stopover for migratory birds, offers an unparalleled opportunity for birdwatching and nature photography."",""The annual Korzok Gustor Festival, celebrated with vibrant costumes, masks, and rituals, is an exclusive experience that allows visitors to delve into the local culture and traditions."",""The Nomadic Life Camps around Korzok, where visitors can experience the traditional lifestyle of the nomadic tribes, including their unique customs, cuisine, and ways of living."",""The scenic drive to Korzok from Leh, winding through the stunning landscapes of Ladakh, including the high passes of Tanglang La and Puga Valley.""]",Village,"['Nature', 'Spiritual', 'Meditation', 'Temple Visit', 'Heritage Walk', 'Photography']",8100,₹8k–₹12k,3,Summer – Spring,"['Summer', 'Spring']",Moderate,Quiet,https://upload.wikimedia.org/wikipedia/commons/8/80/Korzok_Gompa%2C_Korzok_Village%2C_Rupshu_Valley%2C_Ladakh%2C_Jammu_%26_Kashmir%2C_India_-_26.08.09.jpg,"['https://upload.wikimedia.org/wikipedia/commons/8/80/Korzok_Gompa%2C_Korzok_Village%2C_Rupshu_Valley%2C_Ladakh%2C_Jammu_%26_Kashmir%2C_India_-_26.08.09.jpg', 'https://images.unsplash.com/photo-1464822759023-fed622ff2c3b?auto=format&fit=crop&w=1800&q=80', 'https://images.unsplash.com/photo-1500382017468-9049fed747ef?auto=format&fit=crop&w=1800&q=80', 'https://images.unsplash.com/photo-1470071459604-3b5ec3a7fe05?auto=format&fit=crop&w=1800&q=80', 'https://images.unsplash.com/photo-1507525428034-b723cf961d3e?auto=format&fit=crop&w=1800&q=80']","['Trek to the Tso Moriri Lake and explore its shores, taking in the breathtaking views and spotting the variety of flora and fauna.', 'Attend a prayer ceremony at the Korzok Monastery, which provides a deep understanding of the local Buddhist traditions and customs.', 'Visit the Nomadic Life Camps to learn about the daily life and struggles of the nomadic people, and to experience their warm hospitality.', 'Take a guided tour of the village, exploring its narrow lanes, historic monasteries, and interacting with the friendly locals.']","['The viewpoint near the Korzok Monastery, offering a panoramic view of the Tso Moriri Lake and the surrounding landscape.', 'The shores of Tso Moriri Lake, with its unique rock formations and vibrant birdlife, providing ample opportunities for nature and wildlife photography.', ""The Nomadic Life Camps, with their traditional tents and nomadic families, presenting a chance to capture the authentic lifestyle of the region's nomads.""]","['Siddu', 'Pahadi Madra', 'Local Thali']","['Korzok Pahadi Rasoi Local Kitchen', 'Korzok Hilltop Cafe & Bistro']",[],Manali,33.04492,78.23639
30dae7c3-e188-4d54-93eb-a3a1dd5af4c6,bateshwar,Bateshwar,Uttar Pradesh,Northern India,A serene rows of 101 white Shiva temples along the Yamuna.,"Bateshwar is an ancient temple town located 70 km from Agra, famous for its grand complex of 101 Shiva temples aligned along a bend of the Yamuna River. Steeped in spirituality and folklore, it remains one of UP's best-kept historical secrets.","[""101 riverside Shiva temples"",""Bateshwar Cattle Fair in winter"",""Tranquil boat rides on the Yamuna"",""Historical ruins dating back to the Mahabharata""]",Village,"['Heritage', 'Culture', 'Photography', 'Spirituality']",6500,Under ₹8k,2,October – March,"['Autumn', 'Winter', 'Spring']",Easy,Untouched,https://images.unsplash.com/photo-1545128485-c400e7702796?auto=format&fit=crop&w=800&q=80,"['https://images.unsplash.com/photo-1545128485-c400e7702796?auto=format&fit=crop&w=800&q=80', 'https://images.unsplash.com/photo-1464822759023-fed622ff2c3b?auto=format&fit=crop&w=800&q=80', 'https://images.unsplash.com/photo-1500382017468-9049fed747ef?auto=format&fit=crop&w=800&q=80']","['Walk along the Yamuna river ghats', 'Visit the ancient Bateshwar temple complex', 'Take a sunset boat ride', 'Explore the nearby ruins of Bah']","['Shiva temples reflecting in the Yamuna', 'Sunset over the river ghats', 'Ancient temple architecture details']","['Bedai and Jalebi', 'Petha', 'Traditional North Indian thali']","['Local sweet stalls', 'Temple prasad stalls', 'Bateshwar Heritage Rest House']","['Agra (75 km)', 'Chambal Wildlife Sanctuary (35 km)', 'Fatehabad (40 km)']",Varanasi,26.9372,78.5372
33123190-548f-48e3-b41c-99d7b694c98d,mawlyngbna,Mawlyngbna,Meghalaya,Northeastern India,"An adventure hub of animal fossils, split rocks, and natural springs.","Mawlyngbna is an adventure-filled eco-tourism village situated on a hilltop in the East Khasi Hills, overlooking the plains of Bangladesh. Reached from Mawsynram, it is famous for prehistoric animal fossils, natural freshwater springs, giant split rocks, and water sports in Umkhakoi Lake.","[""See 200-million-year-old marine animal fossils"",""Explore the deep corridors of Split Rock fissures"",""Go kayaking and canoeing in Umkhakoi Lake"",""Swim in the pristine natural hot geysers and pools""]",Village,"['Adventure', 'Nature', 'Water Sports', 'Trek']",8200,₹8k–₹12k,3,September – May,"['Autumn', 'Winter', 'Spring', 'Monsoon']",Moderate,Quiet,https://images.unsplash.com/photo-1501785888041-af3ef285b470?auto=format&fit=crop&w=800&q=80,"['https://images.unsplash.com/photo-1501785888041-af3ef285b470?auto=format&fit=crop&w=800&q=80', 'https://images.unsplash.com/photo-1507525428034-b723cf961d3e?auto=format&fit=crop&w=800&q=80']","['Walk the fossil trail guide by villagers', 'Squeeze through the massive Split Rock path', 'Kayaking and water rolling at Umkhakoi reservoir', 'Trek down to the Riat Riam Falls']","['Sea fossils embedded in flat rocky riverbed', 'Dramatic mossy walls of the Split Rock', 'Kayaks on the blue Umkhakoi Lake']","['Khasi red rice and dal', 'Local wild pepper stew', 'Ginger honey tea']","['Mawlyngbna Eco Lodge Canteen', 'Local village tea stalls']","['Mawsynram (15 km)', 'Shillong (75 km)', 'Cherrapunji (90 km)']",Cherrapunji Adventure,25.2167,91.5333
3451c544-1773-49b9-8141-11d82442471e,maredumilli,Maredumilli,Andhra Pradesh,Southern India,Discover the enchanting wilderness of Andhra Pradesh in the tranquil hills of Maredumilli.,"Tucked away in the Eastern Ghats, Maredumilli is a lesser-known gem in Andhra Pradesh that beckons adventure-seekers and nature lovers alike. This picturesque trekking destination is home to lush forests, rolling hills, and an array of wildlife. With its moderate climate and stunning scenery, Maredumilli offers a unique opportunity for trekking enthusiasts to explore the untamed beauty of the Indian wilderness.","[""Trek through the lush forests of the Eastern Ghats to witness the majestic Doddabbedodu waterfall, a haven for nature enthusiasts."",""Visit the historic Konda Reddy Buruju, a well-preserved 16th-century fortress that showcases the region's rich cultural heritage."",""Explore the scenic Maredumilli Reservoir, a serene spot for bird watching and picnics surrounded by nature's splendor."",""Witness the grandeur of the Eastern Ghats' stunning rock formations at the picturesque Kambalakonda Wildlife Sanctuary."",""Experience the region's unique biodiversity by spotting exotic species of birds, such as the Nilgiri Thrush and the Malabar Parakeet.""]",Trek,"['Nature', 'Adventure', 'Trekking', 'Camping', 'Rock Climbing', 'Bird Watching']",8100,₹8k–₹12k,3,Winter – Spring,"['Winter', 'Spring']",Easy,Quiet,https://upload.wikimedia.org/wikipedia/commons/thumb/0/04/Maredumilli.jpg/3840px-Maredumilli.jpg,"['https://upload.wikimedia.org/wikipedia/commons/thumb/0/04/Maredumilli.jpg/3840px-Maredumilli.jpg', 'https://images.unsplash.com/photo-1464822759023-fed622ff2c3b?auto=format&fit=crop&w=1800&q=80', 'https://images.unsplash.com/photo-1500382017468-9049fed747ef?auto=format&fit=crop&w=1800&q=80', 'https://images.unsplash.com/photo-1470071459604-3b5ec3a7fe05?auto=format&fit=crop&w=1800&q=80', 'https://images.unsplash.com/photo-1507525428034-b723cf961d3e?auto=format&fit=crop&w=1800&q=80']","['Embark on a guided trek through the dense forests of Maredumilli to discover hidden waterfalls, unique rock formations, and a diverse range of flora and fauna.', 'Pitch a tent amidst the lush greenery of the Western Ghats and spend a night under the stars, immersing yourself in the tranquility of the wilderness.', 'Take a dip in the natural springs of Doddabbedodu, said to possess medicinal properties, for a rejuvenating experience.', 'Explore the local villages and interact with the friendly Warli tribes, learning about their rich cultural heritage and traditions.']","[""Capture the breathtaking sunrise over the Maredumilli Reservoir, with the Eastern Ghats' majestic mountains in the backdrop."", 'Snap a photo of the stunning waterfall at Kambalakonda, amidst the lush foliage of the Kambalakonda Wildlife Sanctuary.', 'Picture-perfect moments await at the picturesque village of Maredumilli, with its traditional Warli huts, verdant fields, and vibrant local markets.']","['Traditional Thali', 'Filter Coffee', 'Local Seafood']","['Maredumilli Malgudi Filter Coffee & Tiffin', 'Maredumilli Sree Local Mess']",[],Lonavala,17.5989,81.7121
34cb2075-2b1b-49d2-a296-caa7bf02be3c,aritar-lake,Aritar Lake,Sikkim,Northeastern India,"Immerse in the serene essence of the Himalayas at Aritar Lake, a picturesque destination surrounded by towering mountains and lush forests.","Aritar Lake, situated in the East Sikkim district, is a tranquil and breathtaking destination that offers a unique blend of natural beauty and cultural richness. The lake's crystal-clear waters are surrounded by verdant forests, offering a haven for nature lovers and adventure enthusiasts. As one of the most beautiful destinations in Sikkim, Aritar Lake attracts visitors with its majestic mountain scenery, serene atmosphere, and opportunities for bird watching and photography. With its proximity to the Indo-Nepal border, Aritar Lake provides a fascinating glimpse into the region's unique cultural heritage and natural diversity.","[""The Lake's tranquil atmosphere and stunning scenery make it an ideal spot for nature lovers and photography enthusiasts."",""Take a stroll around the lake and enjoy the breathtaking views of the surrounding mountains and forests."",""Aritar Lake is a must-visit destination for bird watchers, with over 150 species of birds documented in the area."",""The nearby Druk Thupten Kubsum Temple, a beautiful Sikkimese monastery, offers a glimpse into the region's rich cultural heritage."",""The Aritar Gumpa, a scenic stupa located on a hill overlooking the lake, offers panoramic views of the surrounding landscape.""]",Mountain,"['Nature', 'Nature Walks', 'Photography', 'Local Sightseeing', 'Bird Watching']",8100,₹8k–₹12k,3,Summer – Spring,"['Summer', 'Spring']",Moderate,Quiet,https://images.unsplash.com/photo-1506461883276-594a12b11db3?q=80&w=1000&auto=format&fit=crop,"['https://images.unsplash.com/photo-1506461883276-594a12b11db3?q=80&w=1000&auto=format&fit=crop', 'https://images.unsplash.com/photo-1464822759023-fed622ff2c3b?auto=format&fit=crop&w=1800&q=80', 'https://images.unsplash.com/photo-1500382017468-9049fed747ef?auto=format&fit=crop&w=1800&q=80', 'https://images.unsplash.com/photo-1470071459604-3b5ec3a7fe05?auto=format&fit=crop&w=1800&q=80', 'https://images.unsplash.com/photo-1507525428034-b723cf961d3e?auto=format&fit=crop&w=1800&q=80']","['Take a leisurely boat ride on the lake, offering a serene and peaceful experience.', 'Explore the surrounding forests and hills on hiking trails, offering scenic views and opportunities to spot local wildlife.', 'Visit the nearby villages, such as Aritar and Chintapukur, to experience the local culture and way of life.', ""Go bird watching in the area, with expert guides providing insights into the region's unique avifauna.""]","[""The Aritar Lake's scenic shoreline, offering stunning views of the lake and surrounding mountains."", 'The Druk Thupten Kubsum Temple, with its picturesque architecture and serene surroundings.', 'The Aritar Gumpa, perched on a hill overlooking the lake, offering panoramic views of the surrounding landscape.']","['Smoked Pork with Bamboo Shoot', 'Local Rice Cake', 'Assamese Thali']","['Aritar Lake Local Tribal Kitchen', 'Aritar Lake The Bamboo Shoot Restaurant']",[],Darjeeling,27.1867,88.67662
351820d2-546f-4157-b031-688fa65e4852,morachi-chincholi,Morachi Chincholi,Maharashtra,Western India,"Experience the untamed beauty of rural Maharashtra at Morachi Chincholi, a quaint village surrounded by vast, rugged landscapes perfect for trekking and adventure.","Morachi Chincholi, located in the Ahmednagar district of Maharashtra, is a tranquil village known for its breathtaking natural scenery and exciting outdoor activities. The village is home to numerous peacock sanctuaries, earning it the nickname 'Peacock Sanctuary' or 'Mayur Sanctuary', and is a haven for birdwatchers and nature enthusiasts alike. With its rolling hills, rugged terrain, and picturesque landscapes, Morachi Chincholi offers a unique and exhilarating trekking experience, allowing visitors to immerse themselves in the region's rich flora and fauna. Whether you're a seasoned trekker, a passionate birdwatcher, or simply looking to escape the hustle and bustle of city life, Morachi Chincholi is an ideal destination for those seeking an authentic and unforgettable adventure in the great outdoors.","[""Witness the majestic peacocks in their natural habitat at the Morachi Chincholi Peacock Sanctuary"",""Explore the historic Shri Saibaba Temple, a significant pilgrimage site in the region"",""Visit the nearby Bhimashankar Temple, one of the twelve Jyotirlingas in India"",""Discover the unique rock formations and scenic vistas at the Harishchandragad Fort"",""Explore the quaint village of Morachi Chincholi, with its traditional homes and warm, welcoming locals""]",Trek,"['Nature', 'Adventure', 'Trekking', 'Camping', 'Rock Climbing', 'Bird Watching']",8100,₹8k–₹12k,3,Winter – Spring,"['Winter', 'Spring']",Easy,Quiet,https://images.unsplash.com/photo-1506461883276-594a12b11db3?q=80&w=1000&auto=format&fit=crop,"['https://images.unsplash.com/photo-1506461883276-594a12b11db3?q=80&w=1000&auto=format&fit=crop', 'https://images.unsplash.com/photo-1464822759023-fed622ff2c3b?auto=format&fit=crop&w=1800&q=80', 'https://images.unsplash.com/photo-1500382017468-9049fed747ef?auto=format&fit=crop&w=1800&q=80', 'https://images.unsplash.com/photo-1470071459604-3b5ec3a7fe05?auto=format&fit=crop&w=1800&q=80', 'https://images.unsplash.com/photo-1507525428034-b723cf961d3e?auto=format&fit=crop&w=1800&q=80']","['Embark on a guided trek through the rugged terrain, taking in the breathtaking views of the surrounding landscape', 'Go birdwatching in the peacock sanctuaries, spotting a variety of species including the majestic Indian peafowl', 'Try your hand at rock climbing, with numerous routes available for both beginners and experienced climbers', 'Set up camp in the wilderness, spending the evening gazing up at the star-filled night sky']","['The scenic viewpoint at the Harishchandragad Fort, offering panoramic views of the surrounding landscape', 'The Morachi Chincholi Peacock Sanctuary, where you can capture stunning images of the majestic birds in their natural habitat', 'The Bhimashankar Temple, with its unique architecture and picturesque surroundings making for a great photography opportunity']","['Dal Baati Churma', 'Saurashtra Thali', 'Goan Fish Curry']","['Morachi Chincholi Kathiyawadi Local Dhaba', 'Morachi Chincholi Rajasthani Thali House']",[],Lonavala,18.81557,74.1565
3587c9b7-2361-484c-afe7-27891d0d2768,namdapha-national-park,Namdapha National Park,Arunachal Pradesh,Northeastern India,"Discover the unspoiled wilderness of Namdapha National Park, a biodiversity hotspot in the Eastern Himalayas of Arunachal Pradesh","Namdapha National Park, situated in the Changlang district of Arunachal Pradesh, is the largest protected area in the Eastern Himalayas, covering an area of approximately 1,985 square kilometers. The park is known for its diverse range of flora and fauna, including several endangered species such as the snow leopard, clouded leopard, and the white-bellied heron. The region's unique geography, with elevations ranging from 200 to 4,500 meters above sea level, has created a variety of habitats that support an incredible array of plant and animal life. Visitors to the park can experience the stunning natural beauty of the Himalayas, with its lush forests, sparkling rivers, and snow-capped peaks, making it a true paradise for nature lovers and adventure seekers. The park's rich cultural heritage, with several ethnic tribes inhabiting the surrounding areas, adds another layer of depth to the visitor experience, offering a glimpse into the traditional ways of life of the region's indigenous people.","[""To spot the elusive snow leopard and other rare wildlife species in their natural habitat"",""To explore the park's varied landscapes, including tropical rainforests, subtropical forests, and alpine meadows"",""To visit the Lisu and Tangsa tribal villages, and experience their unique culture and traditions"",""To see the majestic white-bellied heron, one of the rarest birds in the world"",""To trek to the Deopani river, which flows through the heart of the park and offers stunning views of the surrounding landscape""]",Mountain,"['Wildlife', 'Nature Walks', 'Photography', 'Local Sightseeing', 'Bird Watching']",8100,₹8k–₹12k,3,Summer – Spring,"['Summer', 'Spring']",Moderate,Quiet,https://upload.wikimedia.org/wikipedia/commons/2/23/Forest_snow_Namdapha_IMG_3373_04.jpg,"['https://upload.wikimedia.org/wikipedia/commons/2/23/Forest_snow_Namdapha_IMG_3373_04.jpg', 'https://images.unsplash.com/photo-1464822759023-fed622ff2c3b?auto=format&fit=crop&w=1800&q=80', 'https://images.unsplash.com/photo-1500382017468-9049fed747ef?auto=format&fit=crop&w=1800&q=80', 'https://images.unsplash.com/photo-1470071459604-3b5ec3a7fe05?auto=format&fit=crop&w=1800&q=80', 'https://images.unsplash.com/photo-1507525428034-b723cf961d3e?auto=format&fit=crop&w=1800&q=80']","[""Taking a guided jungle trek to spot the park's incredible wildlife, including elephants, tigers, and bears"", ""Going on a birdwatching tour to spot some of the park's 425 species of birds, including the hornbill and the pheasant"", ""Rafting down the Noa Dihing river, which offers a thrilling ride through the park's stunning scenery"", ""Visiting the park's museum and interpretation center to learn more about the region's unique flora and fauna""]","['The Gandhichera viewpoint, which offers breathtaking views of the surrounding mountains and valleys', 'The Noa Dihing river, which flows through the heart of the park and offers stunning views of the surrounding landscape', ""The Deopani river valley, which is surrounded by towering mountains and offers a glimpse into the park's unique geology""]","['Smoked Pork with Bamboo Shoot', 'Local Rice Cake', 'Assamese Thali']","['Namdapha National Park Local Tribal Kitchen', 'Namdapha National Park The Bamboo Shoot Restaurant']",[],Shillong,27.47088,96.55524
35ce17b6-db6d-4055-b770-732fab341bbd,satkosia-gorge,Satkosia Gorge,Odisha,Eastern India,"Experience the raw power of the Mahanadi River carving its path through ancient hills, a sanctuary for incredible wildlife and pristine natural beauty.","Satkosia Gorge is a magnificent geological formation where the Mahanadi River dramatically cuts a 22-kilometer-long gorge through the Eastern Ghats. This unique landscape forms the core of the Satkosia Tiger Reserve, one of India's most significant conservation areas. The name 'Satkosia' itself refers to 'seven kos' (a unit of distance), signifying the impressive length of the gorge. The region is a vital habitat for a diverse array of flora and fauna, including Gharial and Mugger crocodiles, tigers, leopards, elephants, and numerous bird species.
Beyond its breathtaking natural beauty, Satkosia offers a profound insight into sustainable eco-tourism, with local communities often involved in guiding visitors and managing eco-camps. This offers a chance to experience the serene wilderness and understand the intricate balance between human life and nature. A visit here is an immersive journey into the heart of Odisha's wild heritage, where the quiet grandeur of the river and forests provides a unique retreat.","[""Tikarpada Gharial Research and Conservation Centre, dedicated to protecting the endangered Gharial crocodiles."",""The awe-inspiring 22-kilometer-long Mahanadi Gorge, a geological marvel showcasing the river's power."",""The rich biodiversity of the Satkosia Tiger Reserve, offering glimpses of various mammals and avian species."",""Chhotkei Eco-Village, providing an authentic and sustainable stay amidst nature with local community involvement."",""Dense, untouched deciduous forests of the Eastern Ghats, ideal for nature enthusiasts and researchers.""]",Mountain,"['Nature', 'Wildlife', 'Nature Walks', 'Photography', 'Local Sightseeing', 'Bird Watching']",8100,₹8k–₹12k,3,Winter – Spring,"['Winter', 'Spring']",Easy,Quiet,https://upload.wikimedia.org/wikipedia/commons/9/97/Satkosia_gorge.jpg,"['https://upload.wikimedia.org/wikipedia/commons/9/97/Satkosia_gorge.jpg', 'https://images.unsplash.com/photo-1464822759023-fed622ff2c3b?auto=format&fit=crop&w=1800&q=80', 'https://images.unsplash.com/photo-1500382017468-9049fed747ef?auto=format&fit=crop&w=1800&q=80', 'https://images.unsplash.com/photo-1470071459604-3b5ec3a7fe05?auto=format&fit=crop&w=1800&q=80', 'https://images.unsplash.com/photo-1507525428034-b723cf961d3e?auto=format&fit=crop&w=1800&q=80']","['Embark on a tranquil boat safari on the Mahanadi River through the gorge, spotting crocodiles and various water birds.', 'Undertake jungle trekking and guided nature walks around Tikarpada or Chhotkei to explore the diverse forest ecosystem.', 'Engage in dedicated wildlife and bird photography sessions within the Satkosia Tiger Reserve.', 'Stay in an eco-tent or cottage at Chhotkei or Purunakote eco-camps for an immersive nature experience.']","['Panoramic views of the Mahanadi River winding through the gorge from vantage points near Tikarpada.', 'Capturing the dramatic cliff faces and riverine wildlife from the unique perspective of a boat safari within the gorge.', 'The serene forest landscapes and mist-laden mornings around Chhotkei Eco-Village, especially at sunrise or sunset.']","['Local Traditional Thali', 'Spicy Curry']","['Satkosia Gorge Bengali Spice Junction', 'Satkosia Gorge Maa Durga Local Hotel']",[],Manali,20.60412,84.90062
373608ef-0ea0-4a87-8e44-51cd27ff6c59,tranquebar,Tranquebar,Tamil Nadu,Southern India,"Uncover the hidden gems of Tranquebar's ancient Danish quarter, set against a backdrop of sun-kissed beaches and tranquil backwaters.","Tranquebar, a quaint coastal town in Tamil Nadu, is a charming blend of Danish colonial heritage and Indian beach culture. Founded in 1620 by the Danish, this historic town boasts a unique architecture that reflects its rich cultural diversity. As you stroll through its narrow streets, you'll discover centuries-old churches, charming homes, and ancient ruins that whisper tales of the past. With its pristine beaches, tranquil backwaters, and vibrant cultural scene, Tranquebar is an idyllic getaway for those seeking a relaxing escape from the hustle and bustle of city life. Whether you're a history buff, a beach lover, or an adventure-seeker, Tranquebar has something for everyone.","[""Explore the 17th-century Fort Dansborg, a historic fort built by the Danish East India Company."",""Visit the Zion Church, a stunning example of Danish colonial architecture that dates back to 1718."",""Discover the fascinating history of Tranquebar's Danish Quarter, with its unique blend of European and Indian influences."",""Relax on the picturesque Velankanni Beach, known for its golden sands and crystal-clear waters."",""Take a boat ride through the tranquil Tranquebar Backwaters, home to a variety of aquatic life and scenic landscapes.""]",Beach,"['Spiritual', 'Beach', 'Swimming', 'Sunbathing', 'Beach Walks', 'Boat Ride']",8100,₹8k–₹12k,3,Winter – Spring,"['Winter', 'Spring']",Easy,Quiet,https://upload.wikimedia.org/wikipedia/commons/thumb/2/27/New_Jerusalem_Church%2C_Tranquebar_1.jpg/3840px-New_Jerusalem_Church%2C_Tranquebar_1.jpg,"['https://upload.wikimedia.org/wikipedia/commons/thumb/2/27/New_Jerusalem_Church%2C_Tranquebar_1.jpg/3840px-New_Jerusalem_Church%2C_Tranquebar_1.jpg', 'https://images.unsplash.com/photo-1464822759023-fed622ff2c3b?auto=format&fit=crop&w=1800&q=80', 'https://images.unsplash.com/photo-1500382017468-9049fed747ef?auto=format&fit=crop&w=1800&q=80', 'https://images.unsplash.com/photo-1470071459604-3b5ec3a7fe05?auto=format&fit=crop&w=1800&q=80', 'https://images.unsplash.com/photo-1507525428034-b723cf961d3e?auto=format&fit=crop&w=1800&q=80']","['Go swimming and sunbathing on the pristine beaches of Tranquebar, perfect for unwinding and soaking up the sun.', 'Embark on a leisurely beach walk along the Velankanni Beach, taking in the stunning views of the Bay of Bengal.', 'Take a boat ride through the tranquil backwaters, getting up close with the local birdlife and scenic landscapes.', ""Visit the Tranquebar Museum to learn about the town's rich history and cultural heritage, with exhibits showcasing its Danish and Indian connections.""]","[' Capture the stunning sunrises over the Velankanni Beach, with the golden sands and turquoise waters creating a breathtaking backdrop.', ' Snap photos of the ancient Fort Dansborg, a fascinating blend of Danish and Indian architectural styles.', 'Take a scenic boat ride through the tranquil backwaters, getting up close with the local birdlife and scenic landscapes.']","['Traditional Thali', 'Filter Coffee', 'Local Seafood']","['Tranquebar Malgudi Filter Coffee & Tiffin', 'Tranquebar Sree Local Mess']",[],Goa,11.02993,79.8522
384a989f-9486-44b0-82d4-429e9095ae24,narkanda,Narkanda,Himachal Pradesh,Northern India,Narkanda: Where majestic Hatu Peak stands sentinel over ancient apple orchards and panoramic Himalayan vistas.,"Narkanda, nestled in the Shimla district of Himachal Pradesh, stands as a serene high-altitude town, approximately 65 km from Shimla. Geographically, it's renowned for its elevation (around 8,850 feet), offering breathtaking panoramic views of the Greater Himalayas and the dense deodar and pine forests that carpet its slopes. Historically, it served as a significant stop on the Hindustan-Tibet Road, an ancient trade route. The local experience is deeply intertwined with apple cultivation, as Narkanda lies in the heart of Himachal's apple belt. The culture reflects a traditional Himachali way of life, with strong community bonds, local festivals, and a tranquil, unhurried pace, making it a haven for those seeking solace amidst nature.","[""Trekking to Hatu Peak and the Hatu Mata Temple for spiritual solace and stunning views."",""Experiencing thrilling winter skiing and snowboarding on Narkanda's renowned slopes."",""Exploring the historic apple orchards of Thanedar, pioneered by Samuel Stokes, the 'Apple Man of Himachal'."",""Witnessing the pristine beauty and tranquility of Tani Jubbar Lake, surrounded by deodar forests."",""Enjoying panoramic views of the Shivalik and Dhauladhar ranges from higher elevations.""]",Trek,"['Nature', 'Adventure', 'Trekking', 'Camping', 'Rock Climbing', 'Bird Watching']",8100,₹8k–₹12k,3,Summer – Spring,"['Summer', 'Spring']",Moderate,Quiet,https://upload.wikimedia.org/wikipedia/commons/8/81/NARKANDA.jpg,"['https://upload.wikimedia.org/wikipedia/commons/8/81/NARKANDA.jpg', 'https://images.unsplash.com/photo-1464822759023-fed622ff2c3b?auto=format&fit=crop&w=1800&q=80', 'https://images.unsplash.com/photo-1500382017468-9049fed747ef?auto=format&fit=crop&w=1800&q=80', 'https://images.unsplash.com/photo-1470071459604-3b5ec3a7fe05?auto=format&fit=crop&w=1800&q=80', 'https://images.unsplash.com/photo-1507525428034-b723cf961d3e?auto=format&fit=crop&w=1800&q=80']","['Undertake the challenging trek through dense forests to Hatu Peak, visiting the Hatu Mata Temple at the summit.', 'Indulge in skiing or snowboarding during the winter months at the Hatu Slopes, ideal for both beginners and experienced skiers.', 'Visit the historic apple orchards in Thanedar, especially during the blossom (spring) or harvest (autumn) season for a cultural insight.', 'Go camping beside the serene Tani Jubbar Lake, surrounded by deodar trees, offering a peaceful retreat and opportunities for bird watching.']","['The summit of Hatu Peak, offering a 360-degree view of the Himalayan ranges, including Kedarnath and Badrinath peaks.', 'The serene banks of Tani Jubbar Lake with the ancient Nag Devta Temple and reflections of surrounding deodar trees.', 'The expansive apple orchards of Thanedar, particularly at Stokes Farm, with the backdrop of snow-capped peaks and vibrant foliage.']","['Siddu', 'Pahadi Madra', 'Local Thali']","['Narkanda Pahadi Rasoi Local Kitchen', 'Narkanda Hilltop Cafe & Bistro']",[],Manali,31.25475,77.46127
39ae8f42-b68d-497b-852d-ae76eacffcbf,polo-forest,Polo Forest,Gujarat,Western India,"Escape to the pristine Polo Forest in Gujarat, a mountain retreat teeming with wildlife, nature walks, and photography opportunities.","Polo Forest, nestled in the Gujarat's Banaskantha district, is a hidden gem waiting to be discovered. This mountainous region is a haven for nature enthusiasts and wildlife aficionados, with its lush green forests, majestic hills, and diverse fauna. The forest is home to several species of plants, animals, and birds, making it an ideal destination for trekking, bird watching, and photography. The region's unique culture and history are also reflected in its ancient Jain temples and ruins, which are a testament to its rich heritage. As visitors wander through the forest, they can experience the tranquility of nature, the thrill of spotting wildlife, and the beauty of the picturesque landscapes.","[""Harnav Dam, a scenic spot for picnics and bird watching"",""Jain Temples, ancient ruins that showcase the region's rich history and culture"",""Trevor's Tank, a picturesque lake that offers stunning views and opportunities for photography"",""The Polo Forest Wildlife Sanctuary, a protected area that is home to a diverse range of flora and fauna"",""The scenic village of Polo, with its traditional houses and stunning mountain views""]",Mountain,"['Nature', 'Wildlife', 'Nature Walks', 'Photography', 'Local Sightseeing', 'Bird Watching']",8100,₹8k–₹12k,3,Winter – Spring,"['Winter', 'Spring']",Easy,Quiet,https://upload.wikimedia.org/wikipedia/commons/4/4d/Polo_Forest_Area.jpg,"['https://upload.wikimedia.org/wikipedia/commons/4/4d/Polo_Forest_Area.jpg', 'https://images.unsplash.com/photo-1464822759023-fed622ff2c3b?auto=format&fit=crop&w=1800&q=80', 'https://images.unsplash.com/photo-1500382017468-9049fed747ef?auto=format&fit=crop&w=1800&q=80', 'https://images.unsplash.com/photo-1470071459604-3b5ec3a7fe05?auto=format&fit=crop&w=1800&q=80', 'https://images.unsplash.com/photo-1507525428034-b723cf961d3e?auto=format&fit=crop&w=1800&q=80']","['Trek to the top of the Polo Hill for breathtaking views of the surrounding landscape', ""Take a guided tour of the Jain Temples and learn about the region's history and culture"", 'Go bird watching at the Harnav Dam and spot a variety of species', 'Explore the Polo Forest Wildlife Sanctuary and spot wildlife such as deer, monkeys, and birds']","['The sunrise point at the Polo Hill, offering stunning views of the surrounding mountains', ""The Trevor's Tank, with its picturesque lake and surrounding landscape"", 'The ancient Jain Temples, with their intricate carvings and stunning architecture']","['Dal Baati Churma', 'Saurashtra Thali', 'Goan Fish Curry']","['Polo Forest Kathiyawadi Local Dhaba', 'Polo Forest Rajasthani Thali House']",[],Lonavala,23.98804,73.31491
3b287025-66bd-4816-b625-00a75ff81a27,rishyap,Rishyap,West Bengal,Eastern India,"Perched in the Eastern Himalayas, Rishyap is a tranquil trekking haven in West Bengal, offering breathtaking views of the snow-capped Kanchenjunga range.","Rishyap, a picturesque village in the Darjeeling district of West Bengal, is a trekker's paradise nestled in the lap of the Eastern Himalayas. The region boasts a rich cultural heritage, with influences from Nepal, Bhutan, and Tibet. As a visitor, you can immerse yourself in the stunning natural beauty of the area, with the majestic Kanchenjunga range towering in the distance. The local flora and fauna are equally impressive, with rhododendron forests, orchids, and a variety of bird species calling the region home. With its perfect blend of adventure, nature, and culture, Rishyap is an ideal destination for those seeking an offbeat experience in the Himalayas. The best time to visit Rishyap is during the spring and autumn seasons, when the weather is pleasant and the skies are clear, offering unobstructed views of the surrounding mountains.","[""Trek to the nearby Tiffin Dara viewpoint, which offers panoramic views of the Kanchenjunga range and the surrounding valleys"",""Explore the pristine forests of the Neora Valley National Park, home to a variety of flora and fauna, including the endangered red panda"",""Visit the sacred deity of the local people, the Durga Mandir, a beautiful temple dedicated to the goddess Durga"",""Witness the breathtaking sunrise over the Kanchenjunga range from the Rishyap ridge, a moment that will leave you in awe of nature's beauty""]",Trek,"['Nature', 'Adventure', 'Trekking', 'Camping', 'Rock Climbing', 'Bird Watching']",8100,₹8k–₹12k,3,Winter – Spring,"['Winter', 'Spring']",Easy,Quiet,https://upload.wikimedia.org/wikipedia/commons/c/c4/Rishop%2Cwest_bengal%2CIndia.jpg,"['https://upload.wikimedia.org/wikipedia/commons/c/c4/Rishop%2Cwest_bengal%2CIndia.jpg', 'https://images.unsplash.com/photo-1464822759023-fed622ff2c3b?auto=format&fit=crop&w=1800&q=80', 'https://images.unsplash.com/photo-1500382017468-9049fed747ef?auto=format&fit=crop&w=1800&q=80', 'https://images.unsplash.com/photo-1470071459604-3b5ec3a7fe05?auto=format&fit=crop&w=1800&q=80', 'https://images.unsplash.com/photo-1507525428034-b723cf961d3e?auto=format&fit=crop&w=1800&q=80']","['Trek to the Tiffin Dara viewpoint, a challenging yet rewarding hike that offers stunning views of the Kanchenjunga range', 'Go bird watching in the Neora Valley National Park, which is home to over 100 species of birds, including the rare and endangered species', 'Take a guided rock climbing tour in the surrounding hills, which offer challenging routes for both beginners and experienced climbers', 'Embark on a camping trip in the wilderness of the Neora Valley National Park, where you can spend the night under the stars and wake up to the sounds of nature']","['The Tiffin Dara viewpoint, which offers a 360-degree view of the Kanchenjunga range and the surrounding valleys', 'The Rishyap ridge, which offers breathtaking views of the sunrise over the Kanchenjunga range', 'The Neora Valley National Park, which is home to a variety of flora and fauna, and offers stunning views of the surrounding mountains']","['Local Traditional Thali', 'Spicy Curry']","['Rishyap Bengali Spice Junction', 'Rishyap Maa Durga Local Hotel']",[],Darjeeling,27.11125,88.6532
3b3e3acc-dcf4-4bd8-89fa-eed2a2ea7cb3,amboli,Amboli,Maharashtra,Western India,"Experience the misty charm of Amboli, a hidden hill station in Maharashtra, tucked away in the Sahyadri hills of Western India","Amboli, located in the Sindhudurg district of Maharashtra, is a scenic hill station that boasts of breathtaking natural beauty. The region is known for its lush green forests, rolling hills, and numerous waterfalls, making it an ideal destination for nature lovers and adventure seekers. With its rich cultural heritage and colonial history, Amboli offers a unique blend of traditional and modern experiences. The hill station is surrounded by the Sahyadri ranges, which are home to a wide variety of flora and fauna, including several species of birds, making it a paradise for birdwatchers and trekkers.","[""Visit the Nangarta Falls, a picturesque waterfall that cascades down a steep rocky slope, creating a misty veil that surrounds the area"",""Explore the Madhavgarh Fort, a historic fort that dates back to the 18th century and offers stunning views of the surrounding landscape"",""Trek to the Shirgaonkar Point, a scenic viewpoint that provides breathtaking views of the Konkan coast and the surrounding hills"",""Spot exotic bird species at the Hiranya Keshi Temple, a sacred temple that is surrounded by lush green forests and is known for its rich avifauna""]",Mountain,"['Trekking', 'Bird Watching', 'Nature Walks', 'Photography']",8100,₹8k–₹12k,3,Winter – Spring,"['Winter', 'Spring']",Easy,Quiet,https://upload.wikimedia.org/wikipedia/commons/4/48/Amboli5.jpg,"['https://upload.wikimedia.org/wikipedia/commons/4/48/Amboli5.jpg', 'https://images.unsplash.com/photo-1464822759023-fed622ff2c3b?auto=format&fit=crop&w=1800&q=80', 'https://images.unsplash.com/photo-1500382017468-9049fed747ef?auto=format&fit=crop&w=1800&q=80', 'https://images.unsplash.com/photo-1470071459604-3b5ec3a7fe05?auto=format&fit=crop&w=1800&q=80', 'https://images.unsplash.com/photo-1507525428034-b723cf961d3e?auto=format&fit=crop&w=1800&q=80']","['Embark on a guided trek to the nearby hills and forests, which offer stunning views of the surrounding landscape and an opportunity to spot exotic wildlife', 'Take a leisurely walk through the rolling hills and lush green forests, which are home to a wide variety of flora and fauna', 'Go birdwatching in the nearby forests, which are home to several species of birds, including the malabar whistling thrush and the indian grey hornbill', 'Visit the local markets, which sell a wide range of local handicrafts and souvenirs, including intricately carved wooden items and colorful textiles']","['The Terekhol River Viewpoint, which offers stunning views of the Terekhol River as it flows through the rocky landscape', 'The Amboli Ghat Viewpoint, which provides breathtaking views of the surrounding hills and the Konkan coast', 'The Sunset Point, which offers stunning views of the sunset as it dips into the horizon, casting a golden glow over the surrounding landscape']","['Dal Baati Churma', 'Saurashtra Thali', 'Goan Fish Curry']","['Amboli Kathiyawadi Local Dhaba', 'Amboli Rajasthani Thali House']",[],Goa,20.88762,79.35721
3dcc4956-a6a1-4fdc-bda2-321f225ef067,sualkuchi,Sualkuchi,Assam,Northeastern India,"Immerse yourself in the serenity of Assam's weavers' village, Sualkuchi, nestled between the majestic hills of the Eastern Mountains.","Tucked away in the verdant folds of the Eastern Mountains, Sualkuchi, or the silk village of Assam, is a haven for nature lovers and adventure seekers. This picturesque weavers' hamlet has earned its place on the India Tourism map for its enchanting natural beauty, rich cultural heritage, and its vibrant community of artisans. Stroll through the lush meadows and verdant valleys of the mountainous terrain, where the sweet scent of tea plantations fills the air and the distant calls of the majestic great Indian hornbill echo through the sky. Explore the rustic homes of the weavers, adorned with vibrant Muga silk fabrics, and marvel at the intricate patterns and designs that showcase the artistic skill of this indigenous community.","[""Discover the exquisite Muga silk handloom tradition, which dates back centuries in the village's weaving community."",""Admire the stunning 14th-century Shiva temples in the nearby village of Kakari, built with intricately carved pillars and ancient stones."",""Visit the majestic Manas Tiger Reserve, a UNESCO World Heritage site, to catch a glimpse of the elusive Bengal tiger and its majestic companions."",""Experience the local Assamese culture, through the music and dance of its people, at a live folk show with the community's artisans and performers."",""Walk through the verdant tea gardens, with an air of mystery, to witness tea-making at an early 20th-century colonial-era factory, now transformed into a heritage site.""]",Mountain,"['Nature', 'Nature Walks', 'Photography', 'Local Sightseeing', 'Bird Watching']",8100,₹8k–₹12k,3,Summer – Spring,"['Summer', 'Spring']",Moderate,Quiet,https://upload.wikimedia.org/wikipedia/commons/thumb/a/af/Sualkuchi_Budhram_Madhab_Satradhikar_College.jpg/1920px-Sualkuchi_Budhram_Madhab_Satradhikar_College.jpg,"['https://upload.wikimedia.org/wikipedia/commons/thumb/a/af/Sualkuchi_Budhram_Madhab_Satradhikar_College.jpg/1920px-Sualkuchi_Budhram_Madhab_Satradhikar_College.jpg', 'https://images.unsplash.com/photo-1464822759023-fed622ff2c3b?auto=format&fit=crop&w=1800&q=80', 'https://images.unsplash.com/photo-1500382017468-9049fed747ef?auto=format&fit=crop&w=1800&q=80', 'https://images.unsplash.com/photo-1470071459604-3b5ec3a7fe05?auto=format&fit=crop&w=1800&q=80', 'https://images.unsplash.com/photo-1507525428034-b723cf961d3e?auto=format&fit=crop&w=1800&q=80']","['Go trekking through the picturesque trails, with experienced guides, to explore the uncharted corners of the majestic Eastern Mountain range.', 'Join a handloom-weaving workshop to learn the ancient techniques of Muga silk production and design your own intricate patterns.', 'Spend a day birdwatching in the Manas National Park, spotting the diverse avian species that call this region home, with expert guides.', 'Take a scenic boat ride along the scenic rivers and streams of the forest, witnessing the beauty of the waterways and the wildlife that surrounds them.']","['Capture the serene beauty of the tea gardens at dusk, with the mist-shrouded hills as a backdrop.', 'Admire the intricate carvings and patterns of the Shiva temples in Kakari village, with the majestic Eastern Mountains towering above.', 'Photograph the vibrant Muga silk fabrics, hand-woven by the artisans of Sualkuchi, showcasing the rich traditions of their craft.']","['Smoked Pork with Bamboo Shoot', 'Local Rice Cake', 'Assamese Thali']","['Sualkuchi Local Tribal Kitchen', 'Sualkuchi The Bamboo Shoot Restaurant']",[],Shillong,26.16991,91.57085
3eb645dc-8aac-4c82-bebd-732822af2e65,garhpanchkot,Garhpanchkot,West Bengal,Eastern India,Ancient terracotta temple ruins at the foothills of Panchet Hill.,"Garhpanchkot is a historical site situated at the foothills of Panchet Hill in the Purulia district of West Bengal. The ruins are remnants of a medieval fort and temple complex constructed by the Panchkot Raj dynasty. Characterized by beautiful terracotta architecture and structures like the Pancharatna temple, the site is surrounded by dense forests and is located close to the scenic Panchet Dam on the Damodar River.","[""Remarkable terracotta ruins of the Pancharatna (five-spire) temple"",""Lush, green settings of Panchet Hill and the surrounding forests"",""Historic ruins of the watchtowers and fort walls of the Panchkot Raj"",""Proximity to the sprawling Panchet Dam and boating facilities""]",Village,"['Culture', 'History', 'Nature']",8100,₹8k–₹12k,3,October to March,"['Winter', 'Spring']",Easy,Quiet,https://images.unsplash.com/photo-1506461883276-594a12b11db3?q=80&w=1000&auto=format&fit=crop,"['https://images.unsplash.com/photo-1506461883276-594a12b11db3?q=80&w=1000&auto=format&fit=crop', 'https://images.unsplash.com/photo-1464822759023-fed622ff2c3b?auto=format&fit=crop&w=1800&q=80', 'https://images.unsplash.com/photo-1500382017468-9049fed747ef?auto=format&fit=crop&w=1800&q=80', 'https://images.unsplash.com/photo-1470071459604-3b5ec3a7fe05?auto=format&fit=crop&w=1800&q=80', 'https://images.unsplash.com/photo-1507525428034-b723cf961d3e?auto=format&fit=crop&w=1800&q=80']","['Exploring medieval terracotta architecture and historical temples', 'Trekking up Panchet Hill for sweeping views of the valley', 'Boating and picnicking near Panchet Dam', 'Bird watching in the surrounding forest areas']","['Terracotta Pancharatna Temple', 'Lush green valley view from Panchet Hill top', 'Panchet Dam reservoir sunset']","['Local Traditional Thali', 'Spicy Curry']","['Garhpanchkot Bengali Spice Junction', 'Garhpanchkot Maa Durga Local Hotel']",[],Darjeeling,23.6196,86.7797
3ebb8a78-b49a-4e8a-b645-b8a304ef5ee8,wilson-hills,Wilson Hills,Gujarat,Western India,"Escape to the serene and picturesque Wilson Hills, a hidden gem in Gujarat's verdant landscape, offering breathtaking views, trekking trails, and an abundance of flora and fauna.","Located in the state of Gujarat, Wilson Hills is a tranquil mountain station that stands at an elevation of 750 meters above sea level. The region is named after Lord Wilson, the Governor of Bombay, who discovered this hill station in the early 20th century. Rich in biodiversity, Wilson Hills is home to a variety of bird species, making it a paradise for birdwatchers and nature enthusiasts. The hill station boasts of lush green forests, cascading waterfalls, and rolling hills, providing ample opportunities for trekking, hiking, and nature walks. With its pleasant weather and scenic surroundings, Wilson Hills is an ideal getaway for those seeking to escape the chaos of city life and reconnect with nature.","[""The Marble Palace, a stunning architectural marvel made of white marble, offering breathtaking views of the surrounding landscape"",""The Wilson Hills Waterfall, a picturesque cascade that creates a misty veil, perfect for photography and picnics"",""The Barumal Temple, a ancient temple dedicated to Lord Shiva, perched atop a hill, offering panoramic views of the valley"",""The Lady Wilson Museum, a small museum showcasing the history and culture of the region, with a collection of artifacts and memorabilia"",""The sunset point, a scenic spot that offers a spectacular view of the setting sun, painting the sky with hues of orange, pink, and purple""]",Mountain,"['Nature', 'Nature Walks', 'Photography', 'Local Sightseeing', 'Bird Watching']",8100,₹8k–₹12k,3,Winter – Spring,"['Winter', 'Spring']",Easy,Quiet,https://upload.wikimedia.org/wikipedia/commons/c/ce/Wilson_Hills_Road.JPG,"['https://upload.wikimedia.org/wikipedia/commons/c/ce/Wilson_Hills_Road.JPG', 'https://images.unsplash.com/photo-1464822759023-fed622ff2c3b?auto=format&fit=crop&w=1800&q=80', 'https://images.unsplash.com/photo-1500382017468-9049fed747ef?auto=format&fit=crop&w=1800&q=80', 'https://images.unsplash.com/photo-1470071459604-3b5ec3a7fe05?auto=format&fit=crop&w=1800&q=80', 'https://images.unsplash.com/photo-1507525428034-b723cf961d3e?auto=format&fit=crop&w=1800&q=80']","['Trek to the nearby hills and explore the forests, spotting exotic bird species and flora', ""Take a guided nature walk, learning about the region's unique ecosystem and biodiversity"", 'Go birdwatching, spotting species like the Indian peafowl, grey hornbill, and the Malabar whistling thrush', 'Visit the local villages, interacting with the tribal communities and learning about their customs and traditions']","['The valley view point, offering a breathtaking panoramic view of the surrounding landscape', 'The Marble Palace, with its stunning architecture and picturesque backdrop', 'The Wilson Hills Waterfall, with its lush green surroundings and misty veil']","['Dal Baati Churma', 'Saurashtra Thali', 'Goan Fish Curry']","['Wilson Hills Kathiyawadi Local Dhaba', 'Wilson Hills Rajasthani Thali House']",[],Lonavala,20.50811,73.35631
3ebc73ed-c490-4bfe-b27b-61a1ccfb4ff1,chitkul,Chitkul,Himachal Pradesh,Northern India,The last village before the Indo-Tibet border.,"At 3,450 m on the Baspa river, Chitkul is the final inhabited village on the old Hindustan-Tibet road. Wooden Kinnauri houses, apple orchards and a glacier-fed river the colour of mint.","[""Last village before the China border"",""Wooden Kinnauri architecture and ancient Mathi temple"",""Baspa river walks and trout fishing"",""Star skies on the cleanest air in India""]",Village,"['Nature', 'Photography', 'Peaceful Retreat', 'Adventure']",13000,₹11k–₹15k,5,May – October,"['Spring', 'Summer', 'Autumn']",Moderate,Quiet,https://res.cloudinary.com/dizqquqfs/image/upload/q_auto/f_auto/v1781869312/chitkul4_v1vu0t.jpg,"['https://res.cloudinary.com/dizqquqfs/image/upload/q_auto/f_auto/v1781869312/chitkul4_v1vu0t.jpg', 'https://res.cloudinary.com/dizqquqfs/image/upload/q_auto/f_auto/v1781869309/chitkul3_jtwst2.jpg', 'https://res.cloudinary.com/dizqquqfs/image/upload/q_auto/f_auto/v1781869308/chitkul1_wpsuc4.jpg', 'https://res.cloudinary.com/dizqquqfs/image/upload/q_auto/f_auto/v1781869308/chitkul2_yhbbqz.jpg']","['Walk to the Indo-Tibet border post', 'Sit by the Baspa river with chai from Hindustan Ka Aakhri Dhaba', 'Day-trip to Sangla and Kamru Fort', 'Stargazing from the riverside camps']","['Kinnauri homes beneath snow-capped mountains', 'Mathi Temple surrounded by Himalayan peaks', ""Welcome to Chitkul, India's last village""]","['Siddu', 'Chha gosht', 'Babru', 'Trout from the Baspa']","['Hindustan Ka Aakhri Dhaba', ""The Wanderer's Cafe"", 'Baspa Valley Cafe']","['Sangla', 'Kalpa', 'Reckong Peo', 'Kamru Fort']",Manali,31.35179,78.43591
3efce084-f333-417a-b5dc-8d8d76ef03d2,champhai,Champhai,Mizoram,Northeastern India,"Perched on the Indo-Myanmar border, Champhai in Mizoram offers a unique blend of adventure, nature, and culture, amidst its rolling hills and verdant valleys.","Champhai, a picturesque district in the eastern part of Mizoram, is known for its stunning landscapes, rich cultural heritage, and exciting opportunities for adventure sports. The town's proximity to the Myanmar border adds an interesting dimension to its history and identity. With its lush green forests, sparkling waterfalls, and meandering rivers, Champhai is a trekker's paradise. The region is home to the Mizo people, known for their hospitality and unique customs, making it an ideal destination for cultural enthusiasts. From rock climbing and camping to bird watching and trekking, Champhai offers a wide range of activities for adventure seekers. The district's rugged terrain, dotted with villages and tribal settlements, provides a glimpse into the traditional way of life of the Mizo people.","[""Visit the Murlen National Park, a biodiversity hotspot with a wide range of flora and fauna, including the rare species of birds and animals."",""Explore the Rih Dil Lake, a sacred lake for the Mizo people, believed to have healing properties and surrounded by picturesque hills and forests."",""Experience the vibrant culture of the Mizo people at the Champhai market, where you can see traditional handicrafts, try local cuisine, and interact with the friendly locals."",""Trek to the top of the Thasiama Seno Neihna, a hill that offers breathtaking views of the surrounding landscape and the Myanmar border."",""See the historic Khawkhung Memorial, a monument dedicated to the heroes of the Mizo freedom struggle.""]",Trek,"['Nature', 'Adventure', 'Trekking', 'Camping', 'Rock Climbing', 'Bird Watching']",8100,₹8k–₹12k,3,Summer – Spring,"['Summer', 'Spring']",Moderate,Quiet,https://upload.wikimedia.org/wikipedia/commons/e/e9/Champhai%2C_Mizoram%2C_from_south%2C_with_Zotlang_in_the_foreground.jpg,"['https://upload.wikimedia.org/wikipedia/commons/e/e9/Champhai%2C_Mizoram%2C_from_south%2C_with_Zotlang_in_the_foreground.jpg', 'https://images.unsplash.com/photo-1464822759023-fed622ff2c3b?auto=format&fit=crop&w=1800&q=80', 'https://images.unsplash.com/photo-1500382017468-9049fed747ef?auto=format&fit=crop&w=1800&q=80', 'https://images.unsplash.com/photo-1470071459604-3b5ec3a7fe05?auto=format&fit=crop&w=1800&q=80', 'https://images.unsplash.com/photo-1507525428034-b723cf961d3e?auto=format&fit=crop&w=1800&q=80']","['Trek to the Murlen National Park to spot rare species of birds and animals.', 'Go rock climbing at the granite cliffs of the Thasiama Seno Neihna hill.', 'Take a guided bird watching tour to spot the unique species of birds found in the region.', 'Camp at the Rih Dil Lake and experience the serene beauty of the surrounding landscape.']","['The viewpoint at the top of the Thasiama Seno Neihna hill, offering panoramic views of the surrounding landscape.', 'The Rih Dil Lake, surrounded by picturesque hills and forests.', 'The scenic valleys and rolling hills of the Murlen National Park.']","['Smoked Pork with Bamboo Shoot', 'Local Rice Cake', 'Assamese Thali']","['Champhai Local Tribal Kitchen', 'Champhai The Bamboo Shoot Restaurant']",[],Shillong,23.63173,93.34932
3f375185-5928-4700-bddf-5d1450c33875,panhala-fort,Panhala Fort,Maharashtra,Western India,"Experience the historic grandeur and breathtaking vistas of Panhala Fort, a 13th-century citadel nestled in the picturesque Sahyadri mountain range of Maharashtra.","Panhala Fort, situated in the Kolhapur district of Maharashtra, is a treasure trove of history, culture, and natural beauty. This ancient fort, built by Raja Bhoja II in the 13th century, boasts an impressive architecture that showcases the ingenuity of the bygone era. Perched atop a hill, the fort offers panoramic views of the surrounding landscape, with the rolling hills and valleys stretching as far as the eye can see. As a visitor, you can delve into the rich history of the fort, explore the remnants of the past, and immerse yourself in the local culture. The fort's proximity to the Western Ghats also makes it a haven for nature enthusiasts and trekkers, who can explore the lush forests, spot exotic bird species, and embark on thrilling adventures. With its unique blend of history, culture, and natural beauty, Panhala Fort is an ideal destination for those seeking an offbeat experience in rural Maharashtra. The villagers, with their warm hospitality, add to the charm of the place, making visitors feel at home.","[""Explore the historic Panhala Fort, with its impressive architecture and remnants of the past"",""Visit the iconic Ambarkhana, a three-storeyed granary that showcases the ingenuity of the bygone era"","" Witness the stunning views of the surrounding landscape from the fort's ramparts"",""Discover the nearby Parsuram Temple, a revered shrine dedicated to Lord Parsuram"",""Uncover the secrets of the fort's strategically located Andhar Bavadi, a hidden well""]",Village,"['Nature', 'Culture', 'Trekking', 'Bird Watching', 'Nature Walks', 'Photography']",8100,₹8k–₹12k,3,Winter – Spring,"['Winter', 'Spring']",Easy,Quiet,https://upload.wikimedia.org/wikipedia/commons/thumb/f/fd/Teen_darwaza_panhala.jpg/3840px-Teen_darwaza_panhala.jpg,"['https://upload.wikimedia.org/wikipedia/commons/thumb/f/fd/Teen_darwaza_panhala.jpg/3840px-Teen_darwaza_panhala.jpg', 'https://images.unsplash.com/photo-1464822759023-fed622ff2c3b?auto=format&fit=crop&w=1800&q=80', 'https://images.unsplash.com/photo-1500382017468-9049fed747ef?auto=format&fit=crop&w=1800&q=80', 'https://images.unsplash.com/photo-1470071459604-3b5ec3a7fe05?auto=format&fit=crop&w=1800&q=80', 'https://images.unsplash.com/photo-1507525428034-b723cf961d3e?auto=format&fit=crop&w=1800&q=80']","['Embark on a guided trek to the nearby hills and valleys, offering breathtaking views of the surrounding landscape', 'Go bird watching in the lush forests surrounding the fort, home to exotic species like the Malabar Hornbill and the Indian Peafowl', 'Take a leisurely nature walk through the picturesque villages, interacting with the locals and experiencing their warm hospitality', 'Capture the stunning vistas and historic landmarks through your lens, making for a unique photography experience']","['The majestic Sajja Kothi, a historic tower offering panoramic views of the surrounding landscape', ""The picturesque views of the valley from the fort's ramparts, especially during sunrise and sunset"", ""The ancient temple of Someshwar, nestled in the heart of the fort and offering a glimpse into the region's rich cultural heritage""]","['Dal Baati Churma', 'Saurashtra Thali', 'Goan Fish Curry']","['Panhala Fort Kathiyawadi Local Dhaba', 'Panhala Fort Rajasthani Thali House']",[],Goa,16.8089,74.10823
3f47926e-c64f-45f3-9f8d-0847496a9fc1,dzukou-valley,Dzukou Valley,Nagaland,Northeastern India,"Explore the majestic Dzukou Valley, a haven of wildflowers, serene lakes, and breathtaking vistas in the untouched landscapes of Nagaland.","Dzukou Valley, situated at an altitude of 2,452 meters above sea level, is a picturesque valley nestled amidst the rolling hills of Nagaland. This valley is a treasure trove of natural beauty, with carpets of wildflowers that bloom in every color of the rainbow, gentle streams, and a mesmerizing landscape that changes with the seasons. The valley's unique geography, with its lush green forests and vibrant flora, makes it a paradise for nature lovers, trekkers, and wildlife enthusiasts. As one of Nagaland's most popular tourist attractions, Dzukou Valley offers an unforgettable experience, with its gentle climate, stunning scenery, and an array of thrilling activities to indulge in.","[""Witness the breathtaking beauty of the valley's famous wildflowers, which bloom in the months of June and July"",""Trek to the highest point of the valley, which offers a panoramic view of the surrounding hills and valleys"",""Explore the valley's many natural caves and rock formations, which are steeped in local legend and folklore"",""Visit the nearby village of Viswema, which offers a glimpse into the traditional Naga way of life and culture""]",Valley,"['Nature', 'Wildlife', 'Trekking', 'Bird Watching', 'Nature Walks', 'Photography']",8100,₹8k–₹12k,3,Summer – Spring,"['Summer', 'Spring']",Moderate,Quiet,https://upload.wikimedia.org/wikipedia/commons/thumb/f/f0/Dzuko_Valley_Guest_House.jpg/3840px-Dzuko_Valley_Guest_House.jpg,"['https://upload.wikimedia.org/wikipedia/commons/thumb/f/f0/Dzuko_Valley_Guest_House.jpg/3840px-Dzuko_Valley_Guest_House.jpg', 'https://images.unsplash.com/photo-1464822759023-fed622ff2c3b?auto=format&fit=crop&w=1800&q=80', 'https://images.unsplash.com/photo-1500382017468-9049fed747ef?auto=format&fit=crop&w=1800&q=80', 'https://images.unsplash.com/photo-1470071459604-3b5ec3a7fe05?auto=format&fit=crop&w=1800&q=80', 'https://images.unsplash.com/photo-1507525428034-b723cf961d3e?auto=format&fit=crop&w=1800&q=80']","[""Take a guided trek through the valley's winding trails, which offer stunning views of the surrounding landscape"", ""Go birdwatching, and spot some of the valley's unique and exotic bird species"", ""Try your hand at angling, and catch some of the valley's famous trout and other fish species"", ""Take a leisurely walk through the valley's lush meadows, and enjoy a picnic amidst the beautiful scenery""]","[""The valley's iconic 'Horizon Point', which offers a breathtaking view of the surrounding hills and valleys"", ""The 'Wildflower Meadows', which are a kaleidoscope of color and beauty during the blooming season"", ""The 'Dzukou River', which flows gently through the valley and offers a picturesque backdrop for photography""]","['Smoked Pork with Bamboo Shoot', 'Local Rice Cake', 'Assamese Thali']","['Dzukou Valley Local Tribal Kitchen', 'Dzukou Valley The Bamboo Shoot Restaurant']",[],Goa,25.55168,94.12168
413f4bfc-1705-4fba-949f-7280e8a2a3d5,diu-island,Diu Island,Dadra and Nagar Haveli and Daman and Diu,Western India,A tranquil fortress island steeped in Portuguese history.,"Diu is a historic coastal island off the southern coast of Gujarat's Kathiawar peninsula. With its massive 16th-century sea fort, Portuguese-style churches, cliffs, and quiet sandy beaches, it is a peaceful haven away from the mainland hustle.","[""Diu Fort, a massive sea fortress with cannons"",""St. Paul's Church and architectural ruins"",""Quiet sands of Jallandhar and Nagoa Beach"",""Watching sunsets from the Naida Caves""]",Island,"['Heritage', 'Beach', 'Culture', 'Relaxed Escape']",7500,Under ₹8k,3,October – March,"['Autumn', 'Winter', 'Spring']",Easy,Quiet,https://images.unsplash.com/photo-1510414842594-a61c69b5ae57?auto=format&fit=crop&w=800&q=80,"['https://images.unsplash.com/photo-1510414842594-a61c69b5ae57?auto=format&fit=crop&w=800&q=80', 'https://images.unsplash.com/photo-1507525428034-b723cf961d3e?auto=format&fit=crop&w=800&q=80', 'https://images.unsplash.com/photo-1470071459604-3b5ec3a7fe05?auto=format&fit=crop&w=800&q=80']","['Explore the Diu Fort ramparts', 'Walk through the Naida Caves rock formations', 'Sunbathe at Ghoghla Beach', ""Visit the Shell Museum's collections""]","['Naida Caves sunbeams reflecting off rocks', 'Diu Fort battlements overlooking the ocean', 'Sunset at Jallandhar Beach']","['Fresh sea lobster', 'Diu Portuguese styled seafood', 'Local Gujarati thali']","[""O'Coqueiro Garden Restaurant"", 'Night view beachside shacks', 'Diu Fort Tea Stall']","['Somnath (90 km)', 'Gir National Park (110 km)', 'Veraval (90 km)']",Daman,20.7144,70.9822
42a4e565-3518-4f5b-a8eb-68ce38e9ae65,kannur,Kannur,Kerala,Southern India,Discover the untamed beauty of Northern Kerala's scenic coastline and lush green hill stations.,"Kannur, located in the north Malabar region of Kerala, is a trekker's paradise due to its unique geography which features a mix of rugged hills, dense forests, and a pristine coastline. The region has a rich cultural heritage, with influences from ancient civilizations such as the Zamorins of Calicut. The city boasts a unique blend of tropical monsoon climate and tropical wet climate, resulting in lush green forests, vast plains, and towering hill stations. Trekking through the dense forest reserves, hill stations, and along the coastline offers an unparalleled experience amidst nature.","[""The Ayyappa Shrine located in the Kanatharkunnu hill which provides panoramic views of the surrounding area."",""The trek to the top of the Kannur Lighthouse, which offers breathtaking views of the Arabian Sea and the surrounding landscape."",""The ancient Sree Ranipuram, the birthplace of Lord Rama, according to local legend, offering a glimpse into the region's rich history and mythology."",""The tranquil waters of the Pazhayangadi River flowing through the beautiful surroundings of Kannur."",""The stunning Thottada Beach, a picturesque beach with golden sands and crystal-clear waters, perfect for a rejuvenating retreat.""]",Trek,"['Nature', 'Adventure', 'Trekking', 'Camping', 'Rock Climbing', 'Bird Watching']",8100,₹8k–₹12k,3,Winter – Spring,"['Winter', 'Spring']",Easy,Quiet,https://upload.wikimedia.org/wikipedia/commons/f/f6/Kannur_Skyline_3.jpg,"['https://upload.wikimedia.org/wikipedia/commons/f/f6/Kannur_Skyline_3.jpg', 'https://images.unsplash.com/photo-1464822759023-fed622ff2c3b?auto=format&fit=crop&w=1800&q=80', 'https://images.unsplash.com/photo-1500382017468-9049fed747ef?auto=format&fit=crop&w=1800&q=80', 'https://images.unsplash.com/photo-1470071459604-3b5ec3a7fe05?auto=format&fit=crop&w=1800&q=80', 'https://images.unsplash.com/photo-1507525428034-b723cf961d3e?auto=format&fit=crop&w=1800&q=80']","['Explore the scenic hills and valleys of the Mokeri and Kannur ranges through expert-led trekking expeditions.', 'Participate in bird-watching tours in the wetlands and forests near Pazhayangadi River to spot exotic species of birds.', 'Indulge in rock climbing and rappelling at the rugged hills of the Kannur Range for an adrenaline-packed adventure.', ""Visit the local spice plantations to learn about the region's prized spices and enjoy a leisurely stroll amidst the fragrant groves.""]","[""The scenic Muzhupillangad Road, known as the 'Longest Beach in Asia', offering breathtaking views of the Arabian Sea."", ""The tranquil waters of the Asipuzha Beach, a serene and peaceful spot to capture the region's natural beauty."", 'The lush green forests of the Korambu Hills, providing a stunning backdrop for nature photography and trekking enthusiasts alike.']","['Traditional Thali', 'Filter Coffee', 'Local Seafood']","['Kannur Malgudi Filter Coffee & Tiffin', 'Kannur Sree Local Mess']",[],Lonavala,11.87638,75.3738
430c3d9b-a69f-4a01-b8c8-bf7d8cb7c2c8,ramappa-temple,Ramappa Temple,Telangana,Southern India,"Explore the magnificent 12th-century Ramappa Temple, a UNESCO World Heritage Site nestled within the sapphire hills of Telangana.","Located in the remote village of Palampet, Ramappa Temple stands as a testament to the rich cultural heritage of Telangana. This ancient temple, dedicated to Lord Shiva, exemplifies the unique architecture of the Kakatiya dynasty, characterized by its intricate carvings and imposing structure. As you step into the temple complex, immerse yourself in the serenity of its surroundings, surrounded by lush green forests and the gentle sounds of nature.","[""Behold the towering structure of Ramappa Temple, adorned with magnificent sculptures of gods and goddesses from Hindu mythology."",""Wander through the temple's intricately carved corridors, adorned with bas-reliefs depicting the epic stories of the Mahabharata and the Ramayana."",""Observe the exceptional artistry of the Kakatiya dynasty's artisans, evident in the beautifully crafted stone carvings and ornaments."",""Discover the tranquil surroundings, perfect for meditation and spiritual introspection, as you wander through the temple complex.""]",Village,"['Spiritual', 'Meditation', 'Temple Visit', 'Heritage Walk', 'Photography']",8100,₹8k–₹12k,3,Winter – Spring,"['Winter', 'Spring']",Easy,Quiet,https://upload.wikimedia.org/wikipedia/commons/thumb/2/29/Ramappa_Temple_%28Human_Scale%29.jpg/3840px-Ramappa_Temple_%28Human_Scale%29.jpg,"['https://upload.wikimedia.org/wikipedia/commons/thumb/2/29/Ramappa_Temple_%28Human_Scale%29.jpg/3840px-Ramappa_Temple_%28Human_Scale%29.jpg', 'https://images.unsplash.com/photo-1464822759023-fed622ff2c3b?auto=format&fit=crop&w=1800&q=80', 'https://images.unsplash.com/photo-1500382017468-9049fed747ef?auto=format&fit=crop&w=1800&q=80', 'https://images.unsplash.com/photo-1470071459604-3b5ec3a7fe05?auto=format&fit=crop&w=1800&q=80', 'https://images.unsplash.com/photo-1507525428034-b723cf961d3e?auto=format&fit=crop&w=1800&q=80']","[""Embark on a guided heritage walk to learn about the temple's history and significance."", 'Participate in a traditional Telangana dance performance, showcasing the local culture and folk music.', 'Join a meditation session at the temple, led by expert instructors, to connect with your inner self.', ""Capture breathtaking photographs of the temple's architecture, lush green surroundings, and the majestic hills of Telangana.""]","['The majestic Ramappa Temple, especially during sunset when the light casts a golden glow on its intricate carvings.', 'The serene Ramappa Lake, a perfect spot to capture the reflections of the temple and the surrounding hills.', 'The lush green forests surrounding the temple, offering a picturesque backdrop for nature and wildlife photography.']","['Traditional Thali', 'Filter Coffee', 'Local Seafood']","['Ramappa Temple Malgudi Filter Coffee & Tiffin', 'Ramappa Temple Sree Local Mess']",[],Lonavala,18.2593,79.94325
4342e9ad-2179-41f0-9562-a8a919624725,dirang,Dirang,Arunachal Pradesh,Northeastern India,"Experience the unspoiled beauty of the Eastern Himalayas in Dirang, a trekker's paradise nestled in the heart of Arunachal Pradesh","Dirang, a picturesque town in the West Kameng district of Arunachal Pradesh, is a nature lover's haven. With its stunning landscapes, diverse wildlife, and rich cultural heritage, Dirang offers an unforgettable experience for trekkers and adventure enthusiasts. The town is surrounded by the majestic Himalayan ranges, with the Dirang River flowing gently through it. The region is home to several tribes, including the Monpa and Sherdukpen communities, who have preserved their unique traditions and customs. As a trekking destination, Dirang offers numerous trails that cater to different skill levels, from easy walks to challenging climbs, providing breathtaking views of the surrounding mountains and valleys.","[""The Dirang Dzong, a 17th-century fort that showcases the region's rich history and architecture"",""The Sangti Valley, a scenic destination known for its beautiful scenery and diverse wildlife, including the endangered black-necked crane"",""The hot water springs, a natural wonder that is believed to have healing properties"",""The Thubchog Gatsel Ling Monastery, a beautiful Buddhist monastery that offers stunning views of the surrounding landscape""]",Trek,"['Nature', 'Adventure', 'Trekking', 'Camping', 'Rock Climbing', 'Bird Watching']",8100,₹8k–₹12k,3,Summer – Spring,"['Summer', 'Spring']",Moderate,Quiet,https://upload.wikimedia.org/wikipedia/commons/thumb/7/7a/Dirang_Valley.jpg/3840px-Dirang_Valley.jpg,"['https://upload.wikimedia.org/wikipedia/commons/thumb/7/7a/Dirang_Valley.jpg/3840px-Dirang_Valley.jpg', 'https://images.unsplash.com/photo-1464822759023-fed622ff2c3b?auto=format&fit=crop&w=1800&q=80', 'https://images.unsplash.com/photo-1500382017468-9049fed747ef?auto=format&fit=crop&w=1800&q=80', 'https://images.unsplash.com/photo-1470071459604-3b5ec3a7fe05?auto=format&fit=crop&w=1800&q=80', 'https://images.unsplash.com/photo-1507525428034-b723cf961d3e?auto=format&fit=crop&w=1800&q=80']","['Trek to the Eaglenest Wildlife Sanctuary, a protected area that is home to a wide range of flora and fauna', 'Go rock climbing in the rugged terrain of the Dirang Valley', ""Take a guided bird watching tour to spot some of the region's rare and endangered species"", 'Participate in a traditional Monpa or Sherdukpen cultural program to experience the local customs and traditions']","['The viewpoint at the top of the Dirang Dzong, which offers panoramic views of the surrounding landscape', 'The scenic Sangti Valley, with its rolling hills and picturesque villages', 'The Thubchog Gatsel Ling Monastery, with its beautiful architecture and stunning views of the surrounding mountains']","['Smoked Pork with Bamboo Shoot', 'Local Rice Cake', 'Assamese Thali']","['Dirang Local Tribal Kitchen', 'Dirang The Bamboo Shoot Restaurant']",[],Shillong,27.36008,92.24121
4374ea66-5985-421d-b77e-cf418a163f3c,keibul-lamjao-national-park,Keibul Lamjao National Park,Manipur,Northeastern India,"Experience the unique floating park of Keibul Lamjao, home to the iconic Sangai deer and a haven for nature enthusiasts in Manipur's majestic mountains.","Located in the Bishnupur district of Manipur, Keibul Lamjao National Park is the world's only floating national park, situated on the Loktak Lake. This park is renowned for its unique ecosystem, which supports a wide variety of flora and fauna, including the endangered Sangai deer, also known as the brow-antlered deer or dancing deer. The park's floating wetlands, known as 'phumdis,' provide a natural habitat for various species of birds, making it a paradise for birdwatchers and nature lovers. With its breathtaking scenery and diverse wildlife, Keibul Lamjao National Park offers an unforgettable experience for visitors, allowing them to connect with nature and unwind in the midst of Manipur's serene mountains. The park's cultural significance is also evident in its connection to the local communities, who have traditionally relied on the park's resources for their livelihood.","[""To witness the rare and endangered Sangai deer in its natural habitat"",""To explore the unique floating wetlands or 'phumdis' of Loktak Lake"",""To spot a variety of migratory and resident bird species, including waterbirds and birds of prey"",""To learn about the traditional fishing practices of the local communities and their dependence on the lake's ecosystem"",""To take part in a guided trek or nature walk to discover the park's diverse flora and fauna""]",Mountain,"['Wildlife', 'Nature Walks', 'Photography', 'Local Sightseeing', 'Bird Watching']",8100,₹8k–₹12k,3,Summer – Spring,"['Summer', 'Spring']",Moderate,Quiet,https://upload.wikimedia.org/wikipedia/commons/3/3c/CervusEldiAMNH.jpg,"['https://upload.wikimedia.org/wikipedia/commons/3/3c/CervusEldiAMNH.jpg', 'https://images.unsplash.com/photo-1464822759023-fed622ff2c3b?auto=format&fit=crop&w=1800&q=80', 'https://images.unsplash.com/photo-1500382017468-9049fed747ef?auto=format&fit=crop&w=1800&q=80', 'https://images.unsplash.com/photo-1470071459604-3b5ec3a7fe05?auto=format&fit=crop&w=1800&q=80', 'https://images.unsplash.com/photo-1507525428034-b723cf961d3e?auto=format&fit=crop&w=1800&q=80']","[""Take a boat ride on Loktak Lake to observe the floating phumdis and the park's aquatic life"", 'Go on a guided birdwatching tour to identify and learn about the various bird species found in the park', 'Embark on a nature trek to spot the Sangai deer and other wildlife, such as otters and wild boars', 'Visit the local villages to experience the traditional culture and cuisine of Manipur']","[""The watchtower at the park's entrance, offering a panoramic view of the lake and surrounding wetlands"", 'The floating phumdis at sunrise or sunset, when the light creates a breathtaking landscape', 'The Sangai deer viewing points, where visitors can capture images of these rare and majestic creatures']","['Smoked Pork with Bamboo Shoot', 'Local Rice Cake', 'Assamese Thali']","['Keibul Lamjao National Park Local Tribal Kitchen', 'Keibul Lamjao National Park The Bamboo Shoot Restaurant']",[],Shillong,24.48516,93.83854
44369c48-d60e-4a56-8e2d-7d9c875c7353,valiyaparamba-backwaters,Valiyaparamba Backwaters,Kerala,Southern India,"Experience the pristine beauty of Valiyaparamba Backwaters, where tranquil waters meet the unspoiled charm of the Arabian Sea.","Valiyaparamba Backwaters is a serene and secluded beach destination in the Kasaragod district of Kerala, India. This picturesque hamlet is situated near the confluence of the Valiyaparamba River and the Arabian Sea, where the calm waters of the backwaters blend seamlessly with the waves of the Indian Ocean. The landscape is dotted with swaying palm trees, sandy beaches, and lush greenery, offering a tranquil retreat for nature lovers and beach enthusiasts alike. As the sun rises over the horizon, the sky is painted with hues of pink and orange, a sight that will leave you mesmerized.","[""Explore the serene backwaters by traditional houseboat cruises, where you can spot a variety of marine life and witness the fishing activities of the local fishermen."",""Relish the tranquility of the beach, where you can soak up the sun, take leisurely beach walks, or simply relax in the shade of the palm trees."",""Visit the ancient Valiyaparamba Devi Temple, a 12th-century shrine dedicated to Goddess Durga, which is located on a small island in the backwaters."",""Take a dip in the crystal-clear waters of the Arabian Sea, where the ocean meets the shore, creating a soothing spectacle."",""Go kayaking or paddleboarding to explore the tranquil waters and mangrove forests of the Valiyaparamba Backwaters, an adventurous experience like no other.""]",Beach,"['Nature', 'Beach', 'Swimming', 'Sunbathing', 'Beach Walks', 'Boat Ride']",8100,₹8k–₹12k,3,Winter – Spring,"['Winter', 'Spring']",Easy,Quiet,https://upload.wikimedia.org/wikipedia/commons/e/ee/House_Boat_DSW.jpg,"['https://upload.wikimedia.org/wikipedia/commons/e/ee/House_Boat_DSW.jpg', 'https://images.unsplash.com/photo-1464822759023-fed622ff2c3b?auto=format&fit=crop&w=1800&q=80', 'https://images.unsplash.com/photo-1500382017468-9049fed747ef?auto=format&fit=crop&w=1800&q=80', 'https://images.unsplash.com/photo-1470071459604-3b5ec3a7fe05?auto=format&fit=crop&w=1800&q=80', 'https://images.unsplash.com/photo-1507525428034-b723cf961d3e?auto=format&fit=crop&w=1800&q=80']","['Participate in a traditional Kerala fishing experience, where you can learn the art of fishing and even catch your own seafood.', 'Take a sunset cruise on a traditional country boat to witness the breathtaking views of the Arabian Sea and the backwaters.', 'Relax at the Ayurvedic spa resorts in the area, which offer rejuvenating massages and therapies to soothe your mind and body.', 'Go birdwatching to spot a variety of bird species that inhabit the mangrove forests and backwaters of Valiyaparamba.']","['Capture the breathtaking views of the Arabian Sea and the backwaters from the Valiyaparamba Beach, especially during sunrise or sunset.', 'Take a photo of the majestic Valiyaparamba Devi Temple, a 12th-century shrine situated on a small island in the backwaters.', 'Snap a picture of the serene backwaters, where you can see the traditional houseboats and fishing boats navigating through the calm waters.']","['Traditional Thali', 'Filter Coffee', 'Local Seafood']","['Valiyaparamba Backwaters Malgudi Filter Coffee & Tiffin', 'Valiyaparamba Backwaters Sree Local Mess']",[],Goa,9.86348,76.3594
448f8bf3-4aee-4950-83af-0daa52a4f448,honnemardu,Honnemardu,Karnataka,Southern India,"Perched on the banks of the backwaters of the Linganamakki dam, Honnemardu is a serene mountain retreat in Karnataka, offering breathtaking views and exciting adventure activities.","Honnemardu, a quaint town in the Shimoga district of Karnataka, is nestled in the Western Ghats mountain range. The town is surrounded by lush green forests, rolling hills, and the tranquil backwaters of the Linganamakki dam, creating a picturesque landscape that is perfect for nature lovers and adventure seekers. With its rich biodiversity, Honnemardu is a haven for bird watchers, with over 200 species of birds documented in the area. The region's unique geography and climate also make it an ideal destination for trekking, kayaking, and other outdoor activities. As the sun sets over the backwaters, the sky is painted with hues of orange and pink, making Honnemardu a photographer's paradise.","[""The Linganamakki dam, a hydroelectric project that offers stunning views of the backwaters and the surrounding landscape"",""The Sharavathi Wildlife Sanctuary, a protected area that is home to a wide variety of flora and fauna, including tigers, leopards, and elephants"",""The Dabbe Falls, a picturesque waterfall that is surrounded by lush green forests and is perfect for a picnic or a trek"",""The Narasimha Parvatha, a hill that offers breathtaking views of the surrounding landscape and is a popular spot for trekking and hiking""]",Mountain,"['Nature', 'Nature Walks', 'Photography', 'Local Sightseeing', 'Bird Watching']",8100,₹8k–₹12k,3,Winter – Spring,"['Winter', 'Spring']",Easy,Quiet,https://upload.wikimedia.org/wikipedia/commons/1/16/Honnemoredu.jpg,"['https://upload.wikimedia.org/wikipedia/commons/1/16/Honnemoredu.jpg', 'https://images.unsplash.com/photo-1464822759023-fed622ff2c3b?auto=format&fit=crop&w=1800&q=80', 'https://images.unsplash.com/photo-1500382017468-9049fed747ef?auto=format&fit=crop&w=1800&q=80', 'https://images.unsplash.com/photo-1470071459604-3b5ec3a7fe05?auto=format&fit=crop&w=1800&q=80', 'https://images.unsplash.com/photo-1507525428034-b723cf961d3e?auto=format&fit=crop&w=1800&q=80']","['Trek to the top of the Narasimha Parvatha for panoramic views of the surrounding landscape', 'Kayak or canoe on the backwaters of the Linganamakki dam for a unique perspective on the town and its surroundings', 'Bird watching in the Sharavathi Wildlife Sanctuary, where you can spot a wide variety of bird species', 'Explore the surrounding forests and hills on a guided nature walk, where you can learn about the local flora and fauna']","['The sunset point on the banks of the backwaters, where you can capture stunning views of the sky and the surrounding landscape', 'The viewpoint on the Narasimha Parvatha, where you can take in the breathtaking views of the town and its surroundings', 'The Dabbe Falls, where you can capture the beauty of the waterfall and the surrounding forests']","['Traditional Thali', 'Filter Coffee', 'Local Seafood']","['Honnemardu Malgudi Filter Coffee & Tiffin', 'Honnemardu Sree Local Mess']",[],Lonavala,14.17815,74.87629
449cfb20-de6c-4dde-aa96-6833dd8c4a98,daksum,Daksum,Jammu and Kashmir,Northern India,"Daksum: Kashmir's hidden emerald, where pine forests whisper secrets to the crystalline Bringhi River.","Nestled in the Anantnag district of Jammu and Kashmir, Daksum is a pristine mountain retreat often hailed as a mini-Kashmir due to its breathtaking natural beauty. Situated at an altitude of approximately 2,438 meters (8,000 feet) within the picturesque Chenab Valley, it's a verdant paradise characterized by sprawling meadows, dense coniferous forests of pine and deodar, and the gentle gurgle of the Bringhi River. Historically, it served as a traditional stopover for nomadic Gujjar and Bakarwal shepherds migrating their flocks to higher pastures, a cultural heritage still observable today. Its serene ambiance and untouched landscape offer a profound sense of tranquility, far removed from bustling tourist circuits. The local experience is defined by pastoral simplicity, allowing visitors to immerse themselves in nature's quiet grandeur and observe traditional Kashmiri mountain life.","[""The pristine banks of the Bringhi River, ideal for riverside contemplation and picnics."",""Expansive alpine meadows, verdant carpets for peaceful strolls and picnicking."",""Dense coniferous forests offering a rich tapestry of flora and fauna for nature enthusiasts."",""Opportunities to observe the traditional nomadic lifestyle of Gujjar and Bakarwal communities."",""The untouched serenity and cool mountain climate, a perfect escape from city life.""]",Mountain,"['Nature', 'Nature Walks', 'Photography', 'Local Sightseeing', 'Bird Watching']",8100,₹8k–₹12k,3,Summer – Spring,"['Summer', 'Spring']",Moderate,Quiet,https://images.unsplash.com/photo-1506461883276-594a12b11db3?q=80&w=1000&auto=format&fit=crop,"['https://images.unsplash.com/photo-1506461883276-594a12b11db3?q=80&w=1000&auto=format&fit=crop', 'https://images.unsplash.com/photo-1464822759023-fed622ff2c3b?auto=format&fit=crop&w=1800&q=80', 'https://images.unsplash.com/photo-1500382017468-9049fed747ef?auto=format&fit=crop&w=1800&q=80', 'https://images.unsplash.com/photo-1470071459604-3b5ec3a7fe05?auto=format&fit=crop&w=1800&q=80', 'https://images.unsplash.com/photo-1507525428034-b723cf961d3e?auto=format&fit=crop&w=1800&q=80']","['Indulge in trout fishing along the designated stretches of the Bringhi River.', 'Embark on guided nature walks through the deodar and pine forests to discover local biodiversity.', 'Engage in bird watching to spot Himalayan monals, pheasants, and other indigenous species.', 'Set up a camp amidst the tranquil meadows or by the river for an immersive overnight experience.']","['The winding bends of the Bringhi River against the backdrop of towering pine and deodar trees.', 'The sun-drenched, undulating alpine meadows dotted with wildflowers during spring and summer.', 'Pastoral scenes of nomadic shepherds grazing their flocks on the gentle slopes, capturing authentic mountain life.']","['Siddu', 'Pahadi Madra', 'Local Thali']","['Daksum Pahadi Rasoi Local Kitchen', 'Daksum Hilltop Cafe & Bistro']",[],Manali,33.60916,75.41478
44f219f9-d798-4528-a552-11bf1f9ec3b9,benreu,Benreu,Nagaland,Northeastern India,"Experience the unspoiled wilderness of Nagaland at Benreu, a trekker's paradise nestled in the Eastern Himalayas","Benreu, a picturesque village in Nagaland, is a trekker's haven surrounded by lush forests, rolling hills, and majestic mountains. The region is home to the vibrant Ao Naga tribe, known for their rich cultural heritage and warm hospitality. As you trek through the dense forests and rugged terrain, you'll discover an array of exotic flora and fauna, including rare bird species and medicinal plants. The village offers breathtaking views of the surrounding landscape, with the majestic Saramati mountain range towering in the distance. Visitors can immerse themselves in the local culture by attending traditional festivals, interacting with the villagers, and sampling the delicious local cuisine.","[""Explore the historic and culturally significant Benreu Village, with its traditional Ao Naga houses and morungs"",""Trek to the summit of Mount Saramati, the highest peak in Nagaland, for panoramic views of the surrounding landscape"",""Visit the nearby Dzukou Valley, known for its stunning scenery, rare flowers, and diverse wildlife"",""Discover the unique rock formations and caves at the Totsu Cliff, a popular spot for rock climbing and adventure seekers"",""Attend the annual Ao Naga Festival, which showcases the rich cultural heritage and traditional practices of the local community""]",Trek,"['Nature', 'Adventure', 'Trekking', 'Camping', 'Rock Climbing', 'Bird Watching']",8100,₹8k–₹12k,3,Summer – Spring,"['Summer', 'Spring']",Moderate,Quiet,https://images.unsplash.com/photo-1506461883276-594a12b11db3?q=80&w=1000&auto=format&fit=crop,"['https://images.unsplash.com/photo-1506461883276-594a12b11db3?q=80&w=1000&auto=format&fit=crop', 'https://images.unsplash.com/photo-1464822759023-fed622ff2c3b?auto=format&fit=crop&w=1800&q=80', 'https://images.unsplash.com/photo-1500382017468-9049fed747ef?auto=format&fit=crop&w=1800&q=80', 'https://images.unsplash.com/photo-1470071459604-3b5ec3a7fe05?auto=format&fit=crop&w=1800&q=80', 'https://images.unsplash.com/photo-1507525428034-b723cf961d3e?auto=format&fit=crop&w=1800&q=80']","[""Go bird watching in the forests surrounding Benreu, home to rare species such as the Blyth's tragopan and the Himalayan monal"", 'Take a guided trek to the nearby Phokhungri Peak, offering breathtaking views of the Saramati mountain range', 'Learn about the local flora and fauna on a guided nature walk, led by experienced guides from the Ao Naga community', 'Participate in a traditional Ao Naga cooking class, where you can learn to prepare local delicacies such as smoked pork and fermented soya beans']","['The summit of Mount Saramati, offering panoramic views of the surrounding landscape', 'The Dzukou Valley, with its stunning scenery and rare flowers', 'The Totsu Cliff, with its unique rock formations and caves']","['Smoked Pork with Bamboo Shoot', 'Local Rice Cake', 'Assamese Thali']","['Benreu Local Tribal Kitchen', 'Benreu The Bamboo Shoot Restaurant']",[],Shillong,25.57419,93.85865
44f72698-faba-43f4-8d0e-153cdafd07dc,kurusadai-island,Kurusadai Island,Tamil Nadu,Southern India,"Experience the untouched beauty of Tamil Nadu's Kurusadai Island, a haven for nature lovers and beach enthusiasts.","Located in the Gulf of Mannar, off the coast of Tamil Nadu, Kurusadai Island is a serene getaway that promises to leave you enchanted. This small, picturesque island is a part of the Pamban Islands group and is surrounded by crystal-clear waters teeming with marine life. The island's pristine beaches, mangrove forests, and coral reefs make it an ideal destination for snorkeling, swimming, and sunbathing. The island's unique topography and biodiversity create a fascinating environment where you can spot a variety of birds, including ospreys, and engage in exciting activities like boat rides and beach walks. Kurusadai Island is a true gem of Tamil Nadu, waiting to be explored and cherished.","[""Explore the island's vibrant coral reefs and vibrant marine life while snorkeling in the crystal-clear waters."",""Visit the Kurusadai Island mangrove forest, a unique ecosystem where you can spot a variety of bird species and take a guided boat tour."",""Relax on the island's pristine beaches, perfect for swimming, sunbathing, and soaking up the tropical sun."",""Embark on a thrilling boat ride across the Gulf of Mannar to explore the island's rich marine life and stunning coastal scenery."",""Engage in a leisurely beach walk along the island's coastline, taking in the breathtaking views and spotting local wildlife.""]",Island,"['Wildlife', 'Beach', 'Swimming', 'Sunbathing', 'Beach Walks', 'Boat Ride']",8100,₹8k–₹12k,3,Winter – Spring,"['Winter', 'Spring']",Easy,Quiet,https://upload.wikimedia.org/wikipedia/commons/f/f3/Dugong.jpg,"['https://upload.wikimedia.org/wikipedia/commons/f/f3/Dugong.jpg', 'https://images.unsplash.com/photo-1464822759023-fed622ff2c3b?auto=format&fit=crop&w=1800&q=80', 'https://images.unsplash.com/photo-1500382017468-9049fed747ef?auto=format&fit=crop&w=1800&q=80', 'https://images.unsplash.com/photo-1470071459604-3b5ec3a7fe05?auto=format&fit=crop&w=1800&q=80', 'https://images.unsplash.com/photo-1507525428034-b723cf961d3e?auto=format&fit=crop&w=1800&q=80']","[""Go snorkeling in the island's coral reefs to spot colorful fish and other marine life."", ""Take a guided boat tour through the mangrove forest to catch a glimpse of the island's diverse bird species."", ""Try your hand at paddleboarding or kayaking to explore the island's coastline and get up-close to marine wildlife."", ""Participate in a beach cleanup initiative or conservation efforts to contribute to the island's preservation and sustainability.""]","[""Capture breathtaking sunsets on the island's western beach, with the Gulf of Mannar reflecting the vibrant hues of the sky."", ""Photograph the island's stunning mangrove forests, teeming with birdlife and unique trees."", ""Snap pictures of the island's pristine beaches, with their crystal-clear waters, powdery white sand, and scenic rock formations.""]","['Traditional Thali', 'Filter Coffee', 'Local Seafood']","['Kurusadai Island Malgudi Filter Coffee & Tiffin', 'Kurusadai Island Sree Local Mess']",[],Goa,9.24619,79.20936
458fd567-5b6a-409a-a600-d50db149e55c,long-island-andaman,Long Island,Andaman and Nicobar Islands,Southern India,A secluded island with zero cars and pristine bays.,"Long Island is a transient, car-free island in the Andaman archipelago. Surrounded by coconut groves and tropical forests, it is famous for Lalaji Bay Beach (a pristine crescent beach reached by a boat ride or forest trek) and its slow, peaceful island way of life.","[""Relax at the secluded, pristine Lalaji Bay Beach"",""Snorkel in the rich coral reefs of Guitar Island nearby"",""Enjoy a quiet, car-free village atmosphere"",""Trek through tropical forests and mangrove margins""]",Island,"['Beach', 'Nature', 'Peaceful Retreat', 'Offbeat']",10000,₹8k–₹12k,3,November – April,"['Winter', 'Spring']",Easy,Untouched,https://images.unsplash.com/photo-1544735716-392fe2489ffa?auto=format&fit=crop&w=800&q=80,"['https://images.unsplash.com/photo-1544735716-392fe2489ffa?auto=format&fit=crop&w=800&q=80', 'https://images.unsplash.com/photo-1507525428034-b723cf961d3e?auto=format&fit=crop&w=800&q=80']","['Trek to Lalaji Bay Beach (6 km through forest)', 'Take a day trip to the violin-shaped Guitar Island', 'Walk along the village wooden walkways', 'Rent a dinghy boat to explore mangrove channels']","['Secluded Lalaji Bay Beach', ""Guitar Island's white sandy tail"", 'Long Island jetty sunset']","['Fresh lobster and prawns', 'Coconut water', 'Basic Indian home cooked meals']","['Blue Planet Eco Cafe', 'Long Island Jetty dhabas']","['Rangat (30 km)', 'Lalaji Bay (5 km)', 'Guitar Island (4 km)']",Neil Island,12.3942,92.9308
46923613-ad93-4a2f-86d6-e1695b85cb11,toranmal,Toranmal,Maharashtra,Western India,"Nestled deep within the Sahyadri Mountains, Toranmal beckons trekking enthusiasts to immerse in its lush forests and majestic waterfalls.","Tucked away in the Sahyadri Mountains of Maharashtra, Toranmal is a haven for trekkers and nature lovers alike. This lesser-known gem boasts lush forests, gushing waterfalls, and picturesque valleys, making it an ideal destination for a serene trekking experience. As you make your way through the dense woods, the sounds of chirping birds, gentle breeze, and rustling leaves create a symphony that will leave you enchanted.","[""The majestic Gawikopp Tea Estate - a scenic trek that offers breathtaking views of rolling hills and endless tea gardens."",""The serene Gagane Waterfall, cascading down the rugged hills, creating a misty veil that shrouds the surroundings in an otherworldly aura."",""The tranquil Kavala Falls - a secluded haven where trekkers can unwind amidst nature's splendor and majesty."",""The lush Kalasubai Peak, an ideal spot for adventure-seekers to scale new heights and bask in the thrill of conquering nature."",""The ancient temple of Lord Shiva at Gawikopp, a poignant reminder of the region's rich cultural heritage and spiritual vitality.""]",Trek,"['Nature', 'Adventure', 'Trekking', 'Camping', 'Rock Climbing', 'Bird Watching']",8100,₹8k–₹12k,3,Winter – Spring,"['Winter', 'Spring']",Easy,Quiet,https://images.unsplash.com/photo-1506461883276-594a12b11db3?q=80&w=1000&auto=format&fit=crop,"['https://images.unsplash.com/photo-1506461883276-594a12b11db3?q=80&w=1000&auto=format&fit=crop', 'https://images.unsplash.com/photo-1464822759023-fed622ff2c3b?auto=format&fit=crop&w=1800&q=80', 'https://images.unsplash.com/photo-1500382017468-9049fed747ef?auto=format&fit=crop&w=1800&q=80', 'https://images.unsplash.com/photo-1470071459604-3b5ec3a7fe05?auto=format&fit=crop&w=1800&q=80', 'https://images.unsplash.com/photo-1507525428034-b723cf961d3e?auto=format&fit=crop&w=1800&q=80']","['Embark on a guided trek to explore the uncharted trails of Toranmal, immersing yourself in the sights and sounds of this unspoiled haven.', 'Set up camp under the star-studded sky, lulled by the soothing sounds of nature, and rejuvenate your senses in the serenity of this mountain retreat.', 'Participate in rock climbing or rappelling activities at Kalasubai Peak, pushing your limits and challenging yourself in the midst of breathtaking scenery.', ""Engage in bird watching, spotting a variety of regional species in their natural habitat, and get up close with the region's unique avifauna.""]","['The scenic viewpoint at Gawikopp, offering panoramic views of the majestic tea estates and verdant valleys below.', 'The serene surroundings of Gagane Waterfall, creating an Instagram-worthy moment with its misty veil and rugged hills.', ""The majestic Kalasubai Peak, with its sprawling forests and majestic rock formations, a photographer's paradise in the making.""]","['Dal Baati Churma', 'Saurashtra Thali', 'Goan Fish Curry']","['Toranmal Kathiyawadi Local Dhaba', 'Toranmal Rajasthani Thali House']",[],Lonavala,21.88117,74.4634
47ff42b7-4dda-4e08-b11c-0a37865755cb,bhandardara,Bhandardara,Maharashtra,Western India,"Experience the unspoiled wilderness of Sahyadri mountain ranges in Bhandardara, a quaint hill station in Maharashtra","Bhandardara, nestled in the Sahyadri mountain ranges of Maharashtra, is a charming hill station surrounded by lush green forests, hills, and sparkling lakes. The region is steeped in history, with the Bhandardara Lake being a significant source of hydroelectric power for the state. With its serene ambiance, picturesque landscapes, and abundance of wildlife, Bhandardara is a haven for nature lovers and photographers. Visitors can immerse themselves in the local culture by exploring the nearby villages, trying authentic Maharashtrian cuisine, and participating in outdoor activities like hiking, bird watching, and camping. The hill station is also home to several ancient temples, including the Bhandardara Lake's source, the Arthur Lake, and the Wilson Dam, which offer breathtaking views and a chance to connect with the region's spiritual heritage.","[""Arthur Lake, a vast and tranquil lake surrounded by dense forests, ideal for boating and picnics"",""Wilson Dam, a historic dam built on the Pravara River, offering stunning views of the valley"",""Ratangad Fort, a 400-year-old fort perched atop a hill, providing panoramic views of the surrounding landscape"",""Ghatghar, a scenic viewpoint offering breathtaking views of the Bhandardara Lake and the Sahyadri mountain ranges""]",Mountain,"['Nature', 'Nature Walks', 'Photography', 'Local Sightseeing', 'Bird Watching']",8100,₹8k–₹12k,3,Winter – Spring,"['Winter', 'Spring']",Easy,Quiet,https://upload.wikimedia.org/wikipedia/commons/thumb/b/b8/Bhandardara_lake.jpg/3840px-Bhandardara_lake.jpg,"['https://upload.wikimedia.org/wikipedia/commons/thumb/b/b8/Bhandardara_lake.jpg/3840px-Bhandardara_lake.jpg', 'https://images.unsplash.com/photo-1464822759023-fed622ff2c3b?auto=format&fit=crop&w=1800&q=80', 'https://images.unsplash.com/photo-1500382017468-9049fed747ef?auto=format&fit=crop&w=1800&q=80', 'https://images.unsplash.com/photo-1470071459604-3b5ec3a7fe05?auto=format&fit=crop&w=1800&q=80', 'https://images.unsplash.com/photo-1507525428034-b723cf961d3e?auto=format&fit=crop&w=1800&q=80']","['Trek to the Ratangad Fort, exploring the ancient ruins and taking in the spectacular views', 'Go bird watching in the dense forests surrounding the Bhandardara Lake, spotting exotic species like the Malabar whistling thrush and the Indian paradise flycatcher', 'Take a boat ride on the Arthur Lake, watching the sunset over the hills and forests', 'Explore the nearby villages, experiencing the local culture and trying authentic Maharashtrian cuisine']","['The viewpoint near the Wilson Dam, offering stunning views of the valley and the Bhandardara Lake', 'The sunset point near the Arthur Lake, providing breathtaking views of the surrounding hills and forests', 'The summit of the Ratangad Fort, offering panoramic views of the Sahyadri mountain ranges and the Bhandardara Lake']","['Dal Baati Churma', 'Saurashtra Thali', 'Goan Fish Curry']","['Bhandardara Kathiyawadi Local Dhaba', 'Bhandardara Rajasthani Thali House']",[],Lonavala,19.55513,73.75584
487d6cf5-28cb-44c7-8d0a-c7aa84de3854,malshej-ghat,Malshej Ghat,Maharashtra,Western India,"Experience the unspoiled beauty of Western Ghats at Malshej Ghat, a trekker's paradise nestled in the Pune district of Maharashtra.","Malshej Ghat, situated in the Pune district of Maharashtra, is a breathtaking mountain pass that boasts of lush green forests, cascading waterfalls, and majestic rock formations. The region is steeped in history, with the Ghats serving as a vital trade route between the western coastal plains and the Deccan Plateau. As a trekker's haven, Malshej Ghat offers a unique blend of adventure, nature, and tranquility, with its rugged terrain, scenic vistas, and diverse wildlife. Visitors can look forward to an unforgettable experience amidst the pristine beauty of the Western Ghats, with opportunities for trekking, camping, rock climbing, and bird watching. The region's picturesque valleys, rolling hills, and serene lakes create a perfect setting for a rejuvenating getaway from the hustle and bustle of city life.","[""Explore the iconic Shivneri Fort, the birthplace of Chhatrapati Shivaji Maharaj, which offers breathtaking views of the surrounding landscape"",""Visit the stunning Malshej Falls, a picturesque waterfall that cascades down a rocky slope, creating a misty veil that surrounds the area"",""Discover the dark and mysterious Peth Fort, a 15th-century fortress built by the Mughal Empire, which serves as a testament to the region's rich history"",""Trek to the scenic Harishchandragad Fort, a historic fortress situated at an altitude of over 4,600 feet, which offers panoramic views of the surrounding valleys and hills"",""Spot a wide variety of bird species, including the elusive and rare species of flora and fauna that inhabit the region's pristine forests and grasslands""]",Trek,"['Nature', 'Adventure', 'Trekking', 'Camping', 'Rock Climbing', 'Bird Watching']",8100,₹8k–₹12k,3,Winter – Spring,"['Winter', 'Spring']",Easy,Quiet,https://upload.wikimedia.org/wikipedia/commons/c/c2/Ahmednagarrailwaystation.jpg,"['https://upload.wikimedia.org/wikipedia/commons/c/c2/Ahmednagarrailwaystation.jpg', 'https://images.unsplash.com/photo-1464822759023-fed622ff2c3b?auto=format&fit=crop&w=1800&q=80', 'https://images.unsplash.com/photo-1500382017468-9049fed747ef?auto=format&fit=crop&w=1800&q=80', 'https://images.unsplash.com/photo-1470071459604-3b5ec3a7fe05?auto=format&fit=crop&w=1800&q=80', 'https://images.unsplash.com/photo-1507525428034-b723cf961d3e?auto=format&fit=crop&w=1800&q=80']","['Embark on a thrilling trek to the Ajoba Hill, which offers breathtaking views of the surrounding landscape and is home to a variety of flora and fauna', 'Go rock climbing at the rugged and rocky slopes of the Ghats, which offer a challenging and exhilarating experience for adventure enthusiasts', ""Take a guided tour of the region's scenic valleys and rolling hills, which offer a glimpse into the region's rich history, culture, and natural beauty"", 'Engage in bird watching at the Pimplegaon Joga Dam, which is home to a wide variety of bird species, including migratory birds and waterfowl']","['The viewpoints near the Shivneri Fort, which offer stunning views of the surrounding landscape and are perfect for capturing panoramic shots', 'The Malshej Falls, which create a picturesque backdrop for photography, with the waterfall cascading down a rocky slope and surrounded by lush green forests', 'The rolling hills and scenic valleys near the Peth Fort, which offer breathtaking views of the surrounding landscape and are perfect for capturing sunset and sunrise shots']","['Dal Baati Churma', 'Saurashtra Thali', 'Goan Fish Curry']","['Malshej Ghat Kathiyawadi Local Dhaba', 'Malshej Ghat Rajasthani Thali House']",[],Lonavala,19.34171,73.79089
487f9cdf-ddf9-473f-be64-dc0be9c584cc,taptapani-hot-springs,Taptapani Hot Springs,Odisha,Eastern India,"Experience serenity amidst the lush Odisha wilderness at Taptapani Hot Springs, a picturesque trekking destination.","Tucked away in the heart of the Eastern Ghats, Taptapani Hot Springs is a tranquil retreat for nature enthusiasts. This idyllic destination attracts adventurers and trekkers from across the world with its enthralling landscapes, diverse flora, and fauna. The region's unique geology creates an extraordinary phenomenon where the nearby mountains are said to emit warm, sulfurous springs, drawing visitors to this mystical place.","[""Indulge in a rejuvenating soak at the Taptapani Hot Springs, known for its supposed therapeutic properties."",""Embark on an invigorating 3-day trek through the lush forests and rolling hills of the Eastern Ghats, immersing yourself in the region's majestic natural beauty."",""Encounter the rich biodiversity of Odisha, featuring an array of birds, monkeys, and rare species of flora."",""Marvel at the breathtaking rock formations, shaped by millions of years of geological processes in the region.""]",Trek,"['Nature', 'Adventure', 'Trekking', 'Camping', 'Rock Climbing', 'Bird Watching']",8100,₹8k–₹12k,3,Winter – Spring,"['Winter', 'Spring']",Easy,Quiet,https://upload.wikimedia.org/wikipedia/commons/0/01/Brahmana_performing_puja_Taptapani_Orissa.JPG,"['https://upload.wikimedia.org/wikipedia/commons/0/01/Brahmana_performing_puja_Taptapani_Orissa.JPG', 'https://images.unsplash.com/photo-1464822759023-fed622ff2c3b?auto=format&fit=crop&w=1800&q=80', 'https://images.unsplash.com/photo-1500382017468-9049fed747ef?auto=format&fit=crop&w=1800&q=80', 'https://images.unsplash.com/photo-1470071459604-3b5ec3a7fe05?auto=format&fit=crop&w=1800&q=80', 'https://images.unsplash.com/photo-1507525428034-b723cf961d3e?auto=format&fit=crop&w=1800&q=80']","['Trek to the nearby Gandhamardan Hill, an ancient Buddhist site offering panoramic views of the surrounding landscape.', 'Explore the lush forests and waterfalls along the trekking trail, teeming with exotic wildlife and vibrant wildflowers.', ""Engage in birdwatching, spotting various species such as the Indian Peafowl, Paradise Flycatcher, and the rare Hodgson's Pied Hornbill."", 'Participate in a relaxing yoga or meditation session amidst the serene natural surroundings.']","['Capture the breathtaking view of the sunrise over the Gandhamardan Hill, with the warm glow of the horizon illuminating the landscape.', 'Snap a shot of the mesmerizing Taptapani Hot Springs, with the warm water emitting a gentle steam into the air.', ""Take a panoramic photograph of the lush forest and waterfalls, showcasing the region's vibrant biodiversity and natural beauty.""]","['Local Traditional Thali', 'Spicy Curry']","['Taptapani Hot Springs Bengali Spice Junction', 'Taptapani Hot Springs Maa Durga Local Hotel']",[],Manali,19.48473,84.39364
4a37dfc6-5691-4640-8289-61c649a3be64,rohtasgarh-fort,Rohtasgarh Fort,Bihar,Eastern India,An ancient hilltop fortress overlooking deep valleys.,"Rohtasgarh Fort is a spectacular ancient hilltop fortress located in the Rohtas district of Bihar, standing 1500 feet high on a plateau in the Vindhya Range. Spread across a vast area, it features massive gates, palaces, and cliffs, surrounded by dense forests and gorgeous waterfalls.","[""Explore the sprawling hilltop ruins of Shershah Suri's fort"",""Enjoy sweeping views of the Sone River valley"",""Hike to the Tutla Bhawani waterfalls nearby"",""See the intricate stone carvings on the Hathiya Pol gate""]",Trek,"['Heritage', 'Adventure', 'Trek', 'Photography']",6800,Under ₹8k,2,October – March,"['Autumn', 'Winter', 'Spring']",Challenging,Untouched,https://images.unsplash.com/photo-1544735716-392fe2489ffa?auto=format&fit=crop&w=800&q=80,"['https://images.unsplash.com/photo-1544735716-392fe2489ffa?auto=format&fit=crop&w=800&q=80', 'https://images.unsplash.com/photo-1464822759023-fed622ff2c3b?auto=format&fit=crop&w=800&q=80']","['Trek up the Rohtas plateau to the fort', 'Explore the Aina Mahal and Takht-e-Sulaiman ruins', 'Visit the nearby Tutla Bhawani waterfall gorge', 'Walk around the massive 28 km fortification wall']","['Hathiya Pol gateway framed by cliffs', 'Sunset over the Sone River valley from the ramparts', 'Tutla Bhawani green gorge']","['Local Sattu Paratha', 'Litti Chokha', 'Traditional Bihari sweets like Anarsa']","['Local dhabas at the base of the hill', 'Fort tea stalls', 'Dehri-on-Sone eateries']","['Sasaram (45 km)', 'Dehri-on-Sone (40 km)', 'Patna (150 km)']",Sasaram,24.6333,83.9167
4a9c3981-4277-43c8-a1fa-b38e2c3401e1,kuchaman-city,Kuchaman City,Rajasthan,Western India,"Experience the rugged beauty of Kuchaman City, a trekker's paradise nestled in the heart of Rajasthan.","Kuchaman City, situated in the Nagaur district of Rajasthan, is a haven for adventure enthusiasts and nature lovers. The city is surrounded by the Aravalli range, offering a unique blend of history, culture, and geography. With its majestic fort, intricate architecture, and picturesque landscape, Kuchaman City provides an unforgettable experience for trekkers and campers. The region is also home to a diverse range of flora and fauna, making it an ideal spot for bird watching and rock climbing. As the sun sets over the city, the sky is painted with hues of orange and pink, creating a breathtaking view that will leave you spellbound.","[""Kuchaman Fort, a 9th-century fort that showcases the city's rich history and architectural heritage"",""Meera Dhar Temple, a sacred shrine dedicated to the mystic poetess Meera Bai"",""The Sambhar Lake, India's largest inland saltwater lake, which attracts a wide range of migratory birds"",""The picturesque village of Khinvsar, known for its ancient temples and traditional Rajasthani architecture""]",Trek,"['Nature', 'Adventure', 'Trekking', 'Camping', 'Rock Climbing', 'Bird Watching']",8100,₹8k–₹12k,3,Winter – Spring,"['Winter', 'Spring']",Easy,Quiet,https://upload.wikimedia.org/wikipedia/commons/e/e6/Kuchaman_fort_skyline.jpg,"['https://upload.wikimedia.org/wikipedia/commons/e/e6/Kuchaman_fort_skyline.jpg', 'https://images.unsplash.com/photo-1464822759023-fed622ff2c3b?auto=format&fit=crop&w=1800&q=80', 'https://images.unsplash.com/photo-1500382017468-9049fed747ef?auto=format&fit=crop&w=1800&q=80', 'https://images.unsplash.com/photo-1470071459604-3b5ec3a7fe05?auto=format&fit=crop&w=1800&q=80', 'https://images.unsplash.com/photo-1507525428034-b723cf961d3e?auto=format&fit=crop&w=1800&q=80']","['Trek to the top of the Kuchaman Fort for a panoramic view of the city and its surroundings', 'Go bird watching at the Sambhar Lake, a haven for bird enthusiasts', 'Explore the intricate architecture and history of the Meera Dhar Temple', 'Take a rock climbing expedition in the Aravalli range, which offers challenging trails and breathtaking views']","['The Kuchaman Fort at sunrise, when the sky is painted with hues of pink and orange', 'The Sambhar Lake during the migratory season, when the lake is filled with thousands of birds', 'The Meera Dhar Temple at dusk, when the temple is illuminated with traditional Rajasthani lamps']","['Dal Baati Churma', 'Saurashtra Thali', 'Goan Fish Curry']","['Kuchaman City Kathiyawadi Local Dhaba', 'Kuchaman City Rajasthani Thali House']",[],Lonavala,27.05344,74.85135
4ba79bc6-37a5-45aa-9cc1-797aef0a4c9c,lava-forest,Lava Forest,West Bengal,Eastern India,Explore the lush hills and serene tranquility of the majestic Lava Forest in West Bengal.,"Nestled amidst the picturesque Himalayas, Lava Forest in Darjeeling district is a nature lover's paradise. The region is characterized by temperate forests, rugged terrain, and diverse biodiversity, creating a fascinating terrain for tourists to explore. Visitors can immerse themselves in scenic beauty, indulge in thrilling wildlife encounters, and engage in invigorating nature walks.","[""Tinchuley Village, known for its stunning sunrise and breathtaking views of Mount Kanchenjunga"",""The Loleygaon viewpoint, where trekkers and nature enthusiasts can witness the majestic beauty of the Himalayan range"",""The Singalila National Park, a habitat for various endangered and endemic Himalayan species, perfect for bird watching and wildlife exploration"",""The scenic drive to Kalimpong, where visitors can indulge in breathtaking views, picturesque villages, and historical landmarks""]",Mountain,"['Wildlife', 'Nature Walks', 'Photography', 'Local Sightseeing', 'Bird Watching']",8100,₹8k–₹12k,3,Winter – Spring,"['Winter', 'Spring']",Easy,Quiet,https://upload.wikimedia.org/wikipedia/commons/d/da/Lava_in_May%2C_2025_in_Kalimpong%2C_West_Bengal_13.jpg,"['https://upload.wikimedia.org/wikipedia/commons/d/da/Lava_in_May%2C_2025_in_Kalimpong%2C_West_Bengal_13.jpg', 'https://images.unsplash.com/photo-1464822759023-fed622ff2c3b?auto=format&fit=crop&w=1800&q=80', 'https://images.unsplash.com/photo-1500382017468-9049fed747ef?auto=format&fit=crop&w=1800&q=80', 'https://images.unsplash.com/photo-1470071459604-3b5ec3a7fe05?auto=format&fit=crop&w=1800&q=80', 'https://images.unsplash.com/photo-1507525428034-b723cf961d3e?auto=format&fit=crop&w=1800&q=80']","['Embark on a thrilling trek to the scenic Tinchuley Village for a breathtaking sunrise experience', 'Partake in a guided nature walk through the dense forests of Lava to spot rare Himalayan species', 'Capture the beauty of the Himalayas at the Loleygaon viewpoint, perfect for photography enthusiasts', 'Explore the picturesque villages of Kalimpong and immerse yourself in local culture and history']","['The Tinchuley sunrise viewpoint, offering a dramatic view of the Himalayan range at dawn', 'The Loleygaon viewpoint, providing breathtaking panoramic views of the Himalayas', 'The Sillery Gaon viewpoint, known for its stunning views of Kanchenjunga and surrounding hills']","['Local Traditional Thali', 'Spicy Curry']","['Lava Forest Bengali Spice Junction', 'Lava Forest Maa Durga Local Hotel']",[],Darjeeling,27.08611,88.66056
4bcb64f7-07be-4088-bb4a-d50705e6f297,amarkantak,Amarkantak,Madhya Pradesh,Central India,Sacred hub of Madhya Pradesh,"Amarkantak, meaning a place of immortality, is a quaint village and sacred spot in Shahdol District of Madhya Pradesh. This charming hamlet is situated in the Maikala Hill range and revered for its rich spiritual heritage and breathtaking natural beauty. Amarkantak is the source of two sacred rivers – the Narmada and the Son – believed to be the earthly manifestation of the goddess Narmada Devi and Lord Shiva's tears.","[""Explore the 800-year-old Amarkantak Temple"",""Visit the ancient Jwaleshwar Mahadev Temple"",""Take a spiritual trek to the revered Chachai Waterfall"",""Discover the serene beauty of the Narmada-Son Kunds"",""Witness the spectacular views of the Maikala Hills from Tincholi Hill""]",Village,"['Culture', 'Spiritual', 'Meditation', 'Temple Visit', 'Heritage Walk', 'Photography']",8100,₹8k–₹12k,3,Winter – Spring,"['Winter', 'Spring']",Easy,Quiet,https://upload.wikimedia.org/wikipedia/commons/1/14/A_Hindu_temple%2C_Amarkantak_Madhya_Pradesh_India.jpg,"['https://upload.wikimedia.org/wikipedia/commons/1/14/A_Hindu_temple%2C_Amarkantak_Madhya_Pradesh_India.jpg', 'https://images.unsplash.com/photo-1464822759023-fed622ff2c3b?auto=format&fit=crop&w=1800&q=80', 'https://images.unsplash.com/photo-1500382017468-9049fed747ef?auto=format&fit=crop&w=1800&q=80', 'https://images.unsplash.com/photo-1470071459604-3b5ec3a7fe05?auto=format&fit=crop&w=1800&q=80', 'https://images.unsplash.com/photo-1507525428034-b723cf961d3e?auto=format&fit=crop&w=1800&q=80']","[""Embark on a guided Heritage Walk to uncover Amarkantak's hidden gems"", 'Practice meditation at the serene Bhedaghat Ashram', 'Participate in traditional tribal rituals and village life', 'Indulge in local cuisine and shopping at the village market', 'Capture stunning panoramic views of the Narmada-Maikala landscape through photography']","['Panoramic view from the Chacha Kothri vantage point overlooking Tincholi Hill', 'Scenic sunset view from the banks of Narmada River near Bhedaghat', 'Serene Narmada-Son Kunds reflection pools at dawn']","['Local Traditional Thali', 'Spicy Curry']","['Amarkantak Bundelkhandi Kitchen', 'Amarkantak Malwa Food Court']",[],Lonavala,22.67047,81.75884
4cc12366-1f80-4224-a0b1-420490566716,tirathgarh-falls,Tirathgarh Falls,Chhattisgarh,Central India,Chhattisgarh's beautiful multi-tiered block waterfall in Kanger Valley.,"Tirathgarh Falls is a block-type waterfall located inside the Kanger Valley National Park near Jagdalpur, Chhattisgarh. The waterfall is formed by the Mugabahar River dropping in multiple tiers over a height of about 100 feet, creating a striking white, staircase-like appearance. The surrounding dense forest, rocky terrains, and an old Shiva temple make it a popular spot for nature lovers and pilgrims alike.","[""The beautiful multi-tiered staircase-like cascade of water"",""Situated inside the dense forests of Kanger Valley National Park"",""A small historic Shiva Temple perched on a rock next to the falls"",""Close proximity to the famous Kutumsar limestone caves""]",Village,"['Nature', 'Adventure', 'Travel']",8100,₹8k–₹12k,3,July to February,"['Winter', 'Spring']",Easy,Quiet,https://upload.wikimedia.org/wikipedia/commons/9/91/Chitrakot_waterfalls.JPG,"['https://upload.wikimedia.org/wikipedia/commons/9/91/Chitrakot_waterfalls.JPG', 'https://images.unsplash.com/photo-1464822759023-fed622ff2c3b?auto=format&fit=crop&w=1800&q=80', 'https://images.unsplash.com/photo-1500382017468-9049fed747ef?auto=format&fit=crop&w=1800&q=80', 'https://images.unsplash.com/photo-1470071459604-3b5ec3a7fe05?auto=format&fit=crop&w=1800&q=80', 'https://images.unsplash.com/photo-1507525428034-b723cf961d3e?auto=format&fit=crop&w=1800&q=80']","['Climbing down the steps to explore different levels of the waterfall', 'Bathing in the safe pools formed at the intermediate tiers', 'Exploring Kutumsar Caves to see stalactite and stalagmite formations', 'Picnicking and nature walking in Kanger Valley']","['The complete multi-tier staircase waterfall from the lower bridge', 'Stalactites and stalagmites inside the nearby Kutumsar Caves', 'Mist rising from the tiers against the green forest canopy']","['Local Traditional Thali', 'Spicy Curry']","['Tirathgarh Falls Bundelkhandi Kitchen', 'Tirathgarh Falls Malwa Food Court']",[],Lonavala,18.9142,81.8647
4cd1fbc4-6a3c-430d-8be0-fbeadc8944e9,verinag,Verinag,Jammu and Kashmir,Northern India,"Discover the serene oasis of Verinag, nestled in the foothills of the Pir Panjal range in Jammu and Kashmir, where nature's splendor meets adventure","Verinag, a town in the Anantnag district of Jammu and Kashmir, is renowned for its breathtaking natural beauty and historical significance. The town is situated at the foot of the Pir Panjal range and is the origin of the Jhelum River. According to legend, the Jhelum River was brought to the surface by the Hindu god, Kashyap Rishi, who struck the earth with his staff, resulting in the river's emergence. The town is surrounded by lush green forests, vibrant meadows, and towering mountains, making it a haven for trekkers, campers, and adventure enthusiasts. As a trek category destination, Verinag offers numerous trails that cater to varying skill levels, from easy strolls to challenging climbs, providing ample opportunities to explore the region's diverse flora and fauna.","[""The Verinag Spring, an octagonal tank with a roof, surrounded by a beautiful garden, which serves as the source of the Jhelum River"",""The Mughal Gardens, built by Jahangir in 1620, featuring intricately designed waterfalls, fountains, and walking paths"",""The Pir Panjal range, offering breathtaking views and opportunities for rock climbing, trekking, and camping"",""The Daksum Valley, a picturesque valley surrounded by towering mountains, perfect for trekking and bird watching"",""The Achabal Gardens, a beautifully designed Mughal garden with a tranquil atmosphere, ideal for relaxation and picnics""]",Trek,"['Nature', 'Adventure', 'Trekking', 'Camping', 'Rock Climbing', 'Bird Watching']",8100,₹8k–₹12k,3,Summer – Spring,"['Summer', 'Spring']",Moderate,Quiet,https://upload.wikimedia.org/wikipedia/commons/thumb/f/f9/Rice_fields_in_Verinag.jpg/3840px-Rice_fields_in_Verinag.jpg,"['https://upload.wikimedia.org/wikipedia/commons/thumb/f/f9/Rice_fields_in_Verinag.jpg/3840px-Rice_fields_in_Verinag.jpg', 'https://images.unsplash.com/photo-1464822759023-fed622ff2c3b?auto=format&fit=crop&w=1800&q=80', 'https://images.unsplash.com/photo-1500382017468-9049fed747ef?auto=format&fit=crop&w=1800&q=80', 'https://images.unsplash.com/photo-1470071459604-3b5ec3a7fe05?auto=format&fit=crop&w=1800&q=80', 'https://images.unsplash.com/photo-1507525428034-b723cf961d3e?auto=format&fit=crop&w=1800&q=80']","[""Trek to the nearby mountains, exploring the region's diverse flora and fauna, and taking in the breathtaking views of the surrounding landscape"", 'Camping in the lush meadows, surrounded by the soothing sounds of nature and the majestic beauty of the Pir Panjal range', 'Rock climbing in the Pir Panjal range, challenging yourself to reach new heights and experiencing the rush of adventure', ""Bird watching in the surrounding forests, spotting rare species and taking in the vibrant colors of the region's avifauna""]","['The Verinag Spring, with its intricately designed gardens and the majestic Pir Panjal range in the background', 'The Mughal Gardens, with its beautifully designed waterfalls, fountains, and walking paths, surrounded by lush greenery', 'The Daksum Valley, with its picturesque landscape, towering mountains, and vibrant meadows']","['Siddu', 'Pahadi Madra', 'Local Thali']","['Verinag Pahadi Rasoi Local Kitchen', 'Verinag Hilltop Cafe & Bistro']",[],Manali,33.53926,75.24988
4cde1fd6-5786-41b6-8cd6-783787d75ecf,gokarna,Gokarna,Karnataka,Southern India,Temple town beaches with the soul Goa lost.,"A working pilgrimage town with a string of crescent beaches strung along cliffs to the south. The vibe is barefoot, slow and unmistakably Indian — chai shacks, fishing boats and rocks lit copper at sunset.","[""Five-beach cliff walk: Kudle → Om → Half-Moon → Paradise"",""Sunset arati at Mahabaleshwar Temple"",""Affordable beach shacks without Goa's price tag"",""Yoga and silent stays on Kudle and Om""]",Beach,"['Nature', 'Weekend Escape', 'Peaceful Retreat', 'Culture']",9000,₹7k–₹11k,4,October – March,"['Autumn', 'Winter']",Easy,Moderate,https://res.cloudinary.com/dizqquqfs/image/upload/q_auto/f_auto/v1781867934/gokarna2_zt7a7m.jpg,"['https://res.cloudinary.com/dizqquqfs/image/upload/q_auto/f_auto/v1781867934/gokarna2_zt7a7m.jpg', 'https://res.cloudinary.com/dizqquqfs/image/upload/q_auto/f_auto/v1781867935/gokarna4_enzb9j.jpg', 'https://res.cloudinary.com/dizqquqfs/image/upload/q_auto/f_auto/v1781867934/gokarna3_lntrsc.jpg', 'https://res.cloudinary.com/dizqquqfs/image/upload/q_auto/f_auto/v1781867933/gokarna1_mitmqj.jpg']","['Walk the full beach trail from Kudle to Paradise', 'Sunset at Om Beach with a coconut', 'Temple visit at dawn in the old town', 'Kayaking around the Om-shaped headland']","[""Coastline between Gokarna's hidden beaches"", 'Murudeshwar Shiva statue near Gokarna', 'Sunset over the Arabian Sea']","['Konkani thali', 'Fresh catch tawa fry', 'Neer dosa with chicken ghee roast', 'Sol kadhi']","['Namaste Café', 'Mantra Cafe', 'Cafe 1987']","['Yana Rocks', 'Murudeshwar', 'Vibhooti Falls']",Goa,14.5479,74.3188
4ce60259-893a-4e7d-a361-4e776820a9f3,sibsagar,Sibsagar,Assam,Northeastern India,"Experience the untouched beauty of Assam's former capital, Sibsagar, a trekker's paradise surrounded by lush forests, majestic lakes, and ancient monuments.","Sibsagar, situated in the heart of Assam, is a treasure trove of natural beauty, rich history, and diverse culture. This ancient town, once the capital of the Ahom kingdom, boasts an array of majestic lakes, including the iconic Joysagar Lake, which is one of the largest man-made lakes in the country. The town's landscape is dotted with numerous archaeological sites, temples, and monuments, showcasing the region's architectural and cultural heritage. As a trekker's haven, Sibsagar offers endless opportunities to explore its lush forests, tea gardens, and rolling hills, providing a unique blend of adventure, nature, and serenity. The region is also a birdwatcher's paradise, with over 200 species of birds, including the iconic Greater Adjutant Stork and the Lesser Adjutant Stork.","[""Explore the historic Rang Ghar, a double-storeyed amphitheater that served as a royal sports pavilion"",""Visit the majestic Joy Sagar Lake, a massive man-made lake built in 1697"",""Discover the ancient temples of Sibsagar, including the Sivsagar Satsri Temple and the Shivsagar Tank"",""Trek to the nearby Kaziranga National Park, a UNESCO World Heritage Site and home to the one-horned rhinoceros"",""Witness the vibrant culture of Assam at the Sibsagar town, with its vibrant markets, traditional folk dances, and local handicrafts""]",Trek,"['Nature', 'Adventure', 'Trekking', 'Camping', 'Rock Climbing', 'Bird Watching']",8100,₹8k–₹12k,3,Summer – Spring,"['Summer', 'Spring']",Moderate,Quiet,https://images.unsplash.com/photo-1600100397608-f010e42fa621?auto=format&fit=crop&w=1200&q=85,"['https://images.unsplash.com/photo-1600100397608-f010e42fa621?auto=format&fit=crop&w=1200&q=85', 'https://images.unsplash.com/photo-1464822759023-fed622ff2c3b?auto=format&fit=crop&w=1800&q=80', 'https://images.unsplash.com/photo-1500382017468-9049fed747ef?auto=format&fit=crop&w=1800&q=80', 'https://images.unsplash.com/photo-1470071459604-3b5ec3a7fe05?auto=format&fit=crop&w=1800&q=80', 'https://images.unsplash.com/photo-1507525428034-b723cf961d3e?auto=format&fit=crop&w=1800&q=80']","['Take a boat ride on the Joysagar Lake, offering breathtaking views of the surrounding landscape', ""Go trekking in the nearby forests, spotting exotic birds, and exploring the region's unique flora and fauna"", 'Engage in rock climbing at the nearby hills, offering stunning views of the valleys below', ""Participate in a traditional Assamese tea tasting session, learning about the region's famous tea gardens and production""]","['The picturesque Joysagar Lake at sunset, offering breathtaking views of the surrounding landscape', 'The historic Rang Ghar, with its unique architecture and stunning backdrop of the Sibsagar town', 'The Kaziranga National Park, with its vast grasslands, diverse wildlife, and majestic one-horned rhinoceros']","['Smoked Pork with Bamboo Shoot', 'Local Rice Cake', 'Assamese Thali']","['Sibsagar Local Tribal Kitchen', 'Sibsagar The Bamboo Shoot Restaurant']",[],Shillong,26.98349,94.63942
4d565941-3113-4757-b920-124c8863c88a,agumbe,Agumbe,Karnataka,Southern India,"Experience the serene beauty of the Western Ghats at Agumbe, a quaint hill station in Karnataka known for its lush rainforests, stunning waterfalls, and diverse wildlife.","Agumbe, nestled in the Shimoga district of Karnataka, is a picturesque hill station situated at an altitude of 640 meters above sea level. The region is known for receiving one of the highest rainfall in India, earning it the nickname 'Cherrapunji of the South'. The landscape is dominated by the Western Ghats, which provides a habitat for a wide range of flora and fauna. Agumbe is home to many endangered species, including the king cobra, and is a popular destination for nature enthusiasts, bird watchers, and photographers. The region's rugged terrain, scenic valleys, and gushing waterfalls make it an ideal spot for trekking, hiking, and exploring the great outdoors.","[""Explore the stunning Sunset Point, which offers breathtaking views of the surrounding landscape"",""Visit the Agumbe Rainforest Research Station, a renowned center for rainforest conservation and research"",""Trek to the nearby waterfalls, such as the Bakal Fort Waterfall and the Jogi Gundi Waterfall"",""Spot exotic birds like the Malabar grey hornbill and the Indian blue robin at the Agumbe Bird Sanctuary"",""Discover the ancient temples and ruins scattered throughout the region, including the 14th-century Kundadri Hill Temple""]",Mountain,"['Nature', 'Wildlife', 'Nature Walks', 'Photography', 'Local Sightseeing', 'Bird Watching']",8100,₹8k–₹12k,3,Winter – Spring,"['Winter', 'Spring']",Easy,Quiet,https://upload.wikimedia.org/wikipedia/commons/4/4d/Agumbe_View_point.jpg,"['https://upload.wikimedia.org/wikipedia/commons/4/4d/Agumbe_View_point.jpg', 'https://images.unsplash.com/photo-1464822759023-fed622ff2c3b?auto=format&fit=crop&w=1800&q=80', 'https://images.unsplash.com/photo-1500382017468-9049fed747ef?auto=format&fit=crop&w=1800&q=80', 'https://images.unsplash.com/photo-1470071459604-3b5ec3a7fe05?auto=format&fit=crop&w=1800&q=80', 'https://images.unsplash.com/photo-1507525428034-b723cf961d3e?auto=format&fit=crop&w=1800&q=80']","['Take a guided trek through the rainforests to spot rare wildlife and plants', ""Go on a bird-watching tour to identify the region's diverse avifauna"", 'Visit the nearby Koodlu Theertha waterfall for a refreshing swim and picnic', ""Participate in a photography workshop to capture the region's stunning landscapes and wildlife""]","['The viewpoint at Kundadri Hill, which offers panoramic views of the surrounding landscape', 'The tranquil surroundings of the Jogi Gundi Waterfall, perfect for capturing the beauty of nature', 'The sunset at Sunset Point, which offers a kaleidoscope of colors and stunning views']","['Traditional Thali', 'Filter Coffee', 'Local Seafood']","['Agumbe Malgudi Filter Coffee & Tiffin', 'Agumbe Sree Local Mess']",[],Lonavala,13.50848,75.09626
4ddd3156-48b7-4567-a368-12e46356da05,lalitgiri,Lalitgiri,Odisha,Eastern India,"Explore ancient Buddhist heritage nestled amidst serene hills, offering a unique blend of historical discovery and tranquil nature walks in Odisha.","Nestled amidst the tranquil hills of Jajpur district in Odisha, Lalitgiri stands as one of India's earliest and most significant Buddhist complexes, forming a crucial part of the revered Diamond Triangle alongside Ratnagiri and Udayagiri. Dating back to the 3rd century BCE, its sprawling ruins offer a profound journey through time, revealing monumental stupas, intricately designed monasteries (viharas), and chaityas that flourished for over a millennium. Excavations have unearthed priceless artifacts, including a unique relic casket believed to contain sacred bone relics of the Buddha, solidifying Lalitgiri's status as a major pilgrimage site and a testament to the thriving Buddhist heritage of ancient Kalinga.
Beyond its profound archaeological importance, the verdant surroundings of Lalitgiri Hill provide a serene natural escape. The gentle slopes and panoramic vistas offer opportunities for peaceful nature walks and bird watching, allowing visitors to connect with both history and the calming environment. The rural setting provides a glimpse into the unhurried pace of Odishan life, making Lalitgiri a destination that combines spiritual reflection with a soothing natural adventure.","[""Witness the excavated Mahastupa, a central and imposing structure that once enshrined sacred relics, and explore its surrounding smaller stupas."",""Explore the Archaeological Museum at Lalitgiri, housing rare artifacts and sculptures unearthed from the site, including inscriptions and images of Buddhist deities."",""Discover the remains of ancient Viharas (monasteries) and Chaityas (prayer halls), showcasing the architectural prowess and monastic life of bygone eras."",""Experience the serene environment of Lalitgiri Hill, offering tranquil nature walks and a chance for bird watching amidst the surrounding greenery."",""Journey through the 'Diamond Triangle' of Buddhist sites by combining a visit with nearby Ratnagiri and Udayagiri for a comprehensive heritage experience.""]",Trek,"['Nature', 'Adventure', 'Trekking', 'Camping', 'Rock Climbing', 'Bird Watching']",8100,₹8k–₹12k,3,Winter – Spring,"['Winter', 'Spring']",Easy,Quiet,https://upload.wikimedia.org/wikipedia/commons/a/a4/Udayagiri_WIKI.JPG,"['https://upload.wikimedia.org/wikipedia/commons/a/a4/Udayagiri_WIKI.JPG', 'https://images.unsplash.com/photo-1464822759023-fed622ff2c3b?auto=format&fit=crop&w=1800&q=80', 'https://images.unsplash.com/photo-1500382017468-9049fed747ef?auto=format&fit=crop&w=1800&q=80', 'https://images.unsplash.com/photo-1470071459604-3b5ec3a7fe05?auto=format&fit=crop&w=1800&q=80', 'https://images.unsplash.com/photo-1507525428034-b723cf961d3e?auto=format&fit=crop&w=1800&q=80']","['Embark on gentle treks around the slopes of Lalitgiri Hill, exploring the natural trails that wind through the verdant landscape.', 'Delve into the rich history by exploring the excavated stupas, monasteries, and ancient prayer halls, imagining life in ancient Buddhist times.', 'Engage in bird watching amidst the serene hill environment, spotting various local and migratory species.', 'Visit the on-site archaeological museum to gain deeper insights into the Buddhist heritage through its curated collection of sculptures, pottery, and inscriptions.']","['The grand Mahastupa, capturing its scale and the surrounding ancient ruins against the sky, especially during sunrise or sunset.', 'Panoramic views from the higher points of Lalitgiri Hill, overlooking the tranquil Mahanadi delta plains and distant hills.', 'Intricately carved sculptures and architectural details within the monastery complexes, showcasing ancient artistry and craftsmanship.']","['Local Traditional Thali', 'Spicy Curry']","['Lalitgiri Bengali Spice Junction', 'Lalitgiri Maa Durga Local Hotel']",[],Manali,20.59763,86.28735
4df4b26b-b36d-43e3-b302-a825f4a8b09b,koraput-valley,Koraput Valley,Odisha,Eastern India,"Discover the uncharted beauty of Odisha's Koraput Valley, a pristine haven for nature lovers.","Nestled in the South Odisha region, the Koraput Valley is a lesser-known yet breathtakingly beautiful destination waiting to be explored. This enchanting valley is a tapestry of lush green forests, gurgling streams, and vibrant tribal cultures. With its unique blend of nature and wildlife, the Koraput Valley offers a refreshing respite from the hustle and bustle of city life.","[""Visit the majestic Deomali Peak, the highest point in Odisha, which offers breathtaking views of the valley and surrounding landscape."",""Explore the Koraput Museum to learn about the region's history, culture, and tribal traditions."",""Spot exotic bird species at the scenic Machkund River, a haven for birdwatchers and nature enthusiasts."",""Take a trek through the dense forests of the Koraput Valley and experience the thrill of exploring a virgin territory."",""Witness the stunning sunrises and sunsets at the scenic Machkund Dam, a perfect spot for photography enthusiasts.""]",Valley,"['Nature', 'Nature Walks', 'Photography', 'Local Sightseeing', 'Bird Watching']",8100,₹8k–₹12k,3,Winter – Spring,"['Winter', 'Spring']",Easy,Quiet,https://upload.wikimedia.org/wikipedia/commons/0/08/Durbar_Mahal_of_Jeypore_Rajabhavana_Palace.jpg,"['https://upload.wikimedia.org/wikipedia/commons/0/08/Durbar_Mahal_of_Jeypore_Rajabhavana_Palace.jpg', 'https://images.unsplash.com/photo-1464822759023-fed622ff2c3b?auto=format&fit=crop&w=1800&q=80', 'https://images.unsplash.com/photo-1500382017468-9049fed747ef?auto=format&fit=crop&w=1800&q=80', 'https://images.unsplash.com/photo-1470071459604-3b5ec3a7fe05?auto=format&fit=crop&w=1800&q=80', 'https://images.unsplash.com/photo-1507525428034-b723cf961d3e?auto=format&fit=crop&w=1800&q=80']","['Embark on a thrilling trek to Deomali Peak, the highest point in Odisha.', ""Visit the ancient temples and villages of the Koraput Valley, a glimpse into the region's rich cultural heritage."", 'Go on a nature walk or birdwatching tour in the scenic forests of the Koraput Valley.', 'Engage with the local tribal communities and learn about their customs, traditions, and way of life.']","['Capture the majestic views of the Deomali Peak at sunrise, the perfect shot for any photography enthusiast.', 'Snap the serene beauty of the Machkund River, home to exotic bird species and stunning landscapes.', 'Take a panoramic shot of the rolling hills and valleys of the Koraput Valley, a breathtaking sight to behold.']","['Local Traditional Thali', 'Spicy Curry']","['Koraput Valley Bengali Spice Junction', 'Koraput Valley Maa Durga Local Hotel']",[],Manali,18.8083,82.7083
4edfc7c6-fc9b-43e1-9d00-426d0b03a5f1,kiphire,Kiphire,Nagaland,Northeastern India,"Discover the untamed beauty of Kiphire, a trekker's paradise nestled in the majestic hills of Nagaland, where adventure meets nature's splendor","Kiphire, situated in the easternmost part of Nagaland, is a haven for trekkers and adventure enthusiasts. The district is home to the stunning Saramati Mountain, the highest peak in Nagaland, which offers breathtaking views and a challenging trek. The region's unique topography, with its rolling hills, sparkling rivers, and lush forests, makes it an ideal destination for nature lovers and those seeking an adrenaline rush. The local inhabitants, the Yimchunger and Sangtam tribes, add to the rich cultural heritage of the area, with their distinct customs, traditions, and warm hospitality. As a trek category destination, Kiphire offers a range of experiences, from leisurely strolls through picturesque villages to grueling climbs up towering mountains, catering to diverse interests and fitness levels.","[""Explore the majestic Saramati Mountain, the highest peak in Nagaland, which offers panoramic views of the surrounding landscape"",""Visit the scenic Sukhai Lake, a tranquil oasis surrounded by lush green forests and rolling hills"",""Discover the historic WW-II Cemetery, a poignant reminder of the region's significant role in World War II"",""Experience the vibrant culture of the Yimchunger and Sangtam tribes, through their traditional dances, music, and handicrafts"",""Trek to the stunning Mimi Village, perched on a hilltop, offering breathtaking views of the surrounding valleys""]",Trek,"['Nature', 'Adventure', 'Trekking', 'Camping', 'Rock Climbing', 'Bird Watching']",8100,₹8k–₹12k,3,Summer – Spring,"['Summer', 'Spring']",Moderate,Quiet,https://images.unsplash.com/photo-1464822759023-fed622ff2c3b?auto=format&fit=crop&w=1200&q=85,"['https://images.unsplash.com/photo-1464822759023-fed622ff2c3b?auto=format&fit=crop&w=1200&q=85', 'https://images.unsplash.com/photo-1464822759023-fed622ff2c3b?auto=format&fit=crop&w=1800&q=80', 'https://images.unsplash.com/photo-1500382017468-9049fed747ef?auto=format&fit=crop&w=1800&q=80', 'https://images.unsplash.com/photo-1470071459604-3b5ec3a7fe05?auto=format&fit=crop&w=1800&q=80', 'https://images.unsplash.com/photo-1507525428034-b723cf961d3e?auto=format&fit=crop&w=1800&q=80']","['Embark on a guided trek to the Saramati Mountain, with its challenging terrain and spectacular views', 'Go bird watching in the lush forests surrounding Sukhai Lake, home to a variety of exotic species', 'Try rock climbing at the rugged hills near Mimi Village, with its unique rock formations and breathtaking vistas', 'Participate in a traditional Yimchunger or Sangtam festival, with its vibrant music, dance, and cultural events']","['The panoramic viewpoint at the summit of Saramati Mountain, offering stunning views of the surrounding landscape', 'The sunset point at Sukhai Lake, with its tranquil waters and picturesque surroundings', 'The scenic vista at Mimi Village, with its rolling hills, lush forests, and traditional tribal homes']","['Smoked Pork with Bamboo Shoot', 'Local Rice Cake', 'Assamese Thali']","['Kiphire Local Tribal Kitchen', 'Kiphire The Bamboo Shoot Restaurant']",[],Shillong,25.81171,94.8474
4f08c85d-ce0c-4199-b28a-3f8bec8c0046,hemis,Hemis,Ladakh,Northern India,"Experience the unbridled beauty of Ladakh's rugged landscape in Hemis, a trekker's paradise nestled in the heart of the Indian Himalayas","The region's unique geography, with its arid desert landscapes and snow-capped mountains, supports a wide range of flora and fauna, including several endangered species such as the snow leopard, ibex, and Tibetan antelope. As a result, Hemis has become a popular destination for bird watching and wildlife spotting. The area's harsh yet beautiful environment has also spawned a distinct culture, with the locals developing a unique set of traditions, customs, and skills that have been passed down through generations. Visitors to Hemis can experience this rich cultural heritage by attending one of the many festivals that take place throughout the year, including the famous Hemis Festival, which celebrates the birth of Guru Padmasambhava, the founder of Tibetan Buddhism.","[""Hemis Monastery, a 17th-century spiritual center and one of the largest and most famous monasteries in Ladakh"",""The Hemis National Park, a protected area that is home to several endangered species, including the snow leopard and Tibetan antelope"",""The Markha Valley trek, a challenging yet rewarding trail that takes trekkers through some of the most breathtaking landscapes in the Indian Himalayas"",""The Tsokar Lake, a pristine and picturesque lake that is known for its crystal-clear waters and stunning scenery"",""The Hemis Festival, a vibrant and colorful celebration that showcases the region's unique culture and traditions""]",Trek,"['Nature', 'Adventure', 'Trekking', 'Camping', 'Rock Climbing', 'Bird Watching']",8100,₹8k–₹12k,3,Summer – Spring,"['Summer', 'Spring']",Moderate,Quiet,https://upload.wikimedia.org/wikipedia/commons/thumb/a/a6/Hamis_Gonpa_on_a_rainy_day.JPG/3840px-Hamis_Gonpa_on_a_rainy_day.JPG,"['https://upload.wikimedia.org/wikipedia/commons/thumb/a/a6/Hamis_Gonpa_on_a_rainy_day.JPG/3840px-Hamis_Gonpa_on_a_rainy_day.JPG', 'https://images.unsplash.com/photo-1464822759023-fed622ff2c3b?auto=format&fit=crop&w=1800&q=80', 'https://images.unsplash.com/photo-1500382017468-9049fed747ef?auto=format&fit=crop&w=1800&q=80', 'https://images.unsplash.com/photo-1470071459604-3b5ec3a7fe05?auto=format&fit=crop&w=1800&q=80', 'https://images.unsplash.com/photo-1507525428034-b723cf961d3e?auto=format&fit=crop&w=1800&q=80']","['Trek to the nearby villages, such as Shang Sumdo and Urgyanzdok, to experience the local culture and way of life', 'Go bird watching in the Hemis National Park, which is home to several rare and endangered species', 'Take part in a rock climbing expedition in the nearby mountains, which offer some of the most challenging and rewarding climbs in the Indian Himalayas', 'Go on a camping trip in the beautiful Markha Valley, which offers stunning scenery and a range of outdoor activities']","['The viewpoint above the Hemis Monastery, which offers stunning views of the surrounding landscape', 'The Tsokar Lake, which is known for its crystal-clear waters and stunning scenery', 'The Hemis National Park, which is home to several rare and endangered species, including the snow leopard and Tibetan antelope']","['Siddu', 'Pahadi Madra', 'Local Thali']","['Hemis Pahadi Rasoi Local Kitchen', 'Hemis Hilltop Cafe & Bistro']",[],Manali,33.90831,77.63415
50218cd3-3ce4-438a-8ad3-2b5305d545ff,digboi,Digboi,Assam,Northeastern India,"Discover the uncharted beauty of Assam's first oil town, nestled in the heart of India's largest wildlife sanctuary.","Digboi, a quaint oil town in Assam, is a hidden gem for trekkers and nature enthusiasts. The region lies within the Dadabari Forest Reserve, the largest wildlife sanctuary in Assam, making it a perfect destination for birdwatching and exploring the untamed wilderness. The town is home to numerous trekking routes, including the infamous Digboi-Mechuka trek, a 3-day trek that covers over 70 kilometers of dense forests and rolling hills. Visitors can also enjoy camping and rock climbing activities amidst the stunning natural scenery.","[""The Dibru-Saikhowa National Park, a UNESCO World Heritage Site and home to the rare and endangered Asiatic golden cat."",""The Rika Wildlife Sanctuary, a haven for birdwatchers with over 200 species of birds."",""The Digboi War Cemetery, a poignant tribute to the soldiers who fought during World War II."",""The Sadiya River, a pristine waterbody that flows through the heart of Digboi and offers scenic views.""]",Trek,"['Nature', 'Adventure', 'Trekking', 'Camping', 'Rock Climbing', 'Bird Watching']",8100,₹8k–₹12k,3,Summer – Spring,"['Summer', 'Spring']",Moderate,Quiet,https://upload.wikimedia.org/wikipedia/commons/1/1c/Digboi_Centenary_Museum_04.JPG,"['https://upload.wikimedia.org/wikipedia/commons/1/1c/Digboi_Centenary_Museum_04.JPG', 'https://images.unsplash.com/photo-1464822759023-fed622ff2c3b?auto=format&fit=crop&w=1800&q=80', 'https://images.unsplash.com/photo-1500382017468-9049fed747ef?auto=format&fit=crop&w=1800&q=80', 'https://images.unsplash.com/photo-1470071459604-3b5ec3a7fe05?auto=format&fit=crop&w=1800&q=80', 'https://images.unsplash.com/photo-1507525428034-b723cf961d3e?auto=format&fit=crop&w=1800&q=80']","['Trek to the Bhalukpong peak, the highest point in the region, with breathtaking views of the Khampti Valley.', 'Go camping at the Kadamtree Campsite, surrounded by towering trees and the soothing sounds of nature.', 'Try birdwatching at the Jhulguri Reserve, a hotspot for spotting migratory birds.', 'Take a leisurely walk through the Dadabari Forest Reserve, immersing yourself in the serene beauty of the Assamese wilderness.']","[""The Digboi-Mechuka trek's highest point, offering panoramic views of the Himalayas and the surrounding valley."", 'The Rika River, a picturesque waterbody that flows through the Rika Wildlife Sanctuary.', ""The Sadiya River's scenic confluence with the Brahmaputra River, a breathtaking sight with golden sunsets.""]","['Smoked Pork with Bamboo Shoot', 'Local Rice Cake', 'Assamese Thali']","['Digboi Local Tribal Kitchen', 'Digboi The Bamboo Shoot Restaurant']",[],Shillong,27.39561,95.61487
505bd56a-ab81-4fd9-8d17-d3ed69ee3a49,tamia,Tamia,Madhya Pradesh,Central India,"Discover the rugged charm of Tamia in Madhya Pradesh, where ancient rocks meet lush forests and adventure awaits.","Perched in the heart of Madhya Pradesh, Tamia is a trekker's paradise that boasts a unique blend of geological history, lush vegetation, and vibrant wildlife. This quaint town is nestled amidst the Satpura Range, a treasure trove of ancient volcanic rocks, towering sandstone cliffs, and dense forests, home to an array of exotic birds, monkeys, and even leopards. Tamia's breathtaking landscape is a testament to nature's untamed beauty, making it an irresistible destination for adventure-seekers and nature lovers alike. Whether you're an experienced trekker or a seasoned rock climber, Tamia offers a plethora of exciting activities that promise to leave a lasting impression.","[""Trek through the rugged Satpura Range, which offers a range of trails for varying levels of experience, including the famous Dhoopgarh trek that takes you to the highest point in Madhya Pradesh."",""Climb the towering Kanha Rock, a challenging climb that rewards you with breathtaking views of the surrounding landscape and a glimpse into the region's geological history."",""Visit the ancient Kanha Caves, a network of massive sandstone caverns that have been shaped by millions of years of wind and water erosion."",""Spot a variety of bird species, including the majestic Indian eagle and the elusive white-eyed buzzard, as you wander through Tamia's lush forests and grasslands."",""Experience a thrilling bird-watching tour, led by expert guides who will take you to the best vantage points to catch a glimpse of these avian wonders.""]",Trek,"['Nature', 'Adventure', 'Trekking', 'Camping', 'Rock Climbing', 'Bird Watching']",8100,₹8k–₹12k,3,Winter – Spring,"['Winter', 'Spring']",Easy,Quiet,https://upload.wikimedia.org/wikipedia/commons/9/97/Tamia_mp.jpg,"['https://upload.wikimedia.org/wikipedia/commons/9/97/Tamia_mp.jpg', 'https://images.unsplash.com/photo-1464822759023-fed622ff2c3b?auto=format&fit=crop&w=1800&q=80', 'https://images.unsplash.com/photo-1500382017468-9049fed747ef?auto=format&fit=crop&w=1800&q=80', 'https://images.unsplash.com/photo-1470071459604-3b5ec3a7fe05?auto=format&fit=crop&w=1800&q=80', 'https://images.unsplash.com/photo-1507525428034-b723cf961d3e?auto=format&fit=crop&w=1800&q=80']","['Go camping under the star-studded night sky at the Dhoopgarh campsite, which offers breathtaking views of the surrounding landscape.', ""Take a guided trek through the Satpura Range, led by expert guides who will share their knowledge about the region's history, geology, and wildlife."", ""Try your hand at rock climbing at Kanha Rock, or take a beginner's course with a certified instructor to learn the ropes."", ""Go on a nature walk through Tamia's forests and grasslands, where you can spot a variety of exotic bird species and maybe even a few leopards!""]","['Capture stunning views of the Kanha Rock from the summit, where you can see the surrounding landscape stretching as far as the eye can see.', 'Take a photo of the vibrant sunsets that paint the sky with hues of orange, pink, and purple, as the sun dips below the horizon.', 'Snap a shot of the ancient Kanha Caves, with their massive sandstone formations and intricate carvings that tell the story of a bygone era.']","['Local Traditional Thali', 'Spicy Curry']","['Tamia Bundelkhandi Kitchen', 'Tamia Malwa Food Court']",[],Lonavala,22.34362,78.67082
51328034-eda8-43ff-a879-d9f78c10f83c,rachakonda-fort,Rachakonda Fort,Telangana,Southern India,"Where ancient ruins meet untamed nature, a hidden gem of Telangana.","Located in what's said to be a former capital of the Kakatiya dynasty, Rachakonda Fort stands as a testament to the region's rich cultural heritage. Nestled amidst rolling hills and lush forests, this 14th-century fortress offers a unique glimpse into the lives of the people who once called it home. Explore the ancient ruins, immerse yourself in the tranquil surroundings, and unwind in the midst of nature's splendor.","[""Discover the intricate stone carvings at the Rachakonda Fort Temple Complex, an example of Kakatiya architectural genius."",""Take a guided hike through the surrounding hills and forests, home to over 400 species of birds, including the majestic Malabar Pied Hornbill."",""Capture stunning photos of the fort's imposing walls, which offer breathtaking views of the surrounding landscape."",""Learn about the region's history at the Rachakonda Museum situated within the fort premises.""]",Village,"['Culture', 'Nature Walks', 'Photography', 'Local Sightseeing', 'Bird Watching']",8100,₹8k–₹12k,3,Winter – Spring,"['Winter', 'Spring']",Easy,Quiet,https://upload.wikimedia.org/wikipedia/commons/7/70/Main_entrance_in_south.JPG,"['https://upload.wikimedia.org/wikipedia/commons/7/70/Main_entrance_in_south.JPG', 'https://images.unsplash.com/photo-1464822759023-fed622ff2c3b?auto=format&fit=crop&w=1800&q=80', 'https://images.unsplash.com/photo-1500382017468-9049fed747ef?auto=format&fit=crop&w=1800&q=80', 'https://images.unsplash.com/photo-1470071459604-3b5ec3a7fe05?auto=format&fit=crop&w=1800&q=80', 'https://images.unsplash.com/photo-1507525428034-b723cf961d3e?auto=format&fit=crop&w=1800&q=80']","[""Bird Watch: Join a guided bird-watching tour and get an up-close view of the region's unique avifauna."", ""Photography Walks: Explore the fort's nooks and crannies, capturing the intricate stone carvings and majestic natural scenery."", 'Herbal Walks: Identify and learn about the different medicinal plants that grow in the surrounding forests.']","['Rachakonda Sunrise Point: Witness the breathtaking sunrise over the distant hills and lush forests.', 'Rachakonda Forest Edge: Capture the imposing fort walls amidst the picturesque forest landscape.', 'Kakatiya Architecture: Take a photo of the intricately carved temple complex, a masterpiece of Kakatiya architecture.']","['Traditional Thali', 'Filter Coffee', 'Local Seafood']","['Rachakonda Fort Malgudi Filter Coffee & Tiffin', 'Rachakonda Fort Sree Local Mess']",[],Lonavala,17.18222,78.8025
51483f65-3829-4f7d-87d4-f75a3295caf3,lambasingi,Lambasingi,Andhra Pradesh,Southern India,"Experience the thrill of trekking amidst misty hills and picturesque coffee plantations in Lambasingi, a serene gem of Andhra Pradesh.","Lambasingi, nestled in the Western Ghats, is a quaint hill station in the Vizag district of Andhra Pradesh. Known as the 'Kashmir of Andhra Pradesh' due to its misty weather, Lambasingi offers a unique trekking experience amidst rolling hills, lush coffee plantations, and picturesque scenery. The destination is a must-visit for nature lovers, adventure seekers, and those looking to escape the chaos of city life.","[""Kothapalli Trek: A moderate 10-kilometer trek that offers breathtaking views of the surrounding hills and scenic valleys."",""Nunna Waterfalls: A picturesque waterfall surrounded by lush greenery, perfect for a refreshing dip and bird watching."",""Coffee Plantations: Explore the rich coffee heritage of Lambasingi and learn about the process of coffee-making from local farmers."",""Bheemi Subbaiah Temple: A ancient Shiva temple perched on a hilltop, offering panoramic views of the surrounding landscape."",""Indiramma Peak: A challenging trek that takes you to the highest point in Lambasingi, offering stunning views of the surrounding hills.""]",Trek,"['Nature', 'Adventure', 'Trekking', 'Camping', 'Rock Climbing', 'Bird Watching']",8100,₹8k–₹12k,3,Winter – Spring,"['Winter', 'Spring']",Easy,Quiet,https://upload.wikimedia.org/wikipedia/commons/thumb/9/91/Valley_near_lambasinghi.jpg/3840px-Valley_near_lambasinghi.jpg,"['https://upload.wikimedia.org/wikipedia/commons/thumb/9/91/Valley_near_lambasinghi.jpg/3840px-Valley_near_lambasinghi.jpg', 'https://images.unsplash.com/photo-1464822759023-fed622ff2c3b?auto=format&fit=crop&w=1800&q=80', 'https://images.unsplash.com/photo-1500382017468-9049fed747ef?auto=format&fit=crop&w=1800&q=80', 'https://images.unsplash.com/photo-1470071459604-3b5ec3a7fe05?auto=format&fit=crop&w=1800&q=80', 'https://images.unsplash.com/photo-1507525428034-b723cf961d3e?auto=format&fit=crop&w=1800&q=80']","['Coffee Tasting: Sample the finest coffee of Andhra Pradesh at a local farm and learn about the coffee-making process.', ""Bird Watching: With over 100 species of birds, Lambasingi is a birdwatcher's paradise. Hire a local guide and spot the majestic migratory birds."", 'Rock Climbing: Scale the rugged hills of Lambasingi and experience the thrill of rock climbing amidst breathtaking scenery.', 'Camping: Set up your camp under the stars and wake up to the misty hills. A perfect way to unwind and connect with nature.']","['The Valley of Mist: A picturesque valley surrounded by rolling hills, perfect for a sunrise or sunset shoot.', 'Kothapalli Viewpoint: A scenic viewpoint offering stunning views of the surrounding landscape and rolling hills.', 'Indiramma Peak Sunrise Viewpoint: Witness the majestic sunrise from the highest point in Lambasingi, offering breathtaking views of the surrounding hills.']","['Traditional Thali', 'Filter Coffee', 'Local Seafood']","['Lambasingi Malgudi Filter Coffee & Tiffin', 'Lambasingi Sree Local Mess']",[],Lonavala,17.81818,82.49272
5231e58f-b179-4701-a942-e255d8d0c761,lamayuru,Lamayuru,Ladakh,Northern India,"Experience the serene beauty and spiritual charm of Lamayuru, a picturesque village in Ladakh, nestled amidst breathtaking landscapes and ancient monasteries.","Lamayuru, also known as the 'Moonland' of Ladakh, is a quaint village situated approximately 100 km west of Leh. The village is steeped in history and culture, with the iconic Lamayuru Monastery being its crowning jewel. This 11th-century monastery, one of the largest and oldest in Ladakh, is a significant center of Buddhist learning and spirituality. The village's stunning landscape, with its unique moonscape-like terrain, offers breathtaking vistas and unforgettable experiences for visitors. As a hub for spiritual, cultural, and adventure tourism, Lamayuru provides an immersive experience into the region's rich heritage, beautiful landscapes, and the warmth of its people. Visitors can engage in heritage walks, meditation sessions, and photography, taking in the sights and sounds of this enchanting village, set against the backdrop of the majestic Himalayas.","[""The ancient Lamayuru Monastery, a significant center of Buddhist learning and spirituality"",""The scenic Wanla village, offering breathtaking views of the surrounding landscape"",""The picturesque village of Alchi, known for its beautiful monasteries and stunning natural beauty"",""The impressive Mediatation Cave, offering a serene and peaceful atmosphere for meditation and contemplation"",""The beautiful landscape of the Zanskar Valley, with its gorges, canyons, and breathtaking vistas""]",Village,"['Spiritual', 'Meditation', 'Temple Visit', 'Heritage Walk', 'Photography']",8100,₹8k–₹12k,3,Summer – Spring,"['Summer', 'Spring']",Moderate,Quiet,https://upload.wikimedia.org/wikipedia/commons/thumb/e/e1/Yungdrung_Gompa_-_Lamayuru_%2810000019984%29.jpg/3840px-Yungdrung_Gompa_-_Lamayuru_%2810000019984%29.jpg,"['https://upload.wikimedia.org/wikipedia/commons/thumb/e/e1/Yungdrung_Gompa_-_Lamayuru_%2810000019984%29.jpg/3840px-Yungdrung_Gompa_-_Lamayuru_%2810000019984%29.jpg', 'https://images.unsplash.com/photo-1464822759023-fed622ff2c3b?auto=format&fit=crop&w=1800&q=80', 'https://images.unsplash.com/photo-1500382017468-9049fed747ef?auto=format&fit=crop&w=1800&q=80', 'https://images.unsplash.com/photo-1470071459604-3b5ec3a7fe05?auto=format&fit=crop&w=1800&q=80', 'https://images.unsplash.com/photo-1507525428034-b723cf961d3e?auto=format&fit=crop&w=1800&q=80']","['Take a heritage walk through the village, exploring its ancient monasteries and learning about its rich history and culture', ""Engage in a meditation or yoga session at one of the village's serene and peaceful locations"", 'Go on a photography tour, capturing the breathtaking landscapes and stunning vistas of the region', 'Visit the nearby villages, such as Wanla and Alchi, and experience the local way of life and culture']","['The moonscape-like terrain of Lamayuru, offering breathtaking vistas and unique photo opportunities', 'The stunning architecture of the Lamayuru Monastery, with its beautiful frescoes and intricate carvings', 'The picturesque village of Alchi, with its beautiful monasteries and stunning natural beauty']","['Siddu', 'Pahadi Madra', 'Local Thali']","['Lamayuru Pahadi Rasoi Local Kitchen', 'Lamayuru Hilltop Cafe & Bistro']",[],Manali,34.28271,76.77396
523d7d5c-a264-45bf-bd47-c983e912a2b0,lonar-crater,Lonar Crater,Maharashtra,Western India,"Experience the mesmerizing natural wonder of Asia's largest impact crater, nestled in the heart of Maharashtra","Lonar Crater, situated in the Buldhana district of Maharashtra, is a fascinating village that boasts a unique blend of natural beauty, cultural heritage, and scientific significance. This quaint village is home to the iconic Lonar Crater, a massive impact crater formed around 52,000 years ago, resulting from a meteorite collision. The crater, approximately 1.8 kilometers in diameter and 150 meters deep, is now a tranquil lake, surrounded by dense forests and rolling hills. As visitors explore the area, they can immerse themselves in the local culture, savoring the traditional cuisine, interacting with the friendly villagers, and unraveling the mysteries of this extraordinary natural phenomenon. The region's diverse landscape, comprising forests, grasslands, and wetlands, supports an incredible array of flora and fauna, making it a paradise for nature enthusiasts, bird watchers, and photographers.","[""Witness the breathtaking Lonar Crater, a rare and awe-inspiring geological wonder"",""Explore the nearby Daitya Sudani temple, a beautifully crafted shrine dedicated to the Hindu deity Lord Vishnu"",""Discover the vibrant flora and fauna of the Lonar Lake and its surroundings, including several endangered species"",""Visit the charming village of Lonar, with its traditional houses, temples, and warm hospitality"",""Observe the diverse avifauna, with over 160 species of birds, including the majestic Sarus Crane and the Indian Peafowl""]",Village,"['Culture', 'Nature', 'Nature Walks', 'Photography', 'Local Sightseeing', 'Bird Watching']",8100,₹8k–₹12k,3,Winter – Spring,"['Winter', 'Spring']",Easy,Quiet,https://upload.wikimedia.org/wikipedia/commons/thumb/3/3b/Lonar_Crater_Lake.jpg/3840px-Lonar_Crater_Lake.jpg,"['https://upload.wikimedia.org/wikipedia/commons/thumb/3/3b/Lonar_Crater_Lake.jpg/3840px-Lonar_Crater_Lake.jpg', 'https://images.unsplash.com/photo-1464822759023-fed622ff2c3b?auto=format&fit=crop&w=1800&q=80', 'https://images.unsplash.com/photo-1500382017468-9049fed747ef?auto=format&fit=crop&w=1800&q=80', 'https://images.unsplash.com/photo-1470071459604-3b5ec3a7fe05?auto=format&fit=crop&w=1800&q=80', 'https://images.unsplash.com/photo-1507525428034-b723cf961d3e?auto=format&fit=crop&w=1800&q=80']","[""Take a leisurely walk around the crater's rim, offering panoramic views of the surrounding landscape"", 'Engage in bird watching and spotting the incredible variety of avifauna in the region', ""Enjoy a boat ride on the tranquil Lonar Lake, providing a unique perspective on the crater's formations"", ""Embark on a nature trail, exploring the forest and grasslands, and uncovering the region's rich biodiversity""]","['The western rim of the Lonar Crater, offering a stunning sunset view with the lake in the foreground', 'The Daitya Sudani temple, with its intricate carvings and beautiful architecture', ""The forest trail near the crater, providing a glimpse into the region's rich flora and fauna""]","['Dal Baati Churma', 'Saurashtra Thali', 'Goan Fish Curry']","['Lonar Crater Kathiyawadi Local Dhaba', 'Lonar Crater Rajasthani Thali House']",[],Lonavala,19.97445,76.49755
5303ee09-b813-4a90-99c4-6727c9d19215,bhimbetka-rock-shelters,Bhimbetka Rock Shelters,Madhya Pradesh,Central India,Explore the ancient cave paintings and rich cultural heritage of a UNESCO World Heritage Site amidst the stunning landscapes of Madhya Pradesh.,"Bhimbetka Rock Shelters, nestled in the Raisen district of Madhya Pradesh, is a treasure trove of ancient human history and art. Dating back to the Mesolithic era, these stunning rock shelters bear testimony to the region's rich cultural heritage, boasting an impressive array of cave paintings, rock art, and archaeological findings. The Bhimbetka Rock Shelters are not only a significant historical site but also an ideal destination for nature walks, photography, and bird watching.","[""Marvel at the stunning cave paintings that depict the lives of early human beings, showcasing their myths, rituals, and daily lives."",""Explore the 24 rock shelters, each rich in cultural and archaeological significance, offering a rare glimpse into the region's ancient past."",""Spot over 20 species of birds, including the rare Indian Skimmer and the Painted Stork, making it a paradise for bird watchers."",""Walk through the lush forests, teeming with wildflowers, and discover the unique rock formations that have been shaped over millions of years."",""Get an unparalleled glimpse of the region's prehistoric human settlements, complete with ancient rock art and murals.""]",Village,"['Culture', 'Nature Walks', 'Photography', 'Local Sightseeing', 'Bird Watching']",8100,₹8k–₹12k,3,Winter – Spring,"['Winter', 'Spring']",Easy,Quiet,https://upload.wikimedia.org/wikipedia/commons/thumb/9/91/Rock_Shelter_8%2C_Bhimbetka_02.jpg/3840px-Rock_Shelter_8%2C_Bhimbetka_02.jpg,"['https://upload.wikimedia.org/wikipedia/commons/thumb/9/91/Rock_Shelter_8%2C_Bhimbetka_02.jpg/3840px-Rock_Shelter_8%2C_Bhimbetka_02.jpg', 'https://images.unsplash.com/photo-1464822759023-fed622ff2c3b?auto=format&fit=crop&w=1800&q=80', 'https://images.unsplash.com/photo-1500382017468-9049fed747ef?auto=format&fit=crop&w=1800&q=80', 'https://images.unsplash.com/photo-1470071459604-3b5ec3a7fe05?auto=format&fit=crop&w=1800&q=80', 'https://images.unsplash.com/photo-1507525428034-b723cf961d3e?auto=format&fit=crop&w=1800&q=80']","[""Embark on a guided nature walk through the forests and learn about the region's unique flora and fauna."", 'Explore the nearby village and experience the warm hospitality of the local inhabitants.', 'Indulge in local cuisine and try some of the special delicacies, such as Makki ki Roti and Sarson Ka Saag.', 'Visit the nearby Bheda Ghat and take a dip in the cool waters of the Kali Sindh River.']","['The ancient cave paintings at the Bhimbetka Rock Shelters, offering an unparalleled glimpse into the lives of early human beings.', 'The stunning rock formations at the rock shelters, created over millions of years, providing a unique and breathtaking backdrop for photography.', ""The lush forests, teeming with wildflowers and spotted with exotic birds, offering a photographer's paradise amidst the serene countryside.""]","['Local Traditional Thali', 'Spicy Curry']","['Bhimbetka Rock Shelters Bundelkhandi Kitchen', 'Bhimbetka Rock Shelters Malwa Food Court']",[],Lonavala,22.93739,77.6112
54757f87-de56-4ace-9270-b24a1960d248,panna-national-park,Panna National Park,Madhya Pradesh,Central India,"Where nature's majesty echoes the soul, within the ancient heart of Panna National Park.","Perched on the banks of the Ken River in Madhya Pradesh, India, Panna National Park is a treasure trove of rich biodiversity, offering an unparalleled wildlife experience. Steeped in history and spirituality, the park has been a haven for the local Sanchi tribes and various dynasties, leaving behind a legacy of ancient temples and mysterious ruins. Home to endangered Bengal tigers, majestic Barasingha, and an array of vibrant avifauna, Panna National Park has captivated the imagination of visitors and wildlife enthusiasts alike. As a sanctuary for the soul, the park invites you to embark on a serene jungle journey amidst majestic vistas, ancient temples, and the soothing melodies of the Ken River.","[""Bengal Tiger, the majestic king of the forests, can be spotted roaming through the park's dense jungle terrain."",""The temple of Pandav Falls is a sacred site for the local tribes, a testament to the ancient history that permeates the park."",""Experience the majestic sight of 1000-year-old Rangnathji Temple in its grandeur amidst the lush greenery of the park."",""The park is a birdwatcher's paradise with over 200 species of birds including the lesser florican, white bellied blue flycatcher, and the imperial white-eye."",""One of the seven UNESCO World Heritage sites in India, Panna National Park is a site of immense historical and cultural significance.""]",Village,"['Wildlife', 'Spiritual', 'Meditation', 'Temple Visit', 'Heritage Walk', 'Photography']",8100,₹8k–₹12k,3,Winter – Spring,"['Winter', 'Spring']",Easy,Quiet,https://upload.wikimedia.org/wikipedia/commons/thumb/e/e3/SHRI_5_PADMAVATI_PURI_DHAM%2C_PANNA%2C_MP%2C_INDIA.jpg/3840px-SHRI_5_PADMAVATI_PURI_DHAM%2C_PANNA%2C_MP%2C_INDIA.jpg,"['https://upload.wikimedia.org/wikipedia/commons/thumb/e/e3/SHRI_5_PADMAVATI_PURI_DHAM%2C_PANNA%2C_MP%2C_INDIA.jpg/3840px-SHRI_5_PADMAVATI_PURI_DHAM%2C_PANNA%2C_MP%2C_INDIA.jpg', 'https://images.unsplash.com/photo-1464822759023-fed622ff2c3b?auto=format&fit=crop&w=1800&q=80', 'https://images.unsplash.com/photo-1500382017468-9049fed747ef?auto=format&fit=crop&w=1800&q=80', 'https://images.unsplash.com/photo-1470071459604-3b5ec3a7fe05?auto=format&fit=crop&w=1800&q=80', 'https://images.unsplash.com/photo-1507525428034-b723cf961d3e?auto=format&fit=crop&w=1800&q=80']","['Embark on a boat safari across the serene Ken River, taking in the sights and sounds of the local wildlife.', 'Explore the hidden waterfalls of the park, where ancient rivers converge to create an oasis of tranquility.', ""Visit the majestic Rangnathji Temple amidst the lush greenery of the park, a glimpse into the region's ancient heritage."", ""Join a guided heritage walk through the park's scenic terrain, delving into the rich history and tribal culture that surrounds you.""]","['Saddle Point Waterfall - capture the stunning sight of the waterfall cascading down amidst lush green jungles.', 'Kumarika Ghat - immerse yourself in the serene Ken River and capture the vibrant hues of the surrounding landscape.', ""Rangnathji Temple - shoot the grandeur of the ancient temple amidst nature's grand canvas, an unparalleled visual treat.""]","['Local Traditional Thali', 'Spicy Curry']","['Panna National Park Bundelkhandi Kitchen', 'Panna National Park Malwa Food Court']",[],Lonavala,24.61608,79.94004
5557cb80-1807-481c-90e3-f9fc65d1bcb8,baratang-island,Baratang Island,Andaman and Nicobar Islands,Southern India,"Limestone caves, mangrove creeks, and active mud volcanoes.","Baratang Island is a hidden gem in the Andaman archipelago, offering an adventurous journey through dense tropical forests and Jarawa tribal reserves. Famous for its naturally formed limestone caves and ancient mangrove boat safaris, it is a paradise for adventurers.","[""Spectacular boat rides through dense mangrove tunnels"",""Stunning limestone caves with stalactite formations"",""Exploring the rare mud volcanoes of Baratang"",""Passing through the Jarawa tribal forest reserve""]",Island,"['Adventure', 'Nature', 'Offbeat', 'Forest Trail']",11000,₹8k–₹12k,3,November – May,"['Winter', 'Spring', 'Summer']",Moderate,Quiet,https://images.unsplash.com/photo-1544735716-392fe2489ffa?auto=format&fit=crop&w=800&q=80,"['https://images.unsplash.com/photo-1544735716-392fe2489ffa?auto=format&fit=crop&w=800&q=80', 'https://images.unsplash.com/photo-1507525428034-b723cf961d3e?auto=format&fit=crop&w=800&q=80', 'https://images.unsplash.com/photo-1470071459604-3b5ec3a7fe05?auto=format&fit=crop&w=800&q=80']","['Take a speed boat through the mangrove tunnels', 'Walk to the limestone cave formations', 'Visit the active mud volcano sites', ""Explore Baludera Beach's quiet shorelines""]","['Dense canopy of the mangrove tunnels', 'Stalactites inside the limestone caves', 'Mud bubbling up from the volcanic vents']","['Fresh grilled seafood', 'Coconut water', 'Traditional Bengali and South Indian thalis']","['Nilambur Jetty food stalls', 'Forest canteen', 'Baratang Highway eateries']","['Port Blair (100 km)', 'Rangat (60 km)', 'Parrot Island (15 km)']",Havelock,12.1167,92.7833
55f2f594-b053-4f03-98c1-b823a6913ea7,dachigam-national-park,Dachigam National Park,Jammu and Kashmir,Northern India,Discover the last stronghold of the endangered Hangul amidst the pristine Himalayan foothills of Kashmir.,"Nestled in the pristine Zabarwan Range of the Western Himalayas, just 22 kilometers from Srinagar, Dachigam National Park stands as a vital sanctuary for Kashmir's unique biodiversity. Originally established in 1910 as a game preserve for the Maharaja of Jammu and Kashmir, it was formally declared a National Park in 1981. Its name, meaning 'ten villages', commemorates the ten settlements relocated to create this vast protected area, reflecting a long history of conservation. The park's diverse topography ranges from lower grassy slopes and dense coniferous forests to high alpine pastures and rocky cliffs, with the Dagwan river snaking through its heart. Dachigam is globally renowned as the last remaining natural habitat of the endangered Hangul, or Kashmiri Stag, a sub-species of the Central Asian Red Deer. Beyond the iconic Hangul, the park is a haven for a myriad of other Himalayan wildlife, including musk deer, Himalayan black bears, leopard, and a rich avian population. Visiting Dachigam offers an immersive journey into the untouched wilderness of Kashmir, where the serene beauty of the mountain landscape combines with the thrill of potentially spotting rare wildlife, providing a profound connection to nature away from the bustling world.","[""Witness the endangered Hangul (Kashmiri Stag) in its natural habitat."",""Experience the diverse avian life, including the Himalayan Monal and Kashmir Flycatcher."",""Explore the varying ecosystems from Lower Dachigam's grasslands to Upper Dachigam's alpine meadows."",""Spot elusive Himalayan species like the Musk Deer, Himalayan Black Bear, and Common Leopard."",""Trek along the scenic Dagwan River, a lifeline for the park's wildlife.""]",Mountain,"['Nature', 'Wildlife', 'Nature Walks', 'Photography', 'Local Sightseeing', 'Bird Watching']",8100,₹8k–₹12k,3,Summer – Spring,"['Summer', 'Spring']",Moderate,Quiet,https://upload.wikimedia.org/wikipedia/commons/9/92/Sarband-kashmir.JPG,"['https://upload.wikimedia.org/wikipedia/commons/9/92/Sarband-kashmir.JPG', 'https://images.unsplash.com/photo-1464822759023-fed622ff2c3b?auto=format&fit=crop&w=1800&q=80', 'https://images.unsplash.com/photo-1500382017468-9049fed747ef?auto=format&fit=crop&w=1800&q=80', 'https://images.unsplash.com/photo-1470071459604-3b5ec3a7fe05?auto=format&fit=crop&w=1800&q=80', 'https://images.unsplash.com/photo-1507525428034-b723cf961d3e?auto=format&fit=crop&w=1800&q=80']","['Embark on a guided wildlife safari to track the Hangul and other Himalayan fauna.', 'Undertake nature photography excursions, focusing on rare birds and scenic landscapes.', 'Participate in guided nature walks through the lower reaches of the park to observe diverse flora and smaller mammals.', 'Enjoy serene birdwatching sessions along the banks of the Dagwan River.']","['The Dagwan River banks, particularly at dawn or dusk, for wildlife and landscape shots.', 'The open meadows of Lower Dachigam, offering wide vistas and opportunities for photographing grazing animals.', 'The forested slopes leading towards Upper Dachigam, ideal for capturing the dense coniferous canopy and misty mountain views.']","['Siddu', 'Pahadi Madra', 'Local Thali']","['Dachigam National Park Pahadi Rasoi Local Kitchen', 'Dachigam National Park Hilltop Cafe & Bistro']",[],Manali,34.13292,75.02241
5613a3cd-769d-45dd-a384-5f33007788cb,kutumsar-caves,Kutumsar Caves,Chhattisgarh,Central India,Uncover the mystique of Chhattisgarh's lesser-known underground world,"Located in the scenic Kanger Ghati National Park, the Kutumsar Caves are a treasure trove for adventure-seekers and nature enthusiasts. Spanning approximately 1500 meters in length, these vast limestone and dolomite rock-hewn caves are one of the longest caves in India. Richly endowed with an assortment of stalactites and stalagmites, the caves' fascinating geology is intertwined with myth and legend, leaving explorers with an aura of enchantment.","[""Witness breathtaking vistas of the surrounding landscape from the cave's natural skylights"",""Unravel the mysterious ancient drawings etched on the cave walls, believed to be over 10 million years old"",""Marvel at the towering stalagmites and stalactites that form the cave's eerie landscape"",""Embark on a thrilling cave exploration with expert guides and navigate through the labyrinthine tunnels"",""Delve into the rich cultural heritage of the region and understand the mythological significance of these caves""]",Mountain,"['Nature', 'Trekking', 'Bird Watching', 'Nature Walks', 'Photography']",8100,₹8k–₹12k,3,Winter – Spring,"['Winter', 'Spring']",Easy,Quiet,https://upload.wikimedia.org/wikipedia/commons/2/2f/Teerathgarh_waterfall.jpg,"['https://upload.wikimedia.org/wikipedia/commons/2/2f/Teerathgarh_waterfall.jpg', 'https://images.unsplash.com/photo-1464822759023-fed622ff2c3b?auto=format&fit=crop&w=1800&q=80', 'https://images.unsplash.com/photo-1500382017468-9049fed747ef?auto=format&fit=crop&w=1800&q=80', 'https://images.unsplash.com/photo-1470071459604-3b5ec3a7fe05?auto=format&fit=crop&w=1800&q=80', 'https://images.unsplash.com/photo-1507525428034-b723cf961d3e?auto=format&fit=crop&w=1800&q=80']","['Nature trails and trekking excursions through the surrounding Kanger Ghati National Park', 'Guided bird watching tours to spot over 60 species of exotic birds, including the prized Hornbill and the Blue-throated Flycatcher', ""Panoramic photo shoots from designated viewpoints that capture the grandeur of the cave's natural formations"", 'Exploring the nearby picturesque villages of Kanker and Jagdalpur, which reveal the unique cultural tapestry of the region']","['The towering cave entrance, with sunlight filtering through the natural opening to cast an otherworldly glow', ""The cave's ethereal 'Cathedral' zone, featuring towering limestone formations resembling colossal pillars"", 'The sunlit cave exit, offering breathtaking views of the surrounding hills and valleys']","['Local Traditional Thali', 'Spicy Curry']","['Kutumsar Caves Bundelkhandi Kitchen', 'Kutumsar Caves Malwa Food Court']",[],Goa,18.9142,81.8653
561d11d2-eb50-477f-9ea2-8d7b57f1b6fb,duarsini,Duarsini,West Bengal,Eastern India,"Escape to the untamed beauty of Duarsini, a trekker's paradise nestled in the verdant forests of West Bengal","Duarsini, located in the Birbhum district of West Bengal, is a haven for adventure seekers and nature enthusiasts. The region is characterized by its unique landscape of laterite rocks, rolling hills, and dense forests, which are home to a diverse range of flora and fauna. As a trekking destination, Duarsini offers a plethora of trails that cater to different skill levels, from easy to challenging, allowing visitors to immerse themselves in the serene surroundings and experience the thrill of exploration. With its rich cultural heritage and stunning natural beauty, Duarsini is an ideal getaway for those seeking a mix of adventure, relaxation, and cultural immersion.","[""The renowned Susunia Hill, a popular spot for rock climbing and trekking, offering breathtaking views of the surrounding landscape"",""The scenic Kopai River, which flows through the region and provides opportunities for bird watching and relaxation"",""The historic Bhabani Pathak's fort, a 16th-century structure that showcases the region's rich cultural heritage"",""The vibrant weekly market, where visitors can experience the local culture and shop for handicrafts and souvenirs""]",Trek,"['Nature', 'Adventure', 'Trekking', 'Camping', 'Rock Climbing', 'Bird Watching']",8100,₹8k–₹12k,3,Winter – Spring,"['Winter', 'Spring']",Easy,Quiet,https://upload.wikimedia.org/wikipedia/commons/thumb/2/29/Joychandi_Pahar_%2814694282039%29.jpg/3840px-Joychandi_Pahar_%2814694282039%29.jpg,"['https://upload.wikimedia.org/wikipedia/commons/thumb/2/29/Joychandi_Pahar_%2814694282039%29.jpg/3840px-Joychandi_Pahar_%2814694282039%29.jpg', 'https://images.unsplash.com/photo-1464822759023-fed622ff2c3b?auto=format&fit=crop&w=1800&q=80', 'https://images.unsplash.com/photo-1500382017468-9049fed747ef?auto=format&fit=crop&w=1800&q=80', 'https://images.unsplash.com/photo-1470071459604-3b5ec3a7fe05?auto=format&fit=crop&w=1800&q=80', 'https://images.unsplash.com/photo-1507525428034-b723cf961d3e?auto=format&fit=crop&w=1800&q=80']","['Trek to the summit of Susunia Hill, which offers panoramic views of the surrounding landscape', 'Explore the scenic trails along the Kopai River, which are ideal for bird watching and nature walks', 'Visit the nearby villages, which offer a glimpse into the local way of life and traditional crafts', 'Participate in rock climbing and rappelling activities, which are available at Susunia Hill']","['The sunrise point at Susunia Hill, which offers breathtaking views of the surrounding landscape', 'The rock formations along the Kopai River, which create a unique and picturesque landscape', ""The historic Bhabani Pathak's fort, which offers a glimpse into the region's rich cultural heritage""]","['Local Traditional Thali', 'Spicy Curry']","['Duarsini Bengali Spice Junction', 'Duarsini Maa Durga Local Hotel']",[],Darjeeling,23.04974,86.56573
56a19d03-2baf-41e4-b496-7ee276d287a3,gurez-valley,Gurez Valley,Jammu and Kashmir,Northern India,"Snuggled in the Himalayas, Gurez Valley is a pristine, offbeat destination in Jammu and Kashmir, offering breathtaking landscapes and untouched natural beauty.","Gurez Valley, situated approximately 143 km from Srinagar, is a stunning valley surrounded by the majestic Himalayas. The valley is nestled along the banks of the Kishenganga River, which adds to its picturesque beauty. Gurez has a rich history, having been an important stopover on the ancient Silk Route. The valley's unique culture is a blend of Kashmiri and Tibetan influences. With its lush green meadows, towering mountains, and serene rivers, Gurez Valley is an ideal destination for nature lovers and adventure seekers. Visitors can witness the valley's untouched natural beauty, with an array of flora and fauna, including the Himalayan black bear, brown bear, and the snow leopard. The valley is also home to several species of birds, making it a haven for birdwatchers.","[""Habba Khatoon Peak, named after the famous Kashmiri poetess, offers breathtaking views of the valley"",""Dawar, the central town in Gurez, is a hub for shopping and trying local delicacies"",""The 14th-century ancient ruins of the Dawar Fort, which speak of the valley's rich history"",""The Kishenganga River, which offers opportunities for rafting and fishing"",""The picturesque villages of Barnoi, Tilel, and Kashpat, which provide a glimpse into the local culture""]",Valley,"['Nature', 'Nature Walks', 'Photography', 'Local Sightseeing', 'Bird Watching']",8100,₹8k–₹12k,3,Summer – Spring,"['Summer', 'Spring']",Moderate,Quiet,https://upload.wikimedia.org/wikipedia/commons/7/76/Habba_Khatoon.jpg,"['https://upload.wikimedia.org/wikipedia/commons/7/76/Habba_Khatoon.jpg', 'https://images.unsplash.com/photo-1464822759023-fed622ff2c3b?auto=format&fit=crop&w=1800&q=80', 'https://images.unsplash.com/photo-1500382017468-9049fed747ef?auto=format&fit=crop&w=1800&q=80', 'https://images.unsplash.com/photo-1470071459604-3b5ec3a7fe05?auto=format&fit=crop&w=1800&q=80', 'https://images.unsplash.com/photo-1507525428034-b723cf961d3e?auto=format&fit=crop&w=1800&q=80']","['Trek to the nearby mountains and meadows, offering breathtaking views of the valley', 'Go rafting or fishing in the Kishenganga River', ""Take a leisurely walk along the river banks and through the valley's lush meadows"", 'Visit the local villages and interact with the friendly locals to learn about their unique culture']","['The confluence of the Kishenganga and Burzil rivers, offering a stunning view of the surrounding mountains', 'The Habba Khatoon Peak, which provides a panoramic view of the valley', 'The picturesque village of Dawar, with its traditional architecture and scenic surroundings']","['Siddu', 'Pahadi Madra', 'Local Thali']","['Gurez Valley Pahadi Rasoi Local Kitchen', 'Gurez Valley Hilltop Cafe & Bistro']",[],Manali,34.64504,74.70818
577e0e62-a2cf-4a7a-8f93-caa4a47a467f,chikhaldara,Chikhaldara,Maharashtra,Western India,"Experience the unspoiled beauty of Maharashtra's highest hill station, Chikhaldara, where misty mountains meet adventure and serenity.","Chikhaldara, nestled in the Amravati district of Maharashtra, is a hidden gem that boasts breathtaking landscapes, rich biodiversity, and a plethora of adventure activities. This hill station, situated at an altitude of 1,088 meters, is the only coffee-growing region in Maharashtra and is home to numerous plantations, dense forests, and a variety of wildlife. The region's rich history dates back to the Megalithic era, with numerous archaeological sites and monuments, including the famous Gavilgarh Fort and the Narnala Fort, showcasing its cultural significance. As a trekker's paradise, Chikhaldara offers numerous trails, ranging from easy to challenging, that cater to all levels of experience and provide breathtaking views of the surrounding landscape.","[""Explore the historic Gavilgarh Fort, a 12th-century fortress that offers stunning views of the surrounding valleys and hills."",""Visit the Narnala Fort, a 10th-century fort that showcases the region's rich history and architecture."",""Discover the beautiful coffee plantations and learn about the coffee-making process at one of the local estates."",""Spot exotic bird species, including the majestic Malabar Whistling Thrush and the Grey Junglefowl, at the Melghat Tiger Reserve."",""Take a trek to the highest point in Chikhaldara, the Gawilghur Point, which offers breathtaking 360-degree views of the surrounding landscape.""]",Trek,"['Nature', 'Adventure', 'Trekking', 'Camping', 'Rock Climbing', 'Bird Watching']",8100,₹8k–₹12k,3,Winter – Spring,"['Winter', 'Spring']",Easy,Quiet,https://images.unsplash.com/photo-1506461883276-594a12b11db3?q=80&w=1000&auto=format&fit=crop,"['https://images.unsplash.com/photo-1506461883276-594a12b11db3?q=80&w=1000&auto=format&fit=crop', 'https://images.unsplash.com/photo-1464822759023-fed622ff2c3b?auto=format&fit=crop&w=1800&q=80', 'https://images.unsplash.com/photo-1500382017468-9049fed747ef?auto=format&fit=crop&w=1800&q=80', 'https://images.unsplash.com/photo-1470071459604-3b5ec3a7fe05?auto=format&fit=crop&w=1800&q=80', 'https://images.unsplash.com/photo-1507525428034-b723cf961d3e?auto=format&fit=crop&w=1800&q=80']","['Go on a guided trek to the nearby villages and experience the local culture and traditions.', 'Engage in rock climbing and rappelling activities at the numerous cliffs and rocks in the region.', 'Take a bird-watching tour in the Melghat Tiger Reserve and spot some of the rarest species of birds in India.', 'Set up camp in the wilderness and spend the night under the stars, surrounded by the sounds of nature.']","['The Sunrise Point, which offers breathtaking views of the sunrise over the hills and valleys.', 'The Gawilghur Point, which provides a 360-degree view of the surrounding landscape.', 'The coffee plantations, where you can capture the lush green landscapes and the coffee-making process.']","['Dal Baati Churma', 'Saurashtra Thali', 'Goan Fish Curry']","['Chikhaldara Kathiyawadi Local Dhaba', 'Chikhaldara Rajasthani Thali House']",[],Lonavala,21.4764,77.27578
58d6a1d5-aee2-484a-a9a4-5f04efc4d4b3,chunar,Chunar,Uttar Pradesh,Northern India,A majestic river fort on the Ganges rich in history.,"Chunar is a historic fortress town perched on a cliff beside the Ganges in Mirzapur district. Famous for the Chunar Fort, built with sturdy yellow sandstone and overlooking the river, it is also renowned for its unique hand-glazed clay pottery and nearby waterfall treks.","[""Explore the towering 16th-century Chunar Fort"",""See traditional red clay pottery craftsmen"",""Trek to Lakhaniya Dari waterfalls nearby"",""Walk along the quiet ghats of the Ganges""]",Village,"['Heritage', 'Culture', 'Photography', 'Adventure']",5500,Under ₹8k,2,September – March,"['Autumn', 'Winter', 'Spring']",Easy,Quiet,https://images.unsplash.com/photo-1544735716-392fe2489ffa?auto=format&fit=crop&w=800&q=80,"['https://images.unsplash.com/photo-1544735716-392fe2489ffa?auto=format&fit=crop&w=800&q=80', 'https://images.unsplash.com/photo-1507525428034-b723cf961d3e?auto=format&fit=crop&w=800&q=80']","['Walk the ramparts of Chunar Fort', 'Visit the Sonwa Mandap and dungeon cells', 'Buy local glazed pottery items', 'Picnic at Lakhaniya Dari Waterfall']","['The Ganges curving around Chunar Fort', 'Naidu sandstone carvings inside the fort', 'Artisans spinning clay wheels']","['Mirzapuri Kachori', 'Baati Chokha', 'Chunar Pedha']","['Local sweet shops', 'Fort View Restaurant', 'Station Road Dhabas']","['Varanasi (35 km)', 'Mirzapur (40 km)', 'Vindhyachal (50 km)']",Varanasi,25.1278,82.8808
5a16339f-2c4a-4d62-841c-d7bdb23b8839,tarnetar,Tarnetar,Gujarat,Western India,"Experience the unspoiled beauty of Gujarat's countryside in Tarnetar, a haven for adventure seekers and nature lovers.","Tarnetar, a small village in the Surendranagar district of Gujarat, is a hidden gem for trekking enthusiasts and those seeking an immersive experience in nature. The region is characterized by its unique topography, with vast expanses of grasslands and dense forests, making it an ideal spot for trekking, rock climbing, and bird watching. The annual Tarnetar Fair, a three-day festival, is a major draw, showcasing the local culture and traditions of the region. Visitors can explore the nearby Trambak Falls, spend a night under the stars at a campsite, or simply soak in the serene atmosphere of the countryside.","[""The famous Tarnetar Fair, a vibrant celebration of music, dance, and crafts"",""The historic Trambak Falls, a picturesque spot for picnic and relaxation"",""The sacred temple of Sri Trambakeshwar Mahadev, an important pilgrimage site"",""The opportunity to spot over 150 species of birds in the surrounding forests and grasslands"",""The chance to experience the authentic rural lifestyle of Gujarat""]",Trek,"['Nature', 'Adventure', 'Trekking', 'Camping', 'Rock Climbing', 'Bird Watching']",8100,₹8k–₹12k,3,Winter – Spring,"['Winter', 'Spring']",Easy,Quiet,https://images.unsplash.com/photo-1506461883276-594a12b11db3?q=80&w=1000&auto=format&fit=crop,"['https://images.unsplash.com/photo-1506461883276-594a12b11db3?q=80&w=1000&auto=format&fit=crop', 'https://images.unsplash.com/photo-1464822759023-fed622ff2c3b?auto=format&fit=crop&w=1800&q=80', 'https://images.unsplash.com/photo-1500382017468-9049fed747ef?auto=format&fit=crop&w=1800&q=80', 'https://images.unsplash.com/photo-1470071459604-3b5ec3a7fe05?auto=format&fit=crop&w=1800&q=80', 'https://images.unsplash.com/photo-1507525428034-b723cf961d3e?auto=format&fit=crop&w=1800&q=80']","['Trek to the nearby hills and explore the scenic vistas and unique rock formations', 'Go bird watching in the early morning hours to spot a variety of species', 'Take a rock climbing course and challenge yourself on the rugged terrain', 'Camp under the stars and enjoy a night of stargazing and campfire stories']","['The sunset point near the Trambak Falls, offering breathtaking views of the surrounding landscape', 'The temple of Sri Trambakeshwar Mahadev, with its intricate carvings and stunning architecture', 'The vast grasslands, perfect for capturing panoramic shots of the countryside']","['Dal Baati Churma', 'Saurashtra Thali', 'Goan Fish Curry']","['Tarnetar Kathiyawadi Local Dhaba', 'Tarnetar Rajasthani Thali House']",[],Lonavala,22.64583,71.21333
5a92dcb8-902e-40c4-8c3d-c58fde2c02a0,barnawapara-wildlife-sanctuary,Barnawapara Wildlife Sanctuary,Chhattisgarh,Central India,"Immerse in the lush wildlife of Chhattisgarh at Barnawapara Wildlife Sanctuary, a haven of nature's splendor.","Nestled in the heart of Chhattisgarh, India, Barnawapara Wildlife Sanctuary is a nature lover's paradise that offers an unrivaled opportunity to explore the region's rich biodiversity. Spread across 245 sq. km of lush forestlands, the sanctuary is home to a wide array of flora and fauna, including the majestic Bengal tiger, Asian elephant, and sloth bear. Visitors can indulge in thrilling jeep safaris, nature walks, and bird watching experiences to witness the majestic creatures and vibrant avifauna that inhabit this magnificent sanctuary.","[""Explore the dense Sal forest on a guided nature walk and discover the sanctuary's resident bird species, including the Great Indian Hornbill and the Paradise Flycatcher."",""Spot the majestic Bengal tiger, Asiatic jackal, and sloth bear, as well as other elusive wildlife, on a thrilling jeep safari through the sanctuary's rugged terrain."",""Visit the ancient Barnawapara Dam, which provides water for irrigation and drinking purposes in the region."",""Take a closer look at the wide range of flora and fauna at the sanctuary's museum, which is an essential part of the wildlife conservation efforts."",""Climb to the top of the nearby Tekaput Hill for a panoramic view of the surrounding landscape and experience the thrill of being in the midst of nature""]",Mountain,"['Wildlife', 'Nature Walks', 'Photography', 'Local Sightseeing', 'Bird Watching']",8100,₹8k–₹12k,3,Winter – Spring,"['Winter', 'Spring']",Easy,Quiet,https://images.unsplash.com/photo-1506461883276-594a12b11db3?q=80&w=1000&auto=format&fit=crop,"['https://images.unsplash.com/photo-1506461883276-594a12b11db3?q=80&w=1000&auto=format&fit=crop', 'https://images.unsplash.com/photo-1464822759023-fed622ff2c3b?auto=format&fit=crop&w=1800&q=80', 'https://images.unsplash.com/photo-1500382017468-9049fed747ef?auto=format&fit=crop&w=1800&q=80', 'https://images.unsplash.com/photo-1470071459604-3b5ec3a7fe05?auto=format&fit=crop&w=1800&q=80', 'https://images.unsplash.com/photo-1507525428034-b723cf961d3e?auto=format&fit=crop&w=1800&q=80']","['Go on a boat ride on the serene Barnawapara Dam, surrounded by lush foliage and vibrant birdlife.', 'Take a guided bird watching tour to spot species such as the Indian Grey Hornbill and the Black-headed Ibis.', 'Relax by the campfire as the sun sets, listening to the chirping of nocturnal insects and the distant howls of the Asiatic jackal.', 'Participate in a conservation effort by planting a tree or joining a wildlife monitoring excursion, led by expert guides and wildlife enthusiasts.']","[""The Sal forest canopy at dawn, with the sun's rays filtering through the leaves and casting a kaleidoscope of colors on the forest floor."", 'A Bengal tiger sighting on a jeep safari, set against the stunning backdrop of the Barnawapara hills.', 'A flock of Great Indian Hornbills flying overhead, their vibrant feathers and majestic presence making for a truly unforgettable photograph.']","['Local Traditional Thali', 'Spicy Curry']","['Barnawapara Wildlife Sanctuary Bundelkhandi Kitchen', 'Barnawapara Wildlife Sanctuary Malwa Food Court']",[],Lonavala,21.4,82.46389
5b78d79c-8e0e-40cf-a8fc-0f7442b445f6,orvakal-rock-garden,Orvakal Rock Garden,Andhra Pradesh,Southern India,Experience the majestic charm of Andhra Pradesh's first pre-historic cave site amidst the serene Kurnool limestone hills.,"Nestled amidst the majestic Kurnool limestone hills, the Orvakal Rock Garden offers an unparalleled trekking experience for nature enthusiasts and adventure seekers. The 3km stretch of rocky terrain features a variety of flora and fauna, providing an immersive experience in the heart of Andhra Pradesh's natural beauty. With its rich history, Orvakal Rock Garden stands as a testament to the region's pre-historic past, showcasing cave paintings and fossils of marine animals and reptiles that date back to the Jurassic period. Visitors can explore the scenic beauty, engage in bird watching, or try their hand at rock climbing and camping under the stars.","[""Admire the stunning cave paintings and fossilized footprints found on exposed rock surfaces."",""Get a glimpse into the region's rich cultural heritage and explore ancient rock art."",""Spot over 100 species of migratory and resident birds amidst the lush green surroundings."",""Embark on a thrilling rock climbing experience and take in breathtaking views of the surrounding landscape."",""Relax in a serene atmosphere and set up base for a memorable camping adventure.""]",Trek,"['Nature', 'Adventure', 'Trekking', 'Camping', 'Rock Climbing', 'Bird Watching']",8100,₹8k–₹12k,3,Winter – Spring,"['Winter', 'Spring']",Easy,Quiet,https://upload.wikimedia.org/wikipedia/commons/9/9c/Orvakal_Rock_Formations.jpg,"['https://upload.wikimedia.org/wikipedia/commons/9/9c/Orvakal_Rock_Formations.jpg', 'https://images.unsplash.com/photo-1464822759023-fed622ff2c3b?auto=format&fit=crop&w=1800&q=80', 'https://images.unsplash.com/photo-1500382017468-9049fed747ef?auto=format&fit=crop&w=1800&q=80', 'https://images.unsplash.com/photo-1470071459604-3b5ec3a7fe05?auto=format&fit=crop&w=1800&q=80', 'https://images.unsplash.com/photo-1507525428034-b723cf961d3e?auto=format&fit=crop&w=1800&q=80']","['Immerse in scenic trekking and hiking through the diverse landscape of Kurnool limestone hills.', 'Engage in bird watching activities with expert guides to spot a plethora of avian species.', 'Attempt to climb the rocky outcrops to reach the summit for panoramic views.', 'Explore the scenic surroundings and enjoy a relaxed picnic amidst the natural beauty of the rock garden.']","[""The majestic 'Potha Lingala Gopuram', showcasing an intricate cave painting of Lord Shiva."", ""The 'Jurassic Fossil Beds' featuring the fossilized remains of ancient marine animals."", ""The 'Sunset Viewpoint', offering a breathtaking view of the surrounding landscape at sunset.""]","['Traditional Thali', 'Filter Coffee', 'Local Seafood']","['Orvakal Rock Garden Malgudi Filter Coffee & Tiffin', 'Orvakal Rock Garden Sree Local Mess']",[],Lonavala,15.69184,78.15177
5b8c716a-03fe-4492-bcc5-d625c6ac571f,moreh-border-town,Moreh Border Town,Manipur,Northeastern India,"Experience the vibrant culture and breathtaking landscapes of Moreh Border Town, a picturesque village in Manipur where India meets Myanmar.","Moreh Border Town, situated in the Chandel district of Manipur, is a thriving village that has been a significant trade hub between India and Myanmar. With its unique blend of Indian and Southeast Asian cultures, Moreh offers an enchanting experience for visitors. The town's proximity to the international border has created a fascinating melting pot of traditions, languages, and cuisines. The stunning natural surroundings, including rolling hills, lush forests, and sparkling waterfalls, provide a perfect backdrop for trekking, bird watching, and nature walks. As the sun sets, the town comes alive with the sounds of local markets and the aroma of exotic delicacies, making Moreh Border Town an unforgettable destination for travelers. The town's strategic location also offers opportunities for cross-border interactions and a glimpse into the rich history of the region, with the nearby town of Tamu in Myanmar being an important cultural and trade center.","[""The bustling Moreh Market, where visitors can shop for local handicrafts, try traditional cuisine, and experience the town's vibrant culture."",""The historic Zeilad Lake, a popular spot for picnics and boat rides, offering breathtaking views of the surrounding landscape."",""The Namphalong Market, also known as the 'Little Bangkok' of Moreh, where visitors can find a wide range of Thai and Myanmar goods, including clothing, electronics, and handicrafts."",""The beautiful Shangshak Village, known for its picturesque scenery, traditional Naga huts, and warm hospitality, offering a glimpse into the region's rich cultural heritage.""]",Village,"['Nature', 'Trekking', 'Bird Watching', 'Nature Walks', 'Photography']",8100,₹8k–₹12k,3,Summer – Spring,"['Summer', 'Spring']",Moderate,Quiet,https://images.unsplash.com/photo-1506461883276-594a12b11db3?q=80&w=1000&auto=format&fit=crop,"['https://images.unsplash.com/photo-1506461883276-594a12b11db3?q=80&w=1000&auto=format&fit=crop', 'https://images.unsplash.com/photo-1464822759023-fed622ff2c3b?auto=format&fit=crop&w=1800&q=80', 'https://images.unsplash.com/photo-1500382017468-9049fed747ef?auto=format&fit=crop&w=1800&q=80', 'https://images.unsplash.com/photo-1470071459604-3b5ec3a7fe05?auto=format&fit=crop&w=1800&q=80', 'https://images.unsplash.com/photo-1507525428034-b723cf961d3e?auto=format&fit=crop&w=1800&q=80']","['Trek to the nearby hills and forests, home to a wide variety of flora and fauna, including several species of birds, making it a paradise for nature enthusiasts and bird watchers.', ""Explore the town's many markets, including the Moreh Market and the Namphalong Market, to experience the local culture and shop for unique souvenirs."", 'Take a boat ride on the Zeilad Lake, enjoying the serene surroundings and spotting local birds and wildlife.', 'Visit the Shangshak Village, where visitors can learn about traditional Naga customs, try local delicacies, and experience the warm hospitality of the region.']","[""The Zeilad Lake viewpoint, offering stunning views of the surrounding landscape and the lake's serene waters."", 'The Namphalong Market entrance, with its vibrant colors and bustling atmosphere, making it a great spot for street photography.', 'The Moreh Border Gate, a historic landmark marking the India-Myanmar border, providing a unique opportunity for photography and cultural insight.']","['Smoked Pork with Bamboo Shoot', 'Local Rice Cake', 'Assamese Thali']","['Moreh Border Town Local Tribal Kitchen', 'Moreh Border Town The Bamboo Shoot Restaurant']",[],Goa,24.2477,94.3031
5bfdec80-78b6-493a-a754-8d852c113c4a,maheshwar,Maheshwar,Madhya Pradesh,Central India,"Discover the serenity of the Vindhya Hills in Maheshwar, where ancient temples and treacherous terrain beckon the adventurer.","Situated on the banks of the Narmada River in Madhya Pradesh, Maheshwar is a scenic hill town surrounded by the rugged grandeur of the Vindhya Hills. This ancient pilgrimage center boasts a rich cultural heritage, characterized by intricately carved temples of Maratha and Rajput architecture. As a trekker, you'll be treated to an array of challenging trails, each offering a unique perspective on this enchanting landscape. Whether you're scaling the towering cliffs, camping under star-studded skies, or bird-watching through the lush forests, Maheshwar's natural splendor and spiritual essence will leave you enchanted.","[""The stunning Jaleshwar Temple, a 16th-century marvel perched atop a granite outcrop, offering breathtaking views of the Narmada."",""The picturesque Kajli Puliya Bridge, a rustic, ancient suspension bridge spanning the river, providing a photographer's paradise."",""The ancient fortifications and ruins of the erstwhile Maheshwar kingdom, a testament to the town's rich history and strategic importance."",""The serene and sacred Ghats along the Narmada, where devotees gather to bathe and pray amidst the tranquil surroundings."",""The lush Ghuma forest, a haven for migratory birds and other wildlife, perfect for nature enthusiasts and bird-watchers.""]",Trek,"['Nature', 'Adventure', 'Trekking', 'Camping', 'Rock Climbing', 'Bird Watching']",8100,₹8k–₹12k,3,Winter – Spring,"['Winter', 'Spring']",Easy,Quiet,https://upload.wikimedia.org/wikipedia/commons/thumb/3/39/Maheshwar_fort.JPG/3840px-Maheshwar_fort.JPG,"['https://upload.wikimedia.org/wikipedia/commons/thumb/3/39/Maheshwar_fort.JPG/3840px-Maheshwar_fort.JPG', 'https://images.unsplash.com/photo-1464822759023-fed622ff2c3b?auto=format&fit=crop&w=1800&q=80', 'https://images.unsplash.com/photo-1500382017468-9049fed747ef?auto=format&fit=crop&w=1800&q=80', 'https://images.unsplash.com/photo-1470071459604-3b5ec3a7fe05?auto=format&fit=crop&w=1800&q=80', 'https://images.unsplash.com/photo-1507525428034-b723cf961d3e?auto=format&fit=crop&w=1800&q=80']","['Embark on the challenging trek to the top of Bhedaghat, a rugged, granite monolith offering stunning views of the surrounding landscape.', 'Camp under the stars in the picturesque forest clearings near the banks of the Narmada River.', ""Partake in the traditional 'Shuklavaar' festivities, a centuries-old celebration commemorating the sacred Shukla Paksha."", 'Take a thrilling rock climbing excursion up the towering cliffs of the Vindhya Hills, amidst ancient temples and scenic vistas.']","[""The sun-kissed Ghats at Maheshwar, offering a photographer's dream of golden light, majestic temple silhouettes, and serene river scenes."", 'The majestic Kedareshwar Temple, its intricately carved facade glistening in the golden light of dawn or dusk.', 'The Narmada River as it winds its way through the town, creating picturesque vistas amidst ancient temples and tranquil forests.']","['Local Traditional Thali', 'Spicy Curry']","['Maheshwar Bundelkhandi Kitchen', 'Maheshwar Malwa Food Court']",[],Lonavala,22.17743,75.58735
5eabe9dd-5081-4508-9d8b-555f8430ea29,cola-beach,Cola Beach,Goa,Western India,"Secluded and serenely beautiful, Cola Beach in South Goa is a tropical paradise nestled between lush green forests and a picturesque lagoon.","Located in the southern part of Goa, Cola Beach, also known as Khola Beach, is a pristine and lesser-known gem that offers an escape from the hustle and bustle of city life. The beach is fringed with swaying palm trees, and its shoreline is dotted with colorful wooden boats and shacks. The surrounding landscape is characterized by rolling hills, verdant forests, and a meandering lagoon that adds to the enchanting beauty of this secluded beach. Visitors can relax and unwind in a tranquil atmosphere, indulge in water activities, or take a short hike to explore the nearby villages and forests, immersing themselves in the local culture and natural beauty of the area.","[""The scenic Cola Lagoon, which is an ideal spot for swimming, kayaking, or paddleboarding"",""The picturesque village of Cola, known for its traditional Goan homes and vibrant culture"",""The historic Betul Fort, situated on a hill overlooking the beach and offering stunning views of the Arabian Sea"",""The tranquil Canacona region, where visitors can explore the lush forests, valleys, and waterfalls"",""The bustling Palolemem market, where visitors can shop for local handicrafts and souvenirs""]",Beach,"['Beach', 'Swimming', 'Sunbathing', 'Beach Walks', 'Boat Ride']",8100,₹8k–₹12k,3,Winter – Spring,"['Winter', 'Spring']",Easy,Quiet,https://upload.wikimedia.org/wikipedia/commons/7/7d/GOA_-_panoramio_%2811%29.jpg,"['https://upload.wikimedia.org/wikipedia/commons/7/7d/GOA_-_panoramio_%2811%29.jpg', 'https://images.unsplash.com/photo-1464822759023-fed622ff2c3b?auto=format&fit=crop&w=1800&q=80', 'https://images.unsplash.com/photo-1500382017468-9049fed747ef?auto=format&fit=crop&w=1800&q=80', 'https://images.unsplash.com/photo-1470071459604-3b5ec3a7fe05?auto=format&fit=crop&w=1800&q=80', 'https://images.unsplash.com/photo-1507525428034-b723cf961d3e?auto=format&fit=crop&w=1800&q=80']","['Take a leisurely boat ride along the Cola Lagoon and spot a variety of bird species and marine life', 'Indulge in water sports such as kayaking, paddleboarding, or swimming in the crystal-clear waters of the lagoon', 'Embark on a scenic hike through the surrounding forests and hills, and explore the nearby villages and countryside', 'Relax and unwind on the sun-kissed beach, and enjoy the local seafood and drinks at one of the many beach shacks and restaurants']","['The picturesque Cola Lagoon, offering stunning views of the surrounding landscape and the Arabian Sea', 'The scenic Betul Fort, providing breathtaking views of the coastline and the surrounding countryside', 'The tranquil Cola Beach, with its swaying palm trees, colorful beach shacks, and crystal-clear waters']","['Dal Baati Churma', 'Saurashtra Thali', 'Goan Fish Curry']","['Cola Beach Kathiyawadi Local Dhaba', 'Cola Beach Rajasthani Thali House']",[],Goa,15.05925,73.97015
5ee053dd-ce9d-46d8-9a6e-a55447e6875a,sumur,Sumur,Ladakh,Northern India,"Nestled in the Nubra Valley, Sumur is a picturesque village in Ladakh, offering breathtaking views of the Karakoram Range and a unique cultural experience.","Sumur, a quaint village in the Nubra Valley of Ladakh, is a haven for nature lovers and photography enthusiasts. The village is situated near the confluence of the Shyok and Nubra rivers, providing a stunning backdrop of the Karakoram Range. With its pristine landscapes, unique wildlife, and rich cultural heritage, Sumur offers an unparalleled experience for visitors. The village is home to several ancient monasteries, including the Samstem Ling Gompa, which showcases the region's rich history and spiritual significance. As a popular tourist destination, Sumur provides a range of activities, from trekking and birdwatching to exploring the local culture and cuisine.","[""The Samstem Ling Gompa, a 19th-century monastery that houses a large collection of Buddhist scriptures and artifacts"",""The Panamik Hot Springs, a natural wonder with therapeutic properties, located near the village"",""The Nubra Valley's sand dunes, where visitors can enjoy camel rides and witness the rare Bactrian camel"",""The Diskit Monastery, one of the oldest and largest monasteries in the Nubra Valley, known for its stunning murals and artifacts"",""The confluence of the Shyok and Nubra rivers, a breathtaking sight that offers stunning views and photography opportunities""]",Mountain,"['Nature', 'Nature Walks', 'Photography', 'Local Sightseeing', 'Bird Watching']",8100,₹8k–₹12k,3,Summer – Spring,"['Summer', 'Spring']",Moderate,Quiet,https://upload.wikimedia.org/wikipedia/commons/thumb/7/75/5_Nubra_valley.jpg/3840px-5_Nubra_valley.jpg,"['https://upload.wikimedia.org/wikipedia/commons/thumb/7/75/5_Nubra_valley.jpg/3840px-5_Nubra_valley.jpg', 'https://images.unsplash.com/photo-1464822759023-fed622ff2c3b?auto=format&fit=crop&w=1800&q=80', 'https://images.unsplash.com/photo-1500382017468-9049fed747ef?auto=format&fit=crop&w=1800&q=80', 'https://images.unsplash.com/photo-1470071459604-3b5ec3a7fe05?auto=format&fit=crop&w=1800&q=80', 'https://images.unsplash.com/photo-1507525428034-b723cf961d3e?auto=format&fit=crop&w=1800&q=80']","['Trekking to the nearby valleys and villages, such as the Panamik and Diskit villages', 'Exploring the local culture and cuisine, including trying traditional Ladakhi dishes like thukpa and momos', 'Birdwatching, with a chance to spot rare species like the black-necked crane and the Tibetan partridge', ""Visiting the nearby monasteries and learning about the region's history and spiritual significance""]","[""The panoramic view of the Karakoram Range from the village's highest point"", 'The stunning landscape of the Nubra Valley, with its sand dunes and rugged mountains', 'The confluence of the Shyok and Nubra rivers, with its turquoise waters and surrounding landscape']","['Siddu', 'Pahadi Madra', 'Local Thali']","['Sumur Pahadi Rasoi Local Kitchen', 'Sumur Hilltop Cafe & Bistro']",[],Manali,34.61856,77.61325
5f10465f-9b05-418d-b1f9-ecd18f357ad0,keonjhar,Keonjhar,Odisha,Eastern India,"Experience serenity amidst nature in Odisha's hidden gem, Keonjhar.","Perched in the midst of the lush Eastern Ghats, Keonjhar in Odisha, beckons adventure-seekers and nature lovers alike. The district's diverse terrain, comprising hills, forests, and rivers, offers a rich canvas for trekking, camping, and rock climbing. This lesser-explored destination presents an opportunity to immerse oneself in the local culture, witness a diverse array of bird species, and connect with the tranquility of the natural surroundings.","[""Trek to the majestic Harishankar Temple, situated atop a hillock and nestled amidst dense forests, offering breathtaking views of the surrounding landscape."",""Embark on a camping expedition in the serene surroundings of the Brahmini River, where the tranquil waters and lush greenery create an idyllic ambiance."",""Scale the rugged terrain of the Debrigadh Hills, a paradise for rock climbers, and relish the thrill of navigating through challenging rock formations."",""Explore the vibrant local markets and immerse oneself in the rich cultural heritage of the region, witnessing a fascinating blend of traditions and customs."",""Set out on a bird-watching expedition to the Debrigadh Hills, where one can spot a wide variety of avian species, including the critically endangered Spot-billed Pelican.""]",Trek,"['Nature', 'Adventure', 'Trekking', 'Camping', 'Rock Climbing', 'Bird Watching']",8100,₹8k–₹12k,3,Winter – Spring,"['Winter', 'Spring']",Easy,Quiet,https://upload.wikimedia.org/wikipedia/commons/thumb/7/72/Maa_Tarini%2C_Ghatagaon%2C_Keonjhar.jpg/3840px-Maa_Tarini%2C_Ghatagaon%2C_Keonjhar.jpg,"['https://upload.wikimedia.org/wikipedia/commons/thumb/7/72/Maa_Tarini%2C_Ghatagaon%2C_Keonjhar.jpg/3840px-Maa_Tarini%2C_Ghatagaon%2C_Keonjhar.jpg', 'https://images.unsplash.com/photo-1464822759023-fed622ff2c3b?auto=format&fit=crop&w=1800&q=80', 'https://images.unsplash.com/photo-1500382017468-9049fed747ef?auto=format&fit=crop&w=1800&q=80', 'https://images.unsplash.com/photo-1470071459604-3b5ec3a7fe05?auto=format&fit=crop&w=1800&q=80', 'https://images.unsplash.com/photo-1507525428034-b723cf961d3e?auto=format&fit=crop&w=1800&q=80']","['Participate in a guided forest walk with a local expert to discover the flora and fauna of the region.', 'Learn the art of traditional Odia pottery-making and take home a unique souvenir as a memento.', 'Engage in a local folk dance workshop, where one can learn the intricate movements and rhythms of traditional Odia dance forms.', 'Embark on a boat ride across the Brahmini River, exploring the tranquil surroundings and witnessing the local wildlife up close.']","['Capture the majestic vista of the Brahmini River and the Debrigadh Hills at sunrise or sunset, when the sky is painted with hues of orange and pink.', 'Frame the beautiful scenery of the forests and the hills, teeming with life and dotted with waterfalls, from a secluded vantage point.', 'Take a panoramic shot of the Harishankar Temple, set atop a hillock and surrounded by dense foliage, which appears as if floating in the midst of the forest.']","['Local Traditional Thali', 'Spicy Curry']","['Keonjhar Bengali Spice Junction', 'Keonjhar Maa Durga Local Hotel']",[],Manali,21.5,85.5
605a5053-8372-4c56-b0b3-0d833d3b720e,jawhar,Jawhar,Maharashtra,Western India,"Discover the hidden gem of Jawhar, nestled in the Sahyadri mountain range of Maharashtra, where nature's splendor meets adventure","The region's unique geography, with its rugged hills, sparkling waterfalls, and serene lakes, creates a perfect setting for a range of outdoor activities. The Jaiswal Valley, with its rolling hills and dense forests, is a popular spot for trekking and bird watching, while the nearby Kalyan Dam offers opportunities for rock climbing and rappelling. As the sun sets over Jawhar, the sky is painted with hues of gold and crimson, creating a breathtakingly beautiful landscape that is sure to leave visitors enchanted and inspired.","[""The Jai Vilas Palace, a stunning example of Rajasthani architecture, which now serves as a museum showcasing the history and culture of Jawhar"",""The Shirpamal, a historic fort situated atop a hill, offering breathtaking views of the surrounding landscape"",""The Dabhosa Waterfall, a picturesque cascade that creates a misty veil, surrounded by lush green forests and rolling hills"",""The Hanuman Point, a scenic viewpoint that offers panoramic views of the surrounding valleys and hills"",""The Sunset Point, a popular spot to watch the sun dip into the horizon, casting a golden glow over the landscape""]",Trek,"['Nature', 'Adventure', 'Trekking', 'Camping', 'Rock Climbing', 'Bird Watching']",8100,₹8k–₹12k,3,Winter – Spring,"['Winter', 'Spring']",Easy,Quiet,https://upload.wikimedia.org/wikipedia/commons/thumb/6/60/Jaivilas_Palace%2C_Jawhar.jpg/3840px-Jaivilas_Palace%2C_Jawhar.jpg,"['https://upload.wikimedia.org/wikipedia/commons/thumb/6/60/Jaivilas_Palace%2C_Jawhar.jpg/3840px-Jaivilas_Palace%2C_Jawhar.jpg', 'https://images.unsplash.com/photo-1464822759023-fed622ff2c3b?auto=format&fit=crop&w=1800&q=80', 'https://images.unsplash.com/photo-1500382017468-9049fed747ef?auto=format&fit=crop&w=1800&q=80', 'https://images.unsplash.com/photo-1470071459604-3b5ec3a7fe05?auto=format&fit=crop&w=1800&q=80', 'https://images.unsplash.com/photo-1507525428034-b723cf961d3e?auto=format&fit=crop&w=1800&q=80']","['Trek to the Shirpamal fort, exploring the historic ruins and taking in the stunning views of the surrounding landscape', 'Go bird watching in the Jaiswal Valley, spotting exotic species like the Malabar whistling thrush and the Indian pipit', 'Take a guided rock climbing tour at the Kalyan Dam, challenging yourself to conquer the rugged terrain', 'Embark on a camping adventure in the wilderness, spending the night under the stars and waking up to the sounds of nature']","['The Dabhosa Waterfall, with its lush green surroundings and misty veil, creating a perfect setting for a dramatic photograph', 'The Jai Vilas Palace, with its stunning architecture and beautifully maintained gardens, offering a range of photo opportunities', 'The Hanuman Point, with its panoramic views of the surrounding valleys and hills, creating a breathtaking backdrop for a photograph']","['Dal Baati Churma', 'Saurashtra Thali', 'Goan Fish Curry']","['Jawhar Kathiyawadi Local Dhaba', 'Jawhar Rajasthani Thali House']",[],Lonavala,19.91248,73.22516
60776916-2f40-4144-8dc2-03d8e03200f8,bathinda-fort,Bathinda Fort,Punjab,Northern India,Unravel the rich history and serenity of Punjab at the majestic Bathinda Fort.,"Located in the heart of Bathinda, Punjab, the Bathinda Fort boasts an impressive blend of architectural styles - a perfect amalgamation of Mughal and Rajput structures. Founded by the Bhati Rajputs in the 10th century, this ancient fort has witnessed the rise and fall of numerous dynasties. As you step into this historic complex, you are transported back in time, immersing yourself in the stories etched into its walls.","[""Bathinda fort museum, showcasing the archaeological and cultural heritage of the region."",""The imposing Bhagwati Temple within the fort, dedicated to the presiding deity of the Bhati Rajput kingdom."",""The intricate frescoes and paintings that adorn the walls of the fort, a testament to the artistic skill of the region's ancient craftsmen."",""The tranquil surroundings of the fort, ideal for serene nature walks and bird watching expeditions."",""The picturesque view of the Ghaggar River from the fort, a soothing and rejuvenating experience for visitors.""]",Village,"['Culture', 'Nature Walks', 'Photography', 'Local Sightseeing', 'Bird Watching']",8100,₹8k–₹12k,3,Summer – Spring,"['Summer', 'Spring']",Moderate,Quiet,https://upload.wikimedia.org/wikipedia/commons/thumb/a/a1/Qila_Mubarak_in_2015%282%29.jpg/3840px-Qila_Mubarak_in_2015%282%29.jpg,"['https://upload.wikimedia.org/wikipedia/commons/thumb/a/a1/Qila_Mubarak_in_2015%282%29.jpg/3840px-Qila_Mubarak_in_2015%282%29.jpg', 'https://images.unsplash.com/photo-1464822759023-fed622ff2c3b?auto=format&fit=crop&w=1800&q=80', 'https://images.unsplash.com/photo-1500382017468-9049fed747ef?auto=format&fit=crop&w=1800&q=80', 'https://images.unsplash.com/photo-1470071459604-3b5ec3a7fe05?auto=format&fit=crop&w=1800&q=80', 'https://images.unsplash.com/photo-1507525428034-b723cf961d3e?auto=format&fit=crop&w=1800&q=80']","[""Explore the fort's ancient pathways and discover hidden corners, each telling a unique story."", ""Capture the essence of the fort through photography, with its stunning architecture and serene ambiance making it a photographer's paradise."", ""Embark on a bird watching excursion around the fort's surroundings, spotting species that can be found nowhere else in the region."", ""Participate in a guided nature walk within the fort's premises to learn about the local flora and fauna, as well as the region's history and culture.""]","['The imposing entrance gate of the fort, adorned with intricate stone carvings and a stunning archway.', 'The stunning frescoes adorning the walls of the Bhagwati Temple, depicting stories from Hindu mythology.', ""The tranquil Ghaggar River, flowing gently through the fort's surroundings, providing a serene backdrop for photographs.""]","['Siddu', 'Pahadi Madra', 'Local Thali']","['Bathinda Fort Pahadi Rasoi Local Kitchen', 'Bathinda Fort Hilltop Cafe & Bistro']",[],Manali,30.23,74.95194
60d7c29e-bb8e-47db-9aad-0c6cefad0bcb,mukutmanipur,Mukutmanipur,West Bengal,Eastern India,"Experience the serene beauty of Mukutmanipur, a hidden gem in West Bengal's rugged landscape, where majestic mountains meet the tranquil waters of the Kangsabati River.","Mukutmanipur, nestled in the Bankura district of West Bengal, is a treasure trove of natural wonders. The destination boasts a remarkable confluence of the Kangsabati and Kumari rivers, creating a breathtaking landscape that is dotted with rugged hills and verdant forests. The region is steeped in history, with remnants of the past visible in its ancient temples and artifacts. As a visitor, one can immerse themselves in the serene atmosphere, engage with the warm locals, and indulge in a plethora of activities that cater to various interests, from nature walks and photography to bird watching and local sightseeing. The unique blend of natural beauty, cultural heritage, and warm hospitality makes Mukutmanipur an idyllic getaway for those seeking a tranquil retreat from the chaos of urban life.","[""The Mukutmanipur Dam, one of the largest earth dams in India, offering a glimpse into the region's engineering prowess and breathtaking views of the surrounding landscape."",""The Bon Bibi Temple, a revered shrine dedicated to the forest goddess, showcasing the rich cultural heritage and spiritual significance of the area."",""The Kangsabati River, with its crystal-clear waters and picturesque banks, ideal for boat rides, fishing, and relaxation."",""The scenic hills and forests, teeming with exotic bird species, making it a paradise for bird watchers and nature enthusiasts.""]",Mountain,"['Nature', 'Nature Walks', 'Photography', 'Local Sightseeing', 'Bird Watching']",8100,₹8k–₹12k,3,Winter – Spring,"['Winter', 'Spring']",Easy,Quiet,https://images.unsplash.com/photo-1506461883276-594a12b11db3?q=80&w=1000&auto=format&fit=crop,"['https://images.unsplash.com/photo-1506461883276-594a12b11db3?q=80&w=1000&auto=format&fit=crop', 'https://images.unsplash.com/photo-1464822759023-fed622ff2c3b?auto=format&fit=crop&w=1800&q=80', 'https://images.unsplash.com/photo-1500382017468-9049fed747ef?auto=format&fit=crop&w=1800&q=80', 'https://images.unsplash.com/photo-1470071459604-3b5ec3a7fe05?auto=format&fit=crop&w=1800&q=80', 'https://images.unsplash.com/photo-1507525428034-b723cf961d3e?auto=format&fit=crop&w=1800&q=80']","['Taking a leisurely boat ride on the Kangsabati River, offering a unique perspective on the surrounding landscape and wildlife.', 'Embarking on a challenging trek through the rugged hills, providing opportunities to discover hidden waterfalls, ancient ruins, and breathtaking vistas.', 'Visiting the local villages, interacting with the warm and welcoming residents, and gaining insights into their traditional way of life.', 'Engaging in bird watching activities, with the region being home to a wide variety of species, including the rare and endangered ones.']","['The viewpoint near the Mukutmanipur Dam, offering a panoramic view of the reservoir and the surrounding hills.', 'The banks of the Kangsabati River, with its serene atmosphere and picturesque landscape, making it an ideal spot for capturing stunning photographs.', 'The Bon Bibi Temple, with its unique architecture and beautiful surroundings, providing a great opportunity for photographers to click some memorable shots.']","['Local Traditional Thali', 'Spicy Curry']","['Mukutmanipur Bengali Spice Junction', 'Mukutmanipur Maa Durga Local Hotel']",[],Darjeeling,22.96256,86.78752
60ef52a6-169b-41ea-9e3a-6388bcd0c655,chanderi,Chanderi,Madhya Pradesh,Central India,"A historical fort town of ancient monuments, Rajput heritage, and world-renowned handloom weavers.","Chanderi is an ancient town situated in the Ashoknagar district of Madhya Pradesh, nestled between hills, lakes, and forests. Renowned for its rich Bundela Rajput history, Islamic architecture, and Jain temples, the town has been an important trade route since the 11th century. Today, it is famous both for its towering Chanderi Fort and its centuries-old handloom weaving tradition that produces the luxurious, sheer Chanderi silk sarees.","[""Chanderi Fort (Kirti Durg): A 15th-century hilltop fortress offering panoramic views of the town."",""Badal Mahal Gate: The iconic, intricately carved Mughal-style archway that serves as the symbol of Chanderi."",""Pranpur Weaving Village: An eco-tourism craft village where visitors can see local weavers create sheer Chanderi fabrics."",""Koshak Mahal: A grand 15th-century palace built by the Sultan of Malwa using pure sandstone blocks."",""Kati Ghati Gateway: A massive gateway hand-carved through a solid rock hill by a single stonecutter in one night.""]",Village,"['Nature', 'Adventure', 'Trekking', 'Camping', 'Rock Climbing', 'Bird Watching']",8100,₹8k–₹12k,3,Winter – Spring,"['Winter', 'Spring']",Easy,Quiet,https://upload.wikimedia.org/wikipedia/commons/1/12/Chanderi_Silk_Sari_outside_a_village_home_in_Pranpur._%287045778685%29.jpg,"['https://upload.wikimedia.org/wikipedia/commons/1/12/Chanderi_Silk_Sari_outside_a_village_home_in_Pranpur._%287045778685%29.jpg', 'https://images.unsplash.com/photo-1596422846543-75c6fc197f07?auto=format&fit=crop&w=1800&q=80', 'https://images.unsplash.com/photo-1561361513-2d000a50f0db?auto=format&fit=crop&w=1800&q=80', 'https://images.unsplash.com/photo-1572435239103-24ad0c7e2b17?auto=format&fit=crop&w=1800&q=80']","['Explore Chanderi Fort and Badal Mahal Gate', 'Visit Pranpur craft village to learn handloom weaving', 'Walk through the rock-cut gateway of Kati Ghati', 'Visit Koshak Mahal and Shehzadi Ka Roza monuments']","['Badal Mahal Gate framed against the blue sky', 'Sunset views over the town from Chanderi Fort', 'Weavers operating wooden handlooms in Pranpur']","['Bundelkhandi Thali', 'Bhutte Ka Kees', 'Mawa Bati']","['Chanderi Heritage Restaurant', 'Bundelkhand Cafe']",[],Lonavala,24.71194,78.13727
641519b3-d593-40a8-b74e-05819dc8859e,ponmudi,Ponmudi,Kerala,Southern India,"Tucked away in the Western Ghats, Ponmudi is Kerala's hidden gem, a haven for nature enthusiasts and adventure seekers.","Ponmudi, a hill station in Kerala, India, is a serene getaway from the hustle and bustle of city life. Nestled at an altitude of 1,100 meters, Ponmudi is a treasure trove of biodiversity with lush green landscapes, rolling hills, and misty mountains. This picturesque destination is a haven for trekking, bird watching, nature walks, and photography. The area is dotted with tea plantations, sparkling waterfalls, and rolling hills, making it a perfect retreat for those seeking peace, tranquility, and adventure. Whether you're a nature lover, a thrill-seeker, or a photography enthusiast, Ponmudi has something to offer for everyone.","[""The Meenmutty Waterfalls, a breathtaking 350-foot cascade, is a must-visit attraction in Ponmudi."",""The Ponmudi Hill Station, a scenic spot offering panoramic views of the surrounding mountains and valleys."",""The Kallaripayal Waterfalls is a serene spot perfect for a rejuvenating picnic or a relaxing dip in the natural pool."",""The Ponmudi Tea Estates, a working tea plantation where you can experience the art of tea-making and take home some of the finest tea in the country."",""The Punalur - Ponmudi Railway, a heritage train that chugs along the hills, offering a unique experience of traversing through the rolling hills and scenic vistas.""]",Mountain,"['Trekking', 'Bird Watching', 'Nature Walks', 'Photography']",8100,₹8k–₹12k,3,Winter – Spring,"['Winter', 'Spring']",Easy,Quiet,https://upload.wikimedia.org/wikipedia/commons/d/d7/Morning_at_Ponmudi.jpg,"['https://upload.wikimedia.org/wikipedia/commons/d/d7/Morning_at_Ponmudi.jpg', 'https://images.unsplash.com/photo-1464822759023-fed622ff2c3b?auto=format&fit=crop&w=1800&q=80', 'https://images.unsplash.com/photo-1500382017468-9049fed747ef?auto=format&fit=crop&w=1800&q=80', 'https://images.unsplash.com/photo-1470071459604-3b5ec3a7fe05?auto=format&fit=crop&w=1800&q=80', 'https://images.unsplash.com/photo-1507525428034-b723cf961d3e?auto=format&fit=crop&w=1800&q=80']","['Embark on a thrilling trek to the top of Ponmudi, offering breathtaking views of the surrounding mountains and valleys.', 'Go bird watching in the Meenmutty Forest, where you can spot exotic bird species and experience the thrill of trekking through the verdant forest.', 'Take a leisurely nature walk through the Ponmudi Tea Estates, exploring the rolling hills, verdant tea gardens, and sparkling streams.', ""Capture the beauty of Ponmudi through your lens, as the picturesque landscapes and breathtaking vistas make it a photographer's paradise.""]","['The Sunset Point at Ponmudi Hill Station, offering a mesmerizing view of the setting sun behind the hills.', 'The Ponmudi Tea Estates, where you can capture the rolling hills, verdant tea gardens, and sparkling streams in a picturesque setting.', 'The Meenmutty Waterfalls, where you can click breathtaking photos of the 350-foot cascade amidst the lush green surroundings.']","['Traditional Thali', 'Filter Coffee', 'Local Seafood']","['Ponmudi Malgudi Filter Coffee & Tiffin', 'Ponmudi Sree Local Mess']",[],Goa,8.76,77.115
64b96f27-1343-4760-9b49-e810bf8c4d21,lepakshi,Lepakshi,Andhra Pradesh,Southern India,"Bask in the mystique of Lepakshi's sacred hills, shrouded in lush forests and teeming wildlife.","Perched atop the Nallamala Hills, Lepakshi is a serene trekker's paradise, nestled in the heart of Andhra Pradesh. This scenic hill station boasts stunning vistas of the surrounding countryside, dotted with sacred shrines and monuments that whisper tales of a bygone era. As you navigate through the dense forests and winding trails, the whispers of history and myth blend with the songs of tropical birds, creating an enchanting symphony that envelops the senses.","[""Scale the majestic Nandi Rock, adorned with intricate carvings and mythological significance."",""Explore the serene Virabhadra Temple, an architectural marvel nestled amidst lush vegetation."",""Marvel at the stunning Lepakshi Nageshwara Temple, a treasure trove of Chola architecture and artistry."",""Glimpse the majestic Jatara Fort, a testament to the region's rich strategic and cultural heritage.""]",Trek,"['Nature', 'Adventure', 'Trekking', 'Camping', 'Rock Climbing', 'Bird Watching']",8100,₹8k–₹12k,3,Winter – Spring,"['Winter', 'Spring']",Easy,Quiet,https://upload.wikimedia.org/wikipedia/commons/0/0a/Front_side_of_Veerabhadra_Temple%2C_Lepakshi.jpg,"['https://upload.wikimedia.org/wikipedia/commons/0/0a/Front_side_of_Veerabhadra_Temple%2C_Lepakshi.jpg', 'https://images.unsplash.com/photo-1464822759023-fed622ff2c3b?auto=format&fit=crop&w=1800&q=80', 'https://images.unsplash.com/photo-1500382017468-9049fed747ef?auto=format&fit=crop&w=1800&q=80', 'https://images.unsplash.com/photo-1470071459604-3b5ec3a7fe05?auto=format&fit=crop&w=1800&q=80', 'https://images.unsplash.com/photo-1507525428034-b723cf961d3e?auto=format&fit=crop&w=1800&q=80']","['Embark on a thrilling trek through the Nallamala Hills, where ancient forests and hidden waterfalls await.', ""Participate in a guided bird-watching tour to spot the exquisite avifauna that inhabit the region's lush jungles."", ""Experience the thrill of rock climbing, as you navigate the Nandi Rock's vertiginous peaks.""]","['Capture the ethereal beauty of the sunset from the crest of the Nandi Rock, as the sky erupts in a kaleidoscope of colors.', ""Frame the serene Virabhadra Temple's tranquil façade, shrouded in a mystical aura of mystery and wonder."", 'Snap the breathtaking vistas of the Nallamala Hills, where the landscape unfolds like a verdant tapestry, dotted with ancient forts and temples.']","['Traditional Thali', 'Filter Coffee', 'Local Seafood']","['Lepakshi Malgudi Filter Coffee & Tiffin', 'Lepakshi Sree Local Mess']",[],Lonavala,13.80316,77.60975
6613e81e-6b0d-43cb-b372-4a37d2d30aaf,tirthan-valley,Tirthan Valley,Himachal Pradesh,Northern India,A trout-river hush beside Great Himalayan National Park.,"While Manali roars, Tirthan whispers. A narrow valley of cedar and oak threaded by a clear trout river, with the Great Himalayan National Park rising at its eastern end.","[""Doorstep of GHNP — UNESCO World Heritage"",""Wild brown trout fishing in the Tirthan river"",""Riverside cottages with zero Manali-style noise"",""Day treks to Serolsar Lake and Jalori Pass""]",Valley,"['Nature', 'Adventure', 'Weekend Escape', 'Peaceful Retreat']",11000,₹9k–₹13k,4,"April – June, September – November","['Spring', 'Summer', 'Autumn']",Easy,Quiet,https://res.cloudinary.com/dizqquqfs/image/upload/q_auto/f_auto/v1781867693/tirthhan4_myrhp3.jpg,"['https://res.cloudinary.com/dizqquqfs/image/upload/q_auto/f_auto/v1781867693/tirthhan4_myrhp3.jpg', 'https://res.cloudinary.com/dizqquqfs/image/upload/q_auto/f_auto/v1781867693/tirthhan3_k0v8rn.jpg', 'https://res.cloudinary.com/dizqquqfs/image/upload/q_auto/f_auto/v1781867692/tirthhan2_zevxim.jpg', 'https://res.cloudinary.com/dizqquqfs/image/upload/q_auto/f_auto/v1781867692/tirthhan1_cjspdn.jpg']","['Trout fishing near Gushaini', 'Day trek into Great Himalayan National Park', 'Drive to Jalori Pass + walk to Serolsar Lake', 'Riverside bonfire evenings']","['Crystal-clear streams in Tirthan Valley', 'Mountain road climbing towards Jalori Pass', 'Traditional Himalayan village above the valley']","['Siddu with ghee', 'Pahari trout curry', 'Babru', 'Madra']","['Boho Grove Cafe', 'Mojo Cafe', 'The Himalayan Trout House Kitchen']","['Jibhi', 'Jalori Pass', 'Serolsar Lake', 'Shoja']",Manali,31.6375,77.34444
68635859-9c48-479b-adf1-7da8ec4d0dfc,gopalpur-on-sea,Gopalpur-on-Sea,Odisha,Eastern India,Where the Bay of Bengal meets the serenity of Odisha's coastline.,"Gopalpur-on-Sea is a charming seaside town nestled in the picturesque Ganjam district of Odisha, India. This laid-back beach destination boasts a rich history dating back to the 16th century, when it was a thriving port city during the Maratha Empire. Today, Gopalpur-on-Sea is a tranquil haven, perfect for those seeking a serene beach holiday. Its stunning coastline, pristine beaches, and picturesque old town offer a unique blend of history, culture, and natural beauty. Visitors can stroll along the picturesque promenade, watch the sunset over the ocean, or simply relax on the beach, soaking up the sun and the laid-back atmosphere.","[""The Gopalpur Lighthouse, a historic landmark that offers breathtaking views of the Bay of Bengal and the surrounding landscape."",""The Tarpani Beach, a secluded stretch of coastline perfect for sunbathing and swimming in crystal-clear waters."",""The Gopalpur Beach Walk, a scenic promenade that winds its way along the coastline, offering stunning views of the ocean and the surrounding countryside."",""The Old Town of Gopalpur, a charming neighborhood filled with historic buildings, quaint shops, and local eateries serving delicious seafood.""]",Beach,"['Beach', 'Swimming', 'Sunbathing', 'Beach Walks', 'Boat Ride']",8100,₹8k–₹12k,3,Winter – Spring,"['Winter', 'Spring']",Easy,Quiet,https://upload.wikimedia.org/wikipedia/commons/thumb/e/e2/Gpur.JPG/3840px-Gpur.JPG,"['https://upload.wikimedia.org/wikipedia/commons/thumb/e/e2/Gpur.JPG/3840px-Gpur.JPG', 'https://images.unsplash.com/photo-1464822759023-fed622ff2c3b?auto=format&fit=crop&w=1800&q=80', 'https://images.unsplash.com/photo-1500382017468-9049fed747ef?auto=format&fit=crop&w=1800&q=80', 'https://images.unsplash.com/photo-1470071459604-3b5ec3a7fe05?auto=format&fit=crop&w=1800&q=80', 'https://images.unsplash.com/photo-1507525428034-b723cf961d3e?auto=format&fit=crop&w=1800&q=80']","['Go birdwatching at the nearby Taptapani Hot Springs, a haven for wildlife enthusiasts and nature lovers.', 'Take a boat ride along the Bay of Bengal, exploring the coastline and getting up close to marine life.', 'Visit the nearby Kona Sanctuary, a protected area home to a wide variety of flora and fauna, including elephants and tigers.', 'Explore the local markets, where visitors can buy fresh seafood, handicrafts, and other local souvenirs.']","['The Tarpani Beach at sunrise, when the sky is painted with hues of pink and orange.', 'The Gopalpur Lighthouse at sunset, when the light of the setting sun casts a golden glow over the ocean.', 'The Gopalpur Beach Walk at low tide, when the shoreline is exposed and the ocean stretches out as far as the eye can see.']","['Local Traditional Thali', 'Spicy Curry']","['Gopalpur-on-Sea Bengali Spice Junction', 'Gopalpur-on-Sea Maa Durga Local Hotel']",[],Goa,19.25989,84.90517
6af23d09-94e2-48cc-955a-e3dc5fe9f79b,medak-fort,Medak Fort,Telangana,Southern India,"Discover the rich history and pristine natural beauty of Medak Fort, a stunning 12th-century Telugu Chalukya temple and fort complex.","Perched atop a hill in the bustling town of Medak, this imposing fort has a storied past dating back to the reign of the Kakatiya dynasty. Strategically designed, the fort complex boasts an impressive structure with imposing towers, a temple, and a museum, which houses the remnants of the ancient Telugu Chalukya architecture. Visitors to this village destination can delve into the rich history, explore the sprawling complex, and experience the serenity of the natural surroundings, which is dotted with lush green forests and the tranquil Medak Reservoir.","[""Marvel at the imposing 200-feet tall tower, one of the tallest in India"",""Explore the intricate carvings and frescoes adorning the walls of the ancient temple"",""Visit the museum to see the ancient Telugu Chalukya artifacts, coins, and relics"",""Enjoy a boat ride on the serene Medak Reservoir, surrounded by lush green forests""]",Village,"['Culture', 'Nature Walks', 'Photography', 'Local Sightseeing', 'Bird Watching']",8100,₹8k–₹12k,3,Winter – Spring,"['Winter', 'Spring']",Easy,Quiet,https://upload.wikimedia.org/wikipedia/commons/9/92/Medak_Fort_by_Varsha_Bhargavi_Kondapalli_02.jpg,"['https://upload.wikimedia.org/wikipedia/commons/9/92/Medak_Fort_by_Varsha_Bhargavi_Kondapalli_02.jpg', 'https://images.unsplash.com/photo-1464822759023-fed622ff2c3b?auto=format&fit=crop&w=1800&q=80', 'https://images.unsplash.com/photo-1500382017468-9049fed747ef?auto=format&fit=crop&w=1800&q=80', 'https://images.unsplash.com/photo-1470071459604-3b5ec3a7fe05?auto=format&fit=crop&w=1800&q=80', 'https://images.unsplash.com/photo-1507525428034-b723cf961d3e?auto=format&fit=crop&w=1800&q=80']","['Take a nature walk through the adjacent forests and spot exotic bird species', 'Hike up the hill to the fort for a breathtaking view of the surrounding landscape', 'Take part in a guided tour of the fort and museum to gain deeper insights into its history', 'Try local Telugu cuisine at one of the nearby eateries in the Medak town']","['Capture a stunning photo of the imposing fort complex from the vantage point atop the hill', 'Shoot the serene Medak Reservoir surrounded by lush green forests and majestic hills', 'Take a shot of the 200-feet tall tower as it stands majestically against the clear blue sky']","['Traditional Thali', 'Filter Coffee', 'Local Seafood']","['Medak Fort Malgudi Filter Coffee & Tiffin', 'Medak Fort Sree Local Mess']",[],Lonavala,18.04361,78.255
6bb77b8a-f76a-44aa-b0d3-735a14676513,aru-valley,Aru Valley,Jammu and Kashmir,Northern India,"Aru Valley: Kashmir's serene emerald haven, offering a tranquil escape and a gateway to breathtaking Himalayan treks.","Aru Valley, nestled about 12 kilometers from Pahalgam in Jammu and Kashmir's Anantnag district, is a picturesque pastoral landscape known for its expansive emerald meadows and panoramic views of the surrounding Himalayan peaks. It serves as a base camp for numerous treks to alpine lakes like Tarsar, Marsar, and Sundersar, and is a popular starting point for the Kolahoi Glacier trek. The meandering Lidder River adds to its serene beauty, making it a haven for nature lovers. The valley embodies a tranquil rural Kashmiri experience, where traditional wooden houses dot the landscape and the air is filled with the gentle sounds of grazing sheep and cattle. It's often frequented by local nomadic communities, the Gujjars and Bakarwals, who bring their flocks to graze in the high pastures during summer. This blend of stunning natural beauty with a simple, authentic village life offers visitors a glimpse into the serene rhythms of the Himalayan foothills.","[""Gateway to the pristine Tarsar and Marsar twin alpine lakes."",""Base camp for the challenging trek to the majestic Kolahoi Glacier."",""Expansive green meadows of Lidderwat, perfect for nature walks and picnics."",""Rich avian biodiversity, making it a prime spot for birdwatching."",""Opportunity to experience authentic traditional Kashmiri pastoral life.""]",Valley,"['Nature', 'Nature Walks', 'Photography', 'Local Sightseeing', 'Bird Watching']",8100,₹8k–₹12k,3,Summer – Spring,"['Summer', 'Spring']",Moderate,Quiet,https://upload.wikimedia.org/wikipedia/commons/e/ef/Aruvillage.jpg,"['https://upload.wikimedia.org/wikipedia/commons/e/ef/Aruvillage.jpg', 'https://images.unsplash.com/photo-1464822759023-fed622ff2c3b?auto=format&fit=crop&w=1800&q=80', 'https://images.unsplash.com/photo-1500382017468-9049fed747ef?auto=format&fit=crop&w=1800&q=80', 'https://images.unsplash.com/photo-1470071459604-3b5ec3a7fe05?auto=format&fit=crop&w=1800&q=80', 'https://images.unsplash.com/photo-1507525428034-b723cf961d3e?auto=format&fit=crop&w=1800&q=80']","['Embark on treks to iconic destinations like Tarsar-Marsar Lakes or the shorter walk to Lidderwat.', 'Indulge in horse riding across the lush Aru meadows and along the banks of the Lidder River.', 'Participate in bird watching, seeking out native Himalayan species such as the Himalayan Monal.', 'Experience overnight camping amidst the serene natural beauty, especially near the Lidder River.']","['The confluence of the Lidder River and its tributaries, framed by alpine trees.', 'Panoramic vistas of the sprawling Aru meadows with the surrounding snow-capped peaks at sunrise or sunset.', 'Traditional wooden Gujjar huts nestled against the backdrop of the verdant hills.']","['Siddu', 'Pahadi Madra', 'Local Thali']","['Aru Valley Pahadi Rasoi Local Kitchen', 'Aru Valley Hilltop Cafe & Bistro']",[],Manali,34.09083,75.26333
6be4e8bf-eb30-4307-a82e-4a5ec3b80f2d,mangalajodi,Mangalajodi,Odisha,Eastern India,"Experience the serene beauty of Mangalajodi, a haven for birdwatchers and nature lovers in the heart of Odisha","Mangalajodi, nestled in the Khordha district of Odisha, is a picturesque village surrounded by the majestic Chilika Lake, Asia's largest brackish water lagoon. The region is steeped in natural beauty, with the lake's waters attracting a vast array of migratory birds from across the globe, making it a paradise for birdwatchers and photographers. As a destination, Mangalajodi offers an immersive experience into the local culture and traditions, coupled with the breathtaking scenery of the surrounding wetlands and the opportunity to explore the diverse wildlife of the area. With its tranquil atmosphere and rich biodiversity, Mangalajodi is an ideal getaway for those seeking to reconnect with nature and experience the authentic charm of rural Odisha.","[""Chilika Lake, a Ramsar site and home to over 200 species of birds, including the endangered white-bellied sea eagle"",""The Mangalajodi Ecotourism project, which offers guided boat tours to explore the lake's diverse avifauna"",""The chance to spot rare migratory birds such as the greater flamingo, lesser flamingo, and the Northern pintail"",""The opportunity to interact with local fishermen and learn about their traditional fishing practices"",""The nearby town of Barkul, known for its ancient temples and vibrant local markets""]",Mountain,"['Nature', 'Nature Walks', 'Photography', 'Local Sightseeing', 'Bird Watching']",8100,₹8k–₹12k,3,Winter – Spring,"['Winter', 'Spring']",Easy,Quiet,https://upload.wikimedia.org/wikipedia/commons/7/7e/Northern_pintails_Odisha_India.jpg,"['https://upload.wikimedia.org/wikipedia/commons/7/7e/Northern_pintails_Odisha_India.jpg', 'https://images.unsplash.com/photo-1464822759023-fed622ff2c3b?auto=format&fit=crop&w=1800&q=80', 'https://images.unsplash.com/photo-1500382017468-9049fed747ef?auto=format&fit=crop&w=1800&q=80', 'https://images.unsplash.com/photo-1470071459604-3b5ec3a7fe05?auto=format&fit=crop&w=1800&q=80', 'https://images.unsplash.com/photo-1507525428034-b723cf961d3e?auto=format&fit=crop&w=1800&q=80']","['Take a guided sunrise boat tour to witness the majestic birdlife of Chilika Lake', 'Go on a nature walk through the surrounding wetlands, exploring the unique flora and fauna of the region', 'Visit the Mangalajodi Ecotourism centre to learn about the conservation efforts and the importance of the ecosystem', 'Engage in birdwatching and photography, with expert guides available to help spot the rarest species']","['The viewing tower at Mangalajodi, offering panoramic views of the lake and its inhabitants', 'The sunset point at Chilika Lake, where the sky turns pink and orange as the day comes to a close', 'The lotus-covered wetlands, perfect for capturing the vibrant colours and textures of the local flora']","['Local Traditional Thali', 'Spicy Curry']","['Mangalajodi Bengali Spice Junction', 'Mangalajodi Maa Durga Local Hotel']",[],Manali,19.9143,85.42977
6caf6fa5-abe3-44ed-8874-d05950b5be36,sinthan-top,Sinthan Top,Jammu and Kashmir,Northern India,"Perched high in the Pir Panjal range, Sinthan Top unveils a pristine alpine paradise where Kashmir's verdant beauty meets Kishtwar's rugged charm.","Sinthan Top, situated at an approximate elevation of 3,748 meters (12,296 ft) above sea level, is a majestic mountain pass linking the picturesque Kashmir Valley (via Kokernag) with the remote Kishtwar district. As a crucial part of the greater Pir Panjal range, its geography is characterized by dramatic shifts; from lush alpine meadows adorned with wildflowers during summer (May to September) to a breathtaking expanse of snow in winter, often retaining snow patches even in warmer months. The journey to Sinthan Top is an experience in itself, winding through dense pine forests and ascending above the treeline.

Unlike more commercialized destinations, Sinthan Top offers an untouched, serene experience, attracting adventurers, nature enthusiasts, and those seeking solitude. While a rich local culture isn't directly observable at the pass itself, the surrounding areas and the occasional presence of nomadic Gujjar and Bakarwal shepherds with their flocks in summer add a subtle pastoral element to this high-altitude haven. It stands as a testament to the raw, untamed beauty of Jammu and Kashmir, providing unparalleled panoramic views of the surrounding Himalayan peaks.","[""Unobstructed vistas of the Pir Panjal and Zanskar mountain ranges from the pass."",""The lush alpine meadows and pine forests of Daksum Valley, a scenic prelude to the summit."",""Opportunity to witness lingering snow patches well into the summer months, creating unique landscapes."",""The historic Mughal Garden and source of the Jhelum River at Verinag, a significant cultural and natural site nearby."",""Pristine environment ideal for nature walks and observing diverse high-altitude flora and fauna.""]",Mountain,"['Nature', 'Nature Walks', 'Photography', 'Local Sightseeing', 'Bird Watching']",8100,₹8k–₹12k,3,Summer – Spring,"['Summer', 'Spring']",Moderate,Quiet,https://upload.wikimedia.org/wikipedia/commons/3/3f/Sinthan_Top_%2814594406763%29.jpg,"['https://upload.wikimedia.org/wikipedia/commons/3/3f/Sinthan_Top_%2814594406763%29.jpg', 'https://images.unsplash.com/photo-1464822759023-fed622ff2c3b?auto=format&fit=crop&w=1800&q=80', 'https://images.unsplash.com/photo-1500382017468-9049fed747ef?auto=format&fit=crop&w=1800&q=80', 'https://images.unsplash.com/photo-1470071459604-3b5ec3a7fe05?auto=format&fit=crop&w=1800&q=80', 'https://images.unsplash.com/photo-1507525428034-b723cf961d3e?auto=format&fit=crop&w=1800&q=80']","['Undertake invigorating nature walks through the blooming alpine meadows and gentle slopes.', 'Capture breathtaking panoramic landscapes, snow-dusted peaks, and vibrant wildflowers through photography.', 'Engage in bird watching, spotting high-altitude avian species amidst the serene environment.', 'Enjoy a peaceful picnic amidst the pristine natural surroundings, offering respite from urban life.']","['The actual Sinthan Pass summit for sweeping 360-degree Himalayan vistas and cloud formations.', 'Specific meadows near the pass that retain snow patches into summer, creating a unique contrast with the green pastures.', 'The winding Sinthan-Kishtwar road at various elevations, offering framed views of the valley below and distant peaks.']","['Siddu', 'Pahadi Madra', 'Local Thali']","['Sinthan Top Pahadi Rasoi Local Kitchen', 'Sinthan Top Hilltop Cafe & Bistro']",[],Manali,33.58243,75.51109
6cd9df52-f374-4cde-870b-44ea3b7dd5ef,uleytokpo,Uleytokpo,Ladakh,Northern India,"Uleytokpo: Ladakh's verdant riverside haven, offering serene acclimatization and a gateway to ancient monasteries and Himalayan adventures.","Uleytokpo is a picturesque village nestled on the banks of the mighty Indus River, amidst the stark, moon-like landscapes of Ladakh. Often referred to as a 'green belt' due to its lush willow and poplar groves, it offers a refreshing contrast to the arid mountain terrain. Its relatively lower altitude (around 10,000-11,000 feet) makes it an ideal and popular stop for acclimatization for travelers venturing to higher altitudes in Ladakh, providing a peaceful retreat before exploring the region's more demanding elevations.
Culturally, Uleytokpo embodies the tranquil spirit of Ladakhi life, deeply influenced by Tibetan Buddhism. The village provides a glimpse into traditional rural existence, with locals engaged in farming and offering warm hospitality. Historically, it served as a significant stop along ancient trade routes, connecting various parts of Ladakh and beyond. Today, it's a favored camping site for trekkers and a convenient base for exploring nearby iconic monasteries, making it a perfect blend of natural beauty, cultural immersion, and adventure.","[""Ideal Acclimatization Stop: Its lower elevation on the Indus banks offers a perfect transition for travelers adjusting to Ladakh's high altitudes, minimizing altitude sickness."",""Gateway to Ancient Monasteries: Strategically located near iconic Buddhist sites like Lamayuru Monastery, Likir Monastery, and Ridzong Monastery, offering rich cultural and historical immersion."",""Verdant Indus Oasis: Experience a rare green landscape in arid Ladakh, with lush willow and poplar groves lining the Indus River, perfect for relaxation and enjoying nature's contrast."",""Himalayan Birdwatching Hub: A renowned spot for observing diverse avian species, especially migratory birds and unique high-altitude birds along the Indus River."",""Authentic Village Experience: Immerse yourself in the traditional Ladakhi rural life, observe local farming practices, and experience the warm hospitality of the villagers.""]",Trek,"['Nature', 'Adventure', 'Trekking', 'Camping', 'Rock Climbing', 'Bird Watching']",8100,₹8k–₹12k,3,Summer – Spring,"['Summer', 'Spring']",Moderate,Quiet,https://upload.wikimedia.org/wikipedia/commons/thumb/6/63/Two_Girls_Hiking.JPG/3840px-Two_Girls_Hiking.JPG,"['https://upload.wikimedia.org/wikipedia/commons/thumb/6/63/Two_Girls_Hiking.JPG/3840px-Two_Girls_Hiking.JPG', 'https://images.unsplash.com/photo-1464822759023-fed622ff2c3b?auto=format&fit=crop&w=1800&q=80', 'https://images.unsplash.com/photo-1500382017468-9049fed747ef?auto=format&fit=crop&w=1800&q=80', 'https://images.unsplash.com/photo-1470071459604-3b5ec3a7fe05?auto=format&fit=crop&w=1800&q=80', 'https://images.unsplash.com/photo-1507525428034-b723cf961d3e?auto=format&fit=crop&w=1800&q=80']","['Trek to Ridzong Monastery: Embark on a moderate trek through scenic trails from Uleytokpo to the tranquil Ridzong Monastery, renowned for its ascetic monks and isolated beauty.', 'Indus River Birdwatching: Spend time observing diverse avian species, including the Ibisbill, Great Rosefinch, and various migratory waterfowl, along the serene riverbanks.', 'Riverside Camping Experience: Enjoy an unforgettable night under the starlit Himalayan sky with an organized camping experience beside the tranquil Indus River.', 'Village Walk and Local Interaction: Explore Uleytokpo village on foot, interact with locals, and gain insight into traditional Ladakhi farming techniques and daily life.']","['Panoramic Indus River Bend: Capture the majestic sweep of the Indus River carving its way through the valley, flanked by contrasting green patches of Uleytokpo and the barren mountains.', 'Lush Riverside Willow and Poplar Groves: Photograph the vibrant green canopy of willow and poplar trees, offering a striking and rare contrast against the arid Ladakhi landscape, especially beautiful during autumn.', 'Distant View of Ridzong Monastery: Capture the isolated, white-washed Ridzong Monastery dramatically perched amidst the stark mountains from the approach trail, showcasing its remote and serene setting.']","['Siddu', 'Pahadi Madra', 'Local Thali']","['Uleytokpo Pahadi Rasoi Local Kitchen', 'Uleytokpo Hilltop Cafe & Bistro']",[],Manali,34.25349,77.09262
6d55239f-83e7-4528-9549-5196bf53b0d0,padum,Padum,Ladakh,Northern India,"Padum: The rugged heart of Zanskar, where ancient monasteries meet thrilling Himalayan treks amidst an untouched wilderness.","Nestled in the remote Zanskar Valley of Ladakh, Padum serves as the administrative and cultural hub of this breathtakingly isolated region. Situated at an elevation of approximately 3,600 meters on a broad plain along the Doda River, it is surrounded by the majestic Zanskar Range, making it a critical base for high-altitude expeditions and treks. Historically a vital crossroads for trade routes connecting Ladakh with Himachal Pradesh and Kashmir, Padum has long been a beacon for adventurers and spiritual seekers alike.

The predominantly Buddhist population of Padum and its surrounding villages maintains a vibrant, traditional way of life deeply intertwined with their spiritual heritage. Numerous ancient gompas (monasteries) dot the landscape, preserving centuries-old Buddhist practices and art. Despite its increasing popularity among tourists seeking authentic Himalayan experiences, Padum retains its rustic charm, offering visitors a unique glimpse into a culture largely untouched by modern advancements. The local experience is characterized by resilient hospitality, serene monastic life, and dramatic landscapes that invite introspection and adventure.","[""Karsha Monastery: Explore the largest and most influential monastery in Zanskar, known for its vibrant monastic life, ancient murals, and commanding views over the valley."",""Phugtal Monastery Trek: Embark on a multi-day trek to one of India's most spectacularly located monasteries, built into a natural cave and accessible only on foot, offering a profound spiritual and physical journey."",""Sani Monastery: Discover Zanskar's oldest monastery, featuring a sacred Kanika Stupa believed to enshrine relics of the Buddha, and its unique garden housing ancient trees."",""Base for High-Altitude Treks: Utilize Padum as the starting point for legendary treks like the Darcha-Padum trek, Lamayuru-Padum trek, or the challenging Zanskar Traverse."",""Authentic Zanskari Culture: Immerse yourself in the unique customs, festivals, and the simple yet profound daily life of the Zanskari people, preserved in this isolated corner of the Himalayas.""]",Trek,"['Nature', 'Adventure', 'Trekking', 'Camping', 'Rock Climbing', 'Bird Watching']",8100,₹8k–₹12k,3,Summer – Spring,"['Summer', 'Spring']",Moderate,Quiet,https://upload.wikimedia.org/wikipedia/commons/thumb/1/1a/NE_Padum_Valley_Panorama_Zanskar_Jun24_A7CR_01091.jpg/3840px-NE_Padum_Valley_Panorama_Zanskar_Jun24_A7CR_01091.jpg,"['https://upload.wikimedia.org/wikipedia/commons/thumb/1/1a/NE_Padum_Valley_Panorama_Zanskar_Jun24_A7CR_01091.jpg/3840px-NE_Padum_Valley_Panorama_Zanskar_Jun24_A7CR_01091.jpg', 'https://images.unsplash.com/photo-1464822759023-fed622ff2c3b?auto=format&fit=crop&w=1800&q=80', 'https://images.unsplash.com/photo-1500382017468-9049fed747ef?auto=format&fit=crop&w=1800&q=80', 'https://images.unsplash.com/photo-1470071459604-3b5ec3a7fe05?auto=format&fit=crop&w=1800&q=80', 'https://images.unsplash.com/photo-1507525428034-b723cf961d3e?auto=format&fit=crop&w=1800&q=80']","['Trek to remote monasteries: Undertake challenging day or multi-day treks to monasteries like Phugtal, Dzongkhul, or Stongdey, experiencing rugged terrain and spiritual serenity.', 'Explore Padum Bazaar: Wander through the local market, interact with Zanskari villagers, and observe daily life in this remote administrative center, purchasing local handicrafts or provisions.', 'Bird Watching along the Doda River: Spot high-altitude avian species such as the Ibisbill, Golden Eagle, Himalayan Snowcock, or Black-necked Crane in the riverine ecosystems around Padum.', ""Visit Zangla Palace Ruins: Hike to the ruins of the ancient Zangla Palace and its nearby small gompa for historical insight and panoramic views of the Zanskar valley, once home to Zanskar's royalty.""]","['View from Karsha Monastery: Capture panoramic vistas of the Padum valley, the winding Doda River, and the surrounding majestic Zanskar Range, with the monastery itself providing a stunning foreground.', 'Confluence of Stod and Tsarap Rivers: Photograph the dramatic meeting point of these two major Zanskar tributaries near Padum, where their distinct colors merge to form the powerful Zanskar River.', 'Stongdey Monastery Ridge: From the high vantage point of Stongdey Monastery, frame the vast Zanskar landscape, traditional villages nestled in the plains, and the distant, snow-capped peaks.']","['Siddu', 'Pahadi Madra', 'Local Thali']","['Padum Pahadi Rasoi Local Kitchen', 'Padum Hilltop Cafe & Bistro']",[],Manali,33.46914,76.87818
6d88b3ab-4b05-463b-9bc3-ccb225121e2b,kila-raipur,Kila Raipur,Punjab,Northern India,Kila Raipur: Where the indomitable spirit of Punjab's rural heartland bursts forth in its legendary sports festival and tranquil agricultural landscapes.,"Kila Raipur, a vibrant village nestled in the fertile plains of Punjab's Ludhiana district, is globally celebrated as the host of the annual Kila Raipur Sports Festival, affectionately known as the 'Rural Olympics'. Established in 1933, this iconic event was conceptualized to channel the robust energy and competitive zeal of rural Punjabis, evolving into a grand spectacle of traditional sports and feats of strength. The village itself is characterized by vast, verdant stretches of agricultural fields, predominantly cultivating wheat and paddy, irrigated by an intricate network of canals that underscore the region's agricultural prosperity and natural beauty.
Beyond the exhilarating roar of the sports festival, Kila Raipur offers an authentic window into traditional Punjabi rural life. Visitors are welcomed with the legendary warmth of village hospitality, given opportunities to observe time-honored farming practices, and invited to savor the rich, rustic flavors of home-cooked Punjabi cuisine. The cadence of life here is deeply interwoven with the agricultural seasons, celebrating community bonds, diligent hard work, and a profound cultural heritage that reveres strength, sport, and boundless generosity. It is a destination where ancient traditions thrive amidst the serene beauty of rural existence, providing a truly immersive cultural and natural adventure.","[""Witness the Kila Raipur Sports Festival: Immerse yourself in the world-renowned 'Rural Olympics', a unique showcase of traditional Punjabi athleticism, daring feats, and vibrant cultural celebrations."",""Experience authentic Punjabi Farm Stays: Engage directly with rural life, learn about local farming practices, and enjoy the unparalleled hospitality of a traditional Punjabi family."",""Birdwatching in the Agricultural Belt: Explore the tranquil fields and local ponds to spot a variety of resident and migratory bird species, especially during the winter months."",""Savour Traditional Punjabi Pind Cuisine: Indulge in fresh, wholesome, and home-cooked regional delicacies that offer an authentic taste of Punjab's culinary heritage."",""Cycle through Serene Village Roads: Embark on a cycling adventure through the peaceful village lanes and vast agricultural fields, offering a unique perspective of the rural landscape.""]",Trek,"['Nature', 'Adventure', 'Trekking', 'Camping', 'Rock Climbing', 'Bird Watching']",8100,₹8k–₹12k,3,Summer – Spring,"['Summer', 'Spring']",Moderate,Quiet,https://images.unsplash.com/photo-1506461883276-594a12b11db3?q=80&w=1000&auto=format&fit=crop,"['https://images.unsplash.com/photo-1506461883276-594a12b11db3?q=80&w=1000&auto=format&fit=crop', 'https://images.unsplash.com/photo-1464822759023-fed622ff2c3b?auto=format&fit=crop&w=1800&q=80', 'https://images.unsplash.com/photo-1500382017468-9049fed747ef?auto=format&fit=crop&w=1800&q=80', 'https://images.unsplash.com/photo-1470071459604-3b5ec3a7fe05?auto=format&fit=crop&w=1800&q=80', 'https://images.unsplash.com/photo-1507525428034-b723cf961d3e?auto=format&fit=crop&w=1800&q=80']","['Attend the Kila Raipur Sports Festival to watch traditional Punjabi sports like bullock cart racing, kabbadi, tent pegging, and wrestling (seasonal).', 'Participate in a guided farm visit to learn about staple crops, traditional farming techniques, and experience the day-to-day life on a Punjabi farm.', ""Go birdwatching around the village's agricultural lands and wetlands, identifying local and migratory avian species."", 'Enjoy a traditional Punjabi Thali meal prepared with fresh, local ingredients at a village home or a local dhabha.']","['The Main Arena of Kila Raipur Sports Festival: Capture the high-energy action, colorful crowds, and unique cultural performances during the annual event.', ""Sun-Drenched Agricultural Fields: Photograph the expansive wheat or paddy fields at sunrise or sunset, creating stunning panoramic shots of Punjab's golden heartland."", 'Traditional Village Gurudwara or Pond: Document the serene beauty and intricate architecture of local places of worship or the calm reflections on a village pond, emblematic of rural life.']","['Siddu', 'Pahadi Madra', 'Local Thali']","['Kila Raipur Pahadi Rasoi Local Kitchen', 'Kila Raipur Hilltop Cafe & Bistro']",[],Manali,30.76231,75.82287
6e302571-0e93-4ed8-919a-5c0dc5ec3ea3,bishnupur-temples,Bishnupur Temples,West Bengal,Eastern India,Experience spiritual serenity amidst the majestic terracotta temples of Bengal's cultural heart.,"Nestled in the picturesque town of Bishnupur, West Bengal, lies a treasure trove of spiritual and cultural heritage – the Bishnupur Temples. This village, often referred to as 'Narayangarh,' boasts a majestic collection of 15th to 18th-century temples, each a masterpiece of Bengali architecture. Adorned with vibrant terracotta decorations and intricate carvings, these ancient temples showcase the artistic brilliance of the Sadgop community, once renowned for their skills in pottery and temple construction. Visitors can immerse themselves in the tranquil atmosphere, taking in the rich history and breathtaking beauty of these sacred structures.","[""Radha Madhab Temple – a stunning example of medieval temple architecture with beautiful terracotta sculptures and carvings."",""Pancha Ratna Temple – featuring five ornate domes and intricate tile work, showcasing the artistic splendor of the Sadgop artisans."",""Madan Gobinda Temple – the oldest among the Bishnupur temples, adorned with delicate terracotta carvings and paintings."",""Radha Shyamsundar Temple – a serene sanctum with a unique blend of Hindu and Vaishnava architectural styles."",""Joreswar Temple – a rare example of a Bishnupur temple dedicated to Lord Shiva, boasting a beautiful gopuram and intricate carvings.""]",Village,"['Spiritual', 'Meditation', 'Temple Visit', 'Heritage Walk', 'Photography']",8100,₹8k–₹12k,3,Winter – Spring,"['Winter', 'Spring']",Easy,Quiet,https://upload.wikimedia.org/wikipedia/commons/d/d6/RadhaShyam.jpg,"['https://upload.wikimedia.org/wikipedia/commons/d/d6/RadhaShyam.jpg', 'https://images.unsplash.com/photo-1464822759023-fed622ff2c3b?auto=format&fit=crop&w=1800&q=80', 'https://images.unsplash.com/photo-1500382017468-9049fed747ef?auto=format&fit=crop&w=1800&q=80', 'https://images.unsplash.com/photo-1470071459604-3b5ec3a7fe05?auto=format&fit=crop&w=1800&q=80', 'https://images.unsplash.com/photo-1507525428034-b723cf961d3e?auto=format&fit=crop&w=1800&q=80']","['Take a leisurely heritage walk around Bishnupur village to absorb the rich history and culture.', 'Participate in a traditional Bengali cooking class or taste local cuisine to experience the flavors of the region.', 'Attend a local music performance or take a lesson in traditional instruments like the Dhrupad or Gourpuri Vina.', ""Visit a local artisan's workshop to learn about the techniques of terracotta pottery and temple craft.""]","['Capture the majestic Radha Madhab Temple at sunrise or sunset for a surreal backdrop.', 'Explore the tranquil surroundings of the Pancha Ratna Temple complex for serene landscapes.', 'Shoot the intricate details of the Madan Gobinda Temple for breathtaking close-ups.']","['Local Traditional Thali', 'Spicy Curry']","['Bishnupur Temples Bengali Spice Junction', 'Bishnupur Temples Maa Durga Local Hotel']",[],Darjeeling,23.075,87.317
6e838f93-92db-452f-a7bc-a5c617363587,tarkarli,Tarkarli,Maharashtra,Western India,"Experience the serene beauty of Tarkarli, a tranquil beach destination on Maharashtra's coastline.","Tarkarli, situated in the Sindhudurg district of Maharashtra, is a picturesque beach town that boasts of its pristine beaches, crystal-clear waters, and a tranquil atmosphere. The town has a rich history, with the Sindhudurg Fort, built by Chhatrapati Shivaji, being a prominent landmark. The region is also known for its stunning natural beauty, with the Karli River flowing into the Arabian Sea, creating a picturesque backdrop for tourists. Visitors to Tarkarli can indulge in a variety of activities, including swimming, sunbathing, and boat rides, making it an ideal destination for beach lovers. The town's laid-back atmosphere and warm hospitality make it a perfect getaway for those looking to escape the chaos of city life.","[""The Tarkarli Beach, known for its crystal-clear waters and powdery white sand"",""The Sindhudurg Fort, a 17th-century fort built by Chhatrapati Shivaji"",""The Karli River, which offers scenic boat rides and stunning views of the surrounding landscape"",""The Tsunami Island, a small island located off the coast of Tarkarli, known for its scenic beauty and water sports"",""The Devbagh Beach, a secluded beach that offers a peaceful and serene atmosphere""]",Beach,"['Beach', 'Swimming', 'Sunbathing', 'Beach Walks', 'Boat Ride']",8100,₹8k–₹12k,3,Winter – Spring,"['Winter', 'Spring']",Easy,Quiet,https://upload.wikimedia.org/wikipedia/commons/7/7b/Tarkarli_Photo_by_Sandeep_Wairkar.jpg,"['https://upload.wikimedia.org/wikipedia/commons/7/7b/Tarkarli_Photo_by_Sandeep_Wairkar.jpg', 'https://images.unsplash.com/photo-1464822759023-fed622ff2c3b?auto=format&fit=crop&w=1800&q=80', 'https://images.unsplash.com/photo-1500382017468-9049fed747ef?auto=format&fit=crop&w=1800&q=80', 'https://images.unsplash.com/photo-1470071459604-3b5ec3a7fe05?auto=format&fit=crop&w=1800&q=80', 'https://images.unsplash.com/photo-1507525428034-b723cf961d3e?auto=format&fit=crop&w=1800&q=80']","['Take a snorkeling or scuba diving trip to explore the underwater world of the Arabian Sea', 'Go on a boat ride along the Karli River and enjoy the stunning views of the surrounding landscape', 'Visit the Sindhudurg Fort and learn about its rich history and significance', 'Indulge in water sports, such as parasailing, kayaking, or paddleboarding, at the Tarkarli Beach']","['The Tarkarli Beach at sunrise, with the sun rising over the Arabian Sea', 'The Sindhudurg Fort, with its majestic walls and scenic views of the surrounding landscape', 'The Tsunami Island, with its picturesque beaches and crystal-clear waters']","['Dal Baati Churma', 'Saurashtra Thali', 'Goan Fish Curry']","['Tarkarli Kathiyawadi Local Dhaba', 'Tarkarli Rajasthani Thali House']",[],Goa,16.00681,73.49184
6ea09a52-5a93-4f3a-b8d0-cb7a6884946c,masinagudi,Masinagudi,Tamil Nadu,Southern India,Where nature's melody echoes through the Nilgiri hills,"Tucked away in the Nilgiri hills of Tamil Nadu, Masinagudi is a haven for trekkers and nature lovers alike. This quaint little village nestled in the Mudumalai Wildlife Sanctuary is home to stunning landscapes of rolling hills, verdant forests, and sparkling streams. As one of the most promising destinations for trekking and wildlife adventures in South India, Masinagudi promises a thrilling experience amidst its unspoiled natural beauty. With a rich array of flora and fauna, including elephants, bison, and birds of various species, this trekking paradise offers a unique opportunity to immerse oneself in the sights and sounds of the wild.","[""Bamboo Forest Trek, where ancient trees stand guard over winding forest trails"",""Mudumalai National Park, a haven for wildlife enthusiasts to spot majestic elephants and bison"",""Pykara Dam, where serene waters reflect majestic Nilgiri mountain vistas"",""Theppakkadu Elephant Sanctuary, where gentle giants roam free under expert care"",""Bison Valley, a breathtaking expanse of grasslands where bison roam wild and free""]",Trek,"['Nature', 'Adventure', 'Trekking', 'Camping', 'Rock Climbing', 'Bird Watching']",8100,₹8k–₹12k,3,Winter – Spring,"['Winter', 'Spring']",Easy,Quiet,https://upload.wikimedia.org/wikipedia/commons/2/21/MasinagudiLakshmiNagar.jpg,"['https://upload.wikimedia.org/wikipedia/commons/2/21/MasinagudiLakshmiNagar.jpg', 'https://images.unsplash.com/photo-1464822759023-fed622ff2c3b?auto=format&fit=crop&w=1800&q=80', 'https://images.unsplash.com/photo-1500382017468-9049fed747ef?auto=format&fit=crop&w=1800&q=80', 'https://images.unsplash.com/photo-1470071459604-3b5ec3a7fe05?auto=format&fit=crop&w=1800&q=80', 'https://images.unsplash.com/photo-1507525428034-b723cf961d3e?auto=format&fit=crop&w=1800&q=80']","['Bird Watching in the Mudumalai Wildlife Sanctuary, where over 200 species have been spotted', 'River Crossings on the Bhavani River, where the bravest adventurers can take the plunge', 'Camping under star-studded skies at designated campsites within the sanctuary', 'Guided Treks through verdant forests and along rolling hills, led by experienced guides and porters']","['The panoramic vista from the Pykara Dam, where the Nilgiri hills meet the sky', 'Bamboo Forest, where sunlight filters through tall trees, casting dappled shadows on the forest floor', 'The Pykara Waterfalls, where a breathtaking cascade of water plunges into the river below']","['Traditional Thali', 'Filter Coffee', 'Local Seafood']","['Masinagudi Malgudi Filter Coffee & Tiffin', 'Masinagudi Sree Local Mess']",[],Lonavala,11.56829,76.63897
6f30b85c-1f12-4ceb-86e7-bead24e1fe93,anini,Anini,Arunachal Pradesh,Northeastern India,"A serene haven amidst the Eastern Himalayas, where untouched landscapes meet vibrant avifauna","Perched at an altitude of 2,451 meters, Anini in the state of Arunachal Pradesh is a quaint hill station renowned for its enchanting natural beauty and rich biodiversity. The region is blanketed with rhododendron and pine forests, providing a kaleidoscope of colours during the warmer months. As one ventures into Anini, the tranquil atmosphere and the mesmerising vistas of the surrounding mountains unfold a haven for nature enthusiasts, photographers and birdwatchers alike.","[""The majestic Braham Putra Sacred Lake, a natural hotspot, home to various bird species and an ideal location for nature photography"",""The enchanting Nyamjang Chu Bridge, a quaint architectural marvel offering panoramic views of the picturesque landscape"",""The Namdapha National Park, a UNESCO World Heritage Site and home to rare and endangered species of flora and fauna"",""The pristine surroundings of the Daporijo-Koloriang Road, ideal for hiking and birdwatching"",""The serene ambiance of the Anini Village, perfect for immersing oneself in local culture and traditions""]",Mountain,"['Nature', 'Nature Walks', 'Photography', 'Local Sightseeing', 'Bird Watching']",8100,₹8k–₹12k,3,Summer – Spring,"['Summer', 'Spring']",Moderate,Quiet,https://upload.wikimedia.org/wikipedia/commons/2/25/Anini_PrasadBasavaraj.jpg,"['https://upload.wikimedia.org/wikipedia/commons/2/25/Anini_PrasadBasavaraj.jpg', 'https://images.unsplash.com/photo-1464822759023-fed622ff2c3b?auto=format&fit=crop&w=1800&q=80', 'https://images.unsplash.com/photo-1500382017468-9049fed747ef?auto=format&fit=crop&w=1800&q=80', 'https://images.unsplash.com/photo-1470071459604-3b5ec3a7fe05?auto=format&fit=crop&w=1800&q=80', 'https://images.unsplash.com/photo-1507525428034-b723cf961d3e?auto=format&fit=crop&w=1800&q=80']","['Embark on a trek to the Nyamjang Chhu, a scenic river that winds its way through the lush forest', 'Explore the Namdapha Butterfly Garden, home to an array of butterfly species', 'Take part in the Anini Village cultural festival, a celebration of the local culture and customs', 'Go nature walking and birdwatching in the Namdapha National Park']","['The Nyamjang Chhu Bridge, offering breathtaking views of the surrounding landscape', 'The majestic Nyapin peak as seen from the banks of the Dibang River', 'The vibrant birdlife along the Anini-Karbi Anglong Road']","['Smoked Pork with Bamboo Shoot', 'Local Rice Cake', 'Assamese Thali']","['Anini Local Tribal Kitchen', 'Anini The Bamboo Shoot Restaurant']",[],Shillong,28.79693,95.90448
7071f0aa-b3b5-4389-b37c-5f8f07de8d50,deeg-palace,Deeg Palace,Rajasthan,Western India,"Uncover the majestic blend of nature and architecture at Deeg Palace, a tranquil oasis in Rajasthan's heartland","Deeg Palace, situated in the Bharatpur district of Rajasthan, is a stunning example of Rajasthani architecture, reflecting the region's rich cultural heritage. This 18th-century palace, built by Maharaja Suraj Mal, boasts a unique blend of Mughal, Rajput, and European styles, showcasing intricate frescoes, ornate furnishings, and beautifully manicured gardens. The palace's surroundings are equally captivating, with its location near the Bharatpur Bird Sanctuary making it a haven for nature enthusiasts and birdwatchers. As visitors wander through the palace's opulent interiors and explore the surrounding landscapes, they can experience the essence of Rajasthan's regal past and its breathtaking natural beauty.","[""Explore the majestic Deeg Palace, with its impressive combination of Rajput, Mughal, and European architectural styles"",""Visit the Bhawani Singh Museum, located within the palace complex, to discover a vast collection of artifacts and relics"",""Take a stroll around the picturesque gardens and lakes of the palace, offering a serene escape from the chaos of urban life"",""Witness the breathtaking spectacle of the annual JalMahal festival, where the palace's gardens and lakes are beautifully illuminated""]",Village,"['Culture', 'Nature Walks', 'Photography', 'Local Sightseeing', 'Bird Watching']",8100,₹8k–₹12k,3,Winter – Spring,"['Winter', 'Spring']",Easy,Quiet,https://upload.wikimedia.org/wikipedia/commons/4/4b/Deeg_drone_view.jpg,"['https://upload.wikimedia.org/wikipedia/commons/4/4b/Deeg_drone_view.jpg', 'https://images.unsplash.com/photo-1464822759023-fed622ff2c3b?auto=format&fit=crop&w=1800&q=80', 'https://images.unsplash.com/photo-1500382017468-9049fed747ef?auto=format&fit=crop&w=1800&q=80', 'https://images.unsplash.com/photo-1470071459604-3b5ec3a7fe05?auto=format&fit=crop&w=1800&q=80', 'https://images.unsplash.com/photo-1507525428034-b723cf961d3e?auto=format&fit=crop&w=1800&q=80']","['Embark on a guided tour of the Deeg Palace to uncover its history, architecture, and cultural significance', 'Go birdwatching in the nearby Bharatpur Bird Sanctuary, home to over 230 species of birds', ""Take a leisurely boat ride on the palace's tranquil lakes, offering a glimpse into the region's natural beauty"", 'Engage in photography sessions to capture the stunning architecture, landscapes, and wildlife of the area']","['The majestic Deeg Palace, with its impressive façade and intricately designed interiors', 'The picturesque gardens and lakes of the palace, offering a tranquil backdrop for photography', 'The Bharatpur Bird Sanctuary, providing ample opportunities to capture images of exotic bird species in their natural habitat']","['Dal Baati Churma', 'Saurashtra Thali', 'Goan Fish Curry']","['Deeg Palace Kathiyawadi Local Dhaba', 'Deeg Palace Rajasthani Thali House']",[],Lonavala,27.47087,77.32907
70aae3ec-d19f-4da0-841c-506a6e0299c9,manas-national-park,Manas National Park,Assam,Northeastern India,Unspoiled Wilderness of Assam,"Manas National Park, a UNESCO World Heritage Site in Assam, India, offers an unparalleled wildlife experience amidst the majestic Brahmaputra Valley's pristine wilderness. Stretching across the foothills of the Eastern Himalayas, this national park is a perfect blend of tropical and subtropical forests. As a haven for nature lovers and adventure seekers, it boasts an immense variety of flora and fauna, offering breathtaking scenery, exciting trekking trails, and incredible opportunities for nature walks, birdwatching, and wildlife photography.","[""The Golden Langur Sanctuary is home to the world's largest population of Swinhoe's leaf monkeys."",""The national park is one of the last remaining habitats of the critically endangered Pygmy Hog."",""The stunning Ban Beaver dam, a testament to the engineering prowess of beavers, is a must-visit spot."",""Visitors can explore the majestic Chirang Valley's scenic beauty and rich biodiversity."",""The park is home to over 450 species of birds, making it a paradise for birdwatchers.""]",Mountain,"['Nature', 'Wildlife', 'Nature Walks', 'Photography', 'Local Sightseeing', 'Bird Watching']",8100,₹8k–₹12k,3,Summer – Spring,"['Summer', 'Spring']",Moderate,Quiet,https://upload.wikimedia.org/wikipedia/commons/a/a3/Manas_landscape_rhino.jpg,"['https://upload.wikimedia.org/wikipedia/commons/a/a3/Manas_landscape_rhino.jpg', 'https://images.unsplash.com/photo-1464822759023-fed622ff2c3b?auto=format&fit=crop&w=1800&q=80', 'https://images.unsplash.com/photo-1500382017468-9049fed747ef?auto=format&fit=crop&w=1800&q=80', 'https://images.unsplash.com/photo-1470071459604-3b5ec3a7fe05?auto=format&fit=crop&w=1800&q=80', 'https://images.unsplash.com/photo-1507525428034-b723cf961d3e?auto=format&fit=crop&w=1800&q=80']","['Take a guided nature walk through the dense forests of Manas National Park.', 'Engage in birdwatching expeditions to spot rare avifauna.', 'Experience the thrill of a safari drive through the rugged terrain of Assam.', ""Participate in photography walks to capture the essence of Manas' unique landscape.""]","['The scenic viewpoint at the Manas-Sudoipung ridge offers breathtaking vistas of the surrounding landscape.', 'The majestic Ban Beaver dam presents a unique opportunity for wildlife photography.', ""The picturesque Kamalasagar lake provides a serene setting for capturing the beauty of Assam's wilderness.""]","['Smoked Pork with Bamboo Shoot', 'Local Rice Cake', 'Assamese Thali']","['Manas National Park Local Tribal Kitchen', 'Manas National Park The Bamboo Shoot Restaurant']",[],Shillong,26.72279,90.97789
70d71b55-5d36-4527-9211-bc366c9411b6,marari-beach,Marari Beach,Kerala,Southern India,"Experience the tranquility of Kerala's serene Marari Beach, where tropical sunsets meet endless blue horizons.","Tucked away in the peaceful Alappuzha district, Marari Beach is a picturesque haven that embodies the quintessential charm of Kerala's coastline. This stunning stretch of golden sand is flanked by lush backwaters, coconut groves, and sleepy villages, creating an idyllic setting for a relaxing beach vacation. Visitors can soak up the sun, take leisurely walks along the shore, or embark on a boat ride to explore the surrounding waters.","[""Kerala's oldest and most revered St. Andrew's Basilica, a beautiful example of colonial architecture, is a 20-minute drive from Marari Beach."",""Take a refreshing dip in the crystal-clear waters of the Alappuzha Lighthouse Beach, located just a short distance from Marari's tranquil shores."",""Experience the traditional rhythms of Kerala's rural life by visiting the nearby Marari fishing village, where you can see fishermen unloading their daily catch."",""Embark on a thrilling boat tour of the Marari backwaters, where you can witness a variety of birdlife and perhaps even spot some dolphins."",""Explore the vibrant local markets of Alappuzha, teeming with colorful handicrafts, spices, and other local specialties.""]",Beach,"['Beach', 'Swimming', 'Sunbathing', 'Beach Walks', 'Boat Ride']",8100,₹8k–₹12k,3,Winter – Spring,"['Winter', 'Spring']",Easy,Quiet,https://upload.wikimedia.org/wikipedia/commons/thumb/2/29/Marari_Beach_Sunset_01.JPG/3840px-Marari_Beach_Sunset_01.JPG,"['https://upload.wikimedia.org/wikipedia/commons/thumb/2/29/Marari_Beach_Sunset_01.JPG/3840px-Marari_Beach_Sunset_01.JPG', 'https://images.unsplash.com/photo-1464822759023-fed622ff2c3b?auto=format&fit=crop&w=1800&q=80', 'https://images.unsplash.com/photo-1500382017468-9049fed747ef?auto=format&fit=crop&w=1800&q=80', 'https://images.unsplash.com/photo-1470071459604-3b5ec3a7fe05?auto=format&fit=crop&w=1800&q=80', 'https://images.unsplash.com/photo-1507525428034-b723cf961d3e?auto=format&fit=crop&w=1800&q=80']","['Relax and rejuvenate with a rejuvenating Ayurvedic massage at one of the many local spas, offering ancient Indian wellness treatments.', 'Take a leisurely walk along the pristine shores of Marari Beach, enjoying the warm sand between your toes and the soothing sound of the waves.', 'Indulge in a mouth-watering seafood feast at one of the local beachside restaurants, serving up fresh catches of the day.', 'Embark on a thrilling motorboat ride through the winding waters of the Marari backwaters, offering breathtaking views of the surrounding landscape.']","['The iconic Marari Beach Lighthouse, offering a stunning vantage point to capture the sun rising over the ocean.', ""The picturesque Marari Fishing Village, with its traditional nets and boats providing a fascinating glimpse into Kerala's rural heritage."", 'The tranquil Alappuzha Backwaters, with its lush palm groves and serene waters creating an idyllic setting for photoshoots.']","['Traditional Thali', 'Filter Coffee', 'Local Seafood']","['Marari Beach Malgudi Filter Coffee & Tiffin', 'Marari Beach Sree Local Mess']",[],Goa,9.60318,76.29799
755969ab-c349-460f-8d57-65319ebc93a1,kokernag,Kokernag,Jammu and Kashmir,Northern India,"Nestled in the picturesque Anantnag district, Kokernag is a breathtaking mountain destination in Jammu and Kashmir, known for its serene beauty, lush green meadows, and the tranquil waters of the Kokernag River.","Kokernag, situated about 70 km from Srinagar, is a haven for nature lovers and adventure seekers alike. The town is surrounded by dense forests, verdant meadows, and majestic mountains, making it an ideal destination for trekking, bird watching, and photography. With its rich cultural heritage and historical significance, Kokernag offers a unique blend of natural beauty and spiritual experience. The town is home to several ancient temples, shrines, and mosques, showcasing the region's diverse religious and cultural landscape. As visitors wander through the town's meandering paths and take in the stunning views, they can experience the warm hospitality of the locals and indulge in the region's delicious cuisine.","[""The Kokernag Springs, a series of beautiful waterfalls and fountains that are considered a sacred site by locals"",""The Trout Fish Farm, which offers an insight into the region's fish farming practices and provides opportunities for angling"",""The Martand Sun Temple, a historic temple dedicated to the sun god and showcasing the region's rich architectural heritage"",""The Achabal Gardens, a breathtaking example of Mughal-era garden design, with intricately laid out pathways, fountains, and lush greenery""]",Mountain,"['Nature', 'Nature Walks', 'Photography', 'Local Sightseeing', 'Bird Watching']",8100,₹8k–₹12k,3,Summer – Spring,"['Summer', 'Spring']",Moderate,Quiet,https://upload.wikimedia.org/wikipedia/commons/b/bc/Kokernag_park.jpg,"['https://upload.wikimedia.org/wikipedia/commons/b/bc/Kokernag_park.jpg', 'https://images.unsplash.com/photo-1464822759023-fed622ff2c3b?auto=format&fit=crop&w=1800&q=80', 'https://images.unsplash.com/photo-1500382017468-9049fed747ef?auto=format&fit=crop&w=1800&q=80', 'https://images.unsplash.com/photo-1470071459604-3b5ec3a7fe05?auto=format&fit=crop&w=1800&q=80', 'https://images.unsplash.com/photo-1507525428034-b723cf961d3e?auto=format&fit=crop&w=1800&q=80']","['Trekking to the nearby mountains, offering breathtaking views of the surrounding landscape', 'Bird watching, with opportunities to spot a wide range of species, including the Himalayan monal and the Kashmir flycatcher', ""Photography, with the town's stunning natural beauty and historic landmarks providing endless inspiration"", 'Angling, with the Kokernag River and its tributaries offering ample opportunities to catch trout and other fish species']","['The viewpoint at Margan Top, offering panoramic views of the surrounding mountains and valleys', 'The banks of the Kokernag River, with its serene waters and picturesque surroundings', 'The gardens of the Martand Sun Temple, with its intricately laid out pathways and stunning views of the surrounding landscape']","['Siddu', 'Pahadi Madra', 'Local Thali']","['Kokernag Pahadi Rasoi Local Kitchen', 'Kokernag Hilltop Cafe & Bistro']",[],Manali,33.58723,75.30125
760094a7-4574-4d51-a3ff-1c9bf6676b55,hajo,Hajo,Assam,Northeastern India,"Experience the serene confluence of nature and spirituality in Hajo, a quaint village in Assam, steeped in heritage and mythology.","Hajo, a picturesque village in Assam, is a treasure trove of natural beauty, rich history, and spiritual significance. This ancient pilgrimage site is nestled on the banks of the Brahmaputra River and is home to numerous temples, most notably the Hayagriva Madhav Temple, which attracts devotees from all over the country. The region's unique cultural landscape is a fascinating blend of Hindu, Buddhist, and Islamic influences, reflected in its architectural heritage and traditional practices. As visitors wander through the village, they can immerse themselves in the tranquility of the surroundings, explore the historic temples, and engage with the warm and hospitable local community.","[""The Hayagriva Madhav Temple, a 16th-century Vaishnavite temple dedicated to Lord Vishnu, is a must-visit for its historical and spiritual importance."",""The Powa Mecca mosque, believed to contain holy soil from Mecca, showcases the region's unique cultural diversity and heritage."",""The Hajo Temple Complex, comprising numerous smaller temples, offers a glimpse into the region's rich architectural and spiritual legacy."",""The Brahmaputra River, with its breathtaking sunrises and sunsets, provides a serene backdrop for spiritual reflection and relaxation.""]",Village,"['Nature', 'Spiritual', 'Meditation', 'Temple Visit', 'Heritage Walk', 'Photography']",8100,₹8k–₹12k,3,Summer – Spring,"['Summer', 'Spring']",Moderate,Quiet,https://upload.wikimedia.org/wikipedia/commons/a/a6/Entrance_Madhab_mandir.jpg,"['https://upload.wikimedia.org/wikipedia/commons/a/a6/Entrance_Madhab_mandir.jpg', 'https://images.unsplash.com/photo-1464822759023-fed622ff2c3b?auto=format&fit=crop&w=1800&q=80', 'https://images.unsplash.com/photo-1500382017468-9049fed747ef?auto=format&fit=crop&w=1800&q=80', 'https://images.unsplash.com/photo-1470071459604-3b5ec3a7fe05?auto=format&fit=crop&w=1800&q=80', 'https://images.unsplash.com/photo-1507525428034-b723cf961d3e?auto=format&fit=crop&w=1800&q=80']","['Take a boat ride on the Brahmaputra River to witness the stunning beauty of the riverine landscape.', 'Embark on a heritage walk through the village to discover its historic temples, mosques, and traditional houses.', 'Engage in meditation and yoga sessions amidst the tranquil surroundings, led by experienced local practitioners.', ""Participate in traditional Assamese folk dances and music performances, which showcase the region's vibrant cultural heritage.""]","['The scenic banks of the Brahmaputra River, especially during sunrise and sunset, offer breathtaking photo opportunities.', ""The historic Hayagriva Madhav Temple, with its intricate architecture and stunning surroundings, is a photographer's paradise."", 'The Powa Mecca mosque, with its unique blend of Islamic and local architectural styles, provides a fascinating subject for photography.']","['Smoked Pork with Bamboo Shoot', 'Local Rice Cake', 'Assamese Thali']","['Hajo Local Tribal Kitchen', 'Hajo The Bamboo Shoot Restaurant']",[],Shillong,26.23598,91.54235
76b1fd92-1f4a-4905-9277-a2814769cf48,tikkar-taal,Tikkar Taal,Haryana,Northern India,"Tikkar Taal: A serene twin-lake haven nestled in the verdant Morni Hills, offering tranquil nature escapes and panoramic Shivalik views.","Tikkar Taal, comprising two picturesque lakes known as Big Tikkar and Small Tikkar, is a hidden gem tucked away in the lower Shivalik ranges of the Morni Hills in Haryana's Panchkula district. This peaceful village destination offers a refreshing escape from urban life, characterized by its lush green surroundings, diverse avian life, and gentle rolling hills. The local culture here is deeply intertwined with the natural landscape, with villagers often engaged in agriculture and maintaining a close-knit community spirit. It's a place where time slows down, allowing visitors to connect with pristine nature and experience authentic rural Haryanvi hospitality, making it ideal for those seeking tranquility and natural beauty away from the bustling city.","[""The Twin Lakes of Tikkar Taal themselves, offering calm waters ideal for relaxation and boating amidst natural beauty."",""The rich biodiversity of the surrounding Morni Hills, providing a habitat for numerous plant and animal species."",""The tranquil village atmosphere, allowing visitors to experience the simplicity and warmth of rural life."",""Panoramic views of the lower Shivalik Range, showcasing the unique geological beauty of the foothills."",""Exceptional opportunities for bird watching, with a variety of resident and migratory birds frequenting the lake area.""]",Village,"['Culture', 'Nature', 'Nature Walks', 'Photography', 'Local Sightseeing', 'Bird Watching']",8100,₹8k–₹12k,3,Summer – Spring,"['Summer', 'Spring']",Moderate,Quiet,https://upload.wikimedia.org/wikipedia/commons/thumb/d/d6/Cyber_City_View.jpg/3840px-Cyber_City_View.jpg,"['https://upload.wikimedia.org/wikipedia/commons/thumb/d/d6/Cyber_City_View.jpg/3840px-Cyber_City_View.jpg', 'https://images.unsplash.com/photo-1464822759023-fed622ff2c3b?auto=format&fit=crop&w=1800&q=80', 'https://images.unsplash.com/photo-1500382017468-9049fed747ef?auto=format&fit=crop&w=1800&q=80', 'https://images.unsplash.com/photo-1470071459604-3b5ec3a7fe05?auto=format&fit=crop&w=1800&q=80', 'https://images.unsplash.com/photo-1507525428034-b723cf961d3e?auto=format&fit=crop&w=1800&q=80']","['Enjoy a leisurely boat ride on the placid waters of Big Tikkar lake, soaking in the serene environment.', 'Embark on nature walks along the designated trails in the surrounding Morni Hills to observe local flora and fauna.', 'Have a peaceful picnic by the lakeside, utilizing the natural beauty for a refreshing outdoor meal.', 'Engage with the local villagers to understand their traditional lifestyle and perhaps sample local Haryanvi cuisine.']","['The main lakeside embankment near Big Tikkar, offering expansive views of the water body framed by hills.', 'A vantage point on the hills overlooking both Tikkar lakes, providing a panoramic shot of the twin water bodies.', 'Specific clearings along the forest trails in Morni Hills, known for their unique light and dense foliage.']","['Siddu', 'Pahadi Madra', 'Local Thali']","['Tikkar Taal Pahadi Rasoi Local Kitchen', 'Tikkar Taal Hilltop Cafe & Bistro']",[],Manali,30.65672,77.08026
78c8f994-4ff8-4faf-b709-3a37946bf369,silent-valley-national-park,Silent Valley National Park,Kerala,Southern India,"Uncover the untamed beauty of Kerala's most pristine valley, where nature whispers secrets to those who listen.","Silent Valley National Park, nestled deep within the folds of the Western Ghats in Kerala, is a realm of breathtaking beauty and untouched wilderness. This 237-square-kilometer park is home to a staggering array of flora and fauna, including several endangered species. The valley's unique ecosystem is characterized by its lush rainforests, sparkling rivers, and rolling hills, creating a haven for nature enthusiasts and photographers alike. As one delves deeper into the park, the cacophony of city life gives way to an almost surreal silence, punctuated only by the sweet melodies of birdsong and the rustling of leaves.","["" Explore the Sairandhri River, which flows gently through the heart of the park, providing a serene backdrop for a day of wildlife watching and nature photography."",""Discover the rare and exquisite species of orchids, including the endangered 'Bulbophyllum neilgherrensis', in the park's botanical garden."","" Embark on a guided trek to the summit of the Anginda Peak, the highest point in the park, offering panoramic views of the surrounding landscape."",""Visit the interpretive center to learn about the valley's unique ecosystem and the conservation efforts in place to protect its delicate balance.""]",Valley,"['Nature', 'Wildlife', 'Nature Walks', 'Photography', 'Local Sightseeing', 'Bird Watching']",8100,₹8k–₹12k,3,Winter – Spring,"['Winter', 'Spring']",Easy,Quiet,https://upload.wikimedia.org/wikipedia/commons/thumb/9/91/SAN_BIRDS_48.jpg/3840px-SAN_BIRDS_48.jpg,"['https://upload.wikimedia.org/wikipedia/commons/thumb/9/91/SAN_BIRDS_48.jpg/3840px-SAN_BIRDS_48.jpg', 'https://images.unsplash.com/photo-1464822759023-fed622ff2c3b?auto=format&fit=crop&w=1800&q=80', 'https://images.unsplash.com/photo-1500382017468-9049fed747ef?auto=format&fit=crop&w=1800&q=80', 'https://images.unsplash.com/photo-1470071459604-3b5ec3a7fe05?auto=format&fit=crop&w=1800&q=80', 'https://images.unsplash.com/photo-1507525428034-b723cf961d3e?auto=format&fit=crop&w=1800&q=80']","['Take a guided nature walk along the River Trail, where one can spot a variety of bird species, including the majestic Malabar hornbill and the shy, yet resplendent, grey-headed bulbul.', ""Go on a thrilling safari adventure, navigating through the forest in a specially designed vehicle, offering a unique perspective on the park's incredible biodiversity."", "" Engage in some serious bird watching at the park's many viewing points, where one can spot over 200 species of birds, including the rare and endangered Jerdon's courser."", 'Participate in a tribal village tour, where one can experience the rich cultural heritage of the local communities, including their traditional dance, music, and art forms.']","['The Watchtower, perched atop a hill, offering a panoramic view of the valley below, with the rolling hills and verdant forests stretching as far as the eye can see.', ""The Sairandhri River's tranquil banks, where the soft, golden light of dawn or dusk creates a photographer's paradise, with the surrounding foliage reflected perfectly in the water."", ""The Forest Canopy, where the dappled light filtering through the dense foliage creates an ethereal atmosphere, perfect for capturing the intricate details of the forest's flora and fauna.""]","['Traditional Thali', 'Filter Coffee', 'Local Seafood']","['Silent Valley National Park Malgudi Filter Coffee & Tiffin', 'Silent Valley National Park Sree Local Mess']",[],Lonavala,11.13104,76.44433
79db67a1-b1d1-43ac-bd33-f4a0af5f0465,narlai,Narlai,Rajasthan,Western India,"Experience the raw beauty of Rajasthan's wilderness in Narlai, a hidden trekking gem nestled in the Aravalli range.","Narlai, a quaint village in Rajasthan, is a trekker's paradise surrounded by the rugged Aravalli hills. The village is steeped in history and culture, with the 15th-century Narlai Fort and the Jain temples being notable attractions. As a trek category destination, Narlai offers breathtaking trails that weave through the hills, providing stunning vistas of the surrounding landscape. The region's unique geography, with its granite rocks and scrub forests, is home to a diverse range of flora and fauna, making it an ideal spot for nature enthusiasts and adventure seekers. Visitors can immerse themselves in the local culture by interacting with the villagers and experiencing their traditional way of life.","[""Rawla Narlai, a 17th-century fortress turned heritage hotel, offering luxurious accommodations and stunning views of the surrounding hills"",""The ancient Jain temples, dedicated to the first Jain Tirthankar, Adinath, and the 23rd Jain Tirthankar, Parshwanath"",""The sacred lake, Narlai Lake, a historic water body that attracts a wide variety of bird species"",""The scenic trail to the nearby village of Desuri, offering breathtaking views of the Aravalli range"",""The opportunity to experience rural Rajasthan and interact with the local villagers, learning about their customs and traditions""]",Trek,"['Nature', 'Adventure', 'Trekking', 'Camping', 'Rock Climbing', 'Bird Watching']",8100,₹8k–₹12k,3,Winter – Spring,"['Winter', 'Spring']",Easy,Quiet,https://images.unsplash.com/photo-1506461883276-594a12b11db3?q=80&w=1000&auto=format&fit=crop,"['https://images.unsplash.com/photo-1506461883276-594a12b11db3?q=80&w=1000&auto=format&fit=crop', 'https://images.unsplash.com/photo-1464822759023-fed622ff2c3b?auto=format&fit=crop&w=1800&q=80', 'https://images.unsplash.com/photo-1500382017468-9049fed747ef?auto=format&fit=crop&w=1800&q=80', 'https://images.unsplash.com/photo-1470071459604-3b5ec3a7fe05?auto=format&fit=crop&w=1800&q=80', 'https://images.unsplash.com/photo-1507525428034-b723cf961d3e?auto=format&fit=crop&w=1800&q=80']","['Trek to the nearby village of Jojawar, known for its ancient stepwells and traditional Rajasthani architecture', 'Go rock climbing in the Aravalli hills, with routes suitable for both beginners and experienced climbers', 'Take a guided bird watching tour, spotting species such as the Indian peafowl, grey francolin, and desert fox', 'Embark on a village safari, exploring the rural landscape and experiencing the local way of life']","['The sunset point near the Narlai Lake, offering panoramic views of the surrounding hills', 'The ancient Jain temples, with their intricate carvings and stunning architecture', 'The Rawla Narlai fort, with its imposing structure and breathtaking views of the Aravalli range']","['Dal Baati Churma', 'Saurashtra Thali', 'Goan Fish Curry']","['Narlai Kathiyawadi Local Dhaba', 'Narlai Rajasthani Thali House']",[],Lonavala,25.31658,73.5351
79ff54b9-b33e-491e-8bae-e629bc2ad476,tajpur-beach,Tajpur Beach,West Bengal,Eastern India,"Unwind on the pristine shores of Tajpur Beach, where the Bay of Bengal meets the tranquil woods of West Bengal","Tajpur Beach, located in the East Midnapore district of West Bengal, is a tranquil and serene destination that offers a unique blend of beach activities and forest adventures. The beach is surrounded by dense forests of Mangrove and Sal trees, creating a perfect setting for nature lovers and those seeking a peaceful getaway. With its calm and crystal-clear waters, Tajpur Beach is an ideal spot for swimming, sunbathing, and beach walks. The beach is also a popular spot for boat rides, allowing visitors to explore the nearby estuaries and mangrove forests. The local culture is a mix of traditional Bengali and tribal influences, with several festivals and fairs taking place throughout the year, including the Tajpur Beach Festival, which showcases the local music, dance, and art.","[""Visit the famous Mohana, a scenic creek that flows into the sea and offers stunning views of the surrounding landscape"",""Explore the nearby villages, such as Junput and Mandarmani, which offer a glimpse into traditional Bengali rural life"",""Take a boat ride through the mangrove forests and spot exotic birds and wildlife, including the Royal Bengal Tiger and the Indian Python"",""Relax and rejuvenate at one of the many beach resorts and hotels that offer stunning views of the sea and the surrounding landscape, such as the Tajpur Beach Resort and the Sajan Beach Resort""]",Beach,"['Beach', 'Swimming', 'Sunbathing', 'Beach Walks', 'Boat Ride']",8100,₹8k–₹12k,3,Winter – Spring,"['Winter', 'Spring']",Easy,Quiet,https://upload.wikimedia.org/wikipedia/commons/thumb/e/e4/Sunset_in_Tajpur_Beach.jpg/3840px-Sunset_in_Tajpur_Beach.jpg,"['https://upload.wikimedia.org/wikipedia/commons/thumb/e/e4/Sunset_in_Tajpur_Beach.jpg/3840px-Sunset_in_Tajpur_Beach.jpg', 'https://images.unsplash.com/photo-1464822759023-fed622ff2c3b?auto=format&fit=crop&w=1800&q=80', 'https://images.unsplash.com/photo-1500382017468-9049fed747ef?auto=format&fit=crop&w=1800&q=80', 'https://images.unsplash.com/photo-1470071459604-3b5ec3a7fe05?auto=format&fit=crop&w=1800&q=80', 'https://images.unsplash.com/photo-1507525428034-b723cf961d3e?auto=format&fit=crop&w=1800&q=80']","['Take a leisurely walk along the beach and enjoy the sunset, which is a breathtaking sight to behold', 'Go swimming or sunbathing on the pristine shores of Tajpur Beach, which is considered one of the safest and most tranquil beaches in India', 'Explore the nearby forests and go on a trekking or hiking adventure, which offers stunning views of the surrounding landscape and the chance to spot exotic wildlife', 'Take a boat ride to the nearby islands, such as the Bhagabatpur Island, which is home to a Crocodile Sanctuary and offers stunning views of the surrounding landscape']","['The Mohana Creek, which offers stunning views of the surrounding landscape and the sea', 'The Tajpur Beach Sunrise Point, which offers breathtaking views of the sunrise over the sea', 'The Forest Edge, which offers stunning views of the surrounding forest and the chance to spot exotic wildlife']","['Local Traditional Thali', 'Spicy Curry']","['Tajpur Beach Bengali Spice Junction', 'Tajpur Beach Maa Durga Local Hotel']",[],Goa,21.65118,87.63508
7b47155e-b40c-4544-9dd7-df9b78e62ec6,mihir-garh,Mihir Garh,Rajasthan,Western India,"Experience the rustic charm of rural Rajasthan at Mihir Garh, a fort-turned-hotel nestled amidst the arid landscape of the Thar Desert.","Mihir Garh, meaning 'Sun Fortress', is a 9-suite boutique hotel situated in a rural village in Rajasthan, offering an authentic glimpse into the region's vibrant culture and breathtaking natural beauty. The village is surrounded by the vast expanse of the Thar Desert, where the sun-kissed dunes stretch as far as the eye can see. With its stunning architecture, beautifully landscaped gardens, and warm hospitality, Mihir Garh is an ideal retreat for those seeking to experience the essence of rural Rajasthan. The village is home to a diverse array of flora and fauna, including the majestic blackbuck, chinkara, and over 100 species of birds, making it a paradise for nature lovers and birdwatchers. Guests can immerse themselves in the local culture by taking a stroll through the village, interacting with the friendly locals, and witnessing the traditional way of life.","[""Witness the breathtaking sunrise and sunset over the dunes of the Thar Desert"",""Explore the beautiful gardens and courtyards of the Mihir Garh fort"",""Take a guided village tour to experience the local way of life and interact with the villagers"",""Spot rare bird species, including the Indian bustard and the Montagu's harrier"",""Relax in the serene ambiance of the fort's infinity pool, overlooking the desert landscape""]",Village,"['Culture', 'Nature Walks', 'Photography', 'Local Sightseeing', 'Bird Watching']",8100,₹8k–₹12k,3,Winter – Spring,"['Winter', 'Spring']",Easy,Quiet,https://upload.wikimedia.org/wikipedia/commons/9/99/Mehrangarh_Fort_sanhita.jpg,"['https://upload.wikimedia.org/wikipedia/commons/9/99/Mehrangarh_Fort_sanhita.jpg', 'https://images.unsplash.com/photo-1464822759023-fed622ff2c3b?auto=format&fit=crop&w=1800&q=80', 'https://images.unsplash.com/photo-1500382017468-9049fed747ef?auto=format&fit=crop&w=1800&q=80', 'https://images.unsplash.com/photo-1470071459604-3b5ec3a7fe05?auto=format&fit=crop&w=1800&q=80', 'https://images.unsplash.com/photo-1507525428034-b723cf961d3e?auto=format&fit=crop&w=1800&q=80']","['Go on a guided nature walk to spot blackbucks, chinkaras, and other wildlife', 'Take a horseback ride through the village and surrounding countryside', 'Learn about the local cuisine and cooking techniques with a cooking class', 'Practice yoga and meditation in the tranquil surroundings of the fort']","[""The fort's rooftop, offering panoramic views of the surrounding desert landscape"", ""The village's ancient temple, with its intricate stone carvings and vibrant frescoes"", ""The stunning sand dunes at sunrise or sunset, with the fort's silhouette in the background""]","['Dal Baati Churma', 'Saurashtra Thali', 'Goan Fish Curry']","['Mihir Garh Kathiyawadi Local Dhaba', 'Mihir Garh Rajasthani Thali House']",[],Lonavala,26.29806,73.01889
7f0997c9-53b9-4724-adfa-c5f5941083c8,jaldapara-national-park,Jaldapara National Park,West Bengal,Eastern India,"Nestled in the Himalayan foothills of West Bengal, Jaldapara National Park is a wildlife enthusiast's paradise with its lush forests, rolling hills, and diverse fauna.","Jaldapara National Park, located in the Alipurduar district of West Bengal, is one of the most prominent national parks in India. The park is situated at the foothills of the Himalayas, covering an area of approximately 216.51 square kilometers. With its unique blend of deciduous and tropical forests, Jaldapara is home to a wide variety of flora and fauna, including the iconic one-horned rhinoceros, Royal Bengal Tigers, and Asian elephants. The park's diverse ecosystem and picturesque landscape make it an ideal destination for nature lovers, photographers, and adventure seekers. Visitors can explore the park's natural beauty through guided safaris, nature walks, and bird-watching tours, allowing them to immerse themselves in the sights and sounds of the wild.","[""To witness the majestic one-horned rhinoceros in its natural habitat"",""To explore the park's unique flora, including the iconic khair and simul trees"",""To spot the Royal Bengal Tiger, one of the most elusive and endangered species in the world"",""To visit the Totopara village, home to the Toto tribe, one of the smallest tribes in the world"",""To take a guided safari tour through the park's rolling hills and lush forests""]",Mountain,"['Nature', 'Wildlife', 'Nature Walks', 'Photography', 'Local Sightseeing', 'Bird Watching']",8100,₹8k–₹12k,3,Winter – Spring,"['Winter', 'Spring']",Easy,Quiet,https://upload.wikimedia.org/wikipedia/commons/f/f5/Elephant_safari.jpg,"['https://upload.wikimedia.org/wikipedia/commons/f/f5/Elephant_safari.jpg', 'https://images.unsplash.com/photo-1464822759023-fed622ff2c3b?auto=format&fit=crop&w=1800&q=80', 'https://images.unsplash.com/photo-1500382017468-9049fed747ef?auto=format&fit=crop&w=1800&q=80', 'https://images.unsplash.com/photo-1470071459604-3b5ec3a7fe05?auto=format&fit=crop&w=1800&q=80', 'https://images.unsplash.com/photo-1507525428034-b723cf961d3e?auto=format&fit=crop&w=1800&q=80']","[""Take a guided elephant safari to get up close and personal with the park's wildlife"", ""Go bird-watching to spot some of the park's 240 species of birds, including the rare Bengal florican"", ""Take a nature walk through the park's forests to explore its unique flora and fauna"", ""Visit the Jaldapara museum to learn more about the park's history, geology, and wildlife""]","['The Malangi River, which flows through the park and offers stunning views of the surrounding landscape', ""The watchtower at the park's entrance, which provides panoramic views of the surrounding forests"", 'The Hollong forest, which is home to some of the oldest and tallest trees in the park']","['Local Traditional Thali', 'Spicy Curry']","['Jaldapara National Park Bengali Spice Junction', 'Jaldapara National Park Maa Durga Local Hotel']",[],Darjeeling,26.68477,89.30472
80b053d3-fb00-47ce-a13d-b25b166d1d80,borra-caves,Borra Caves,Andhra Pradesh,Southern India,Unravel the mysteries of the Earth's creation at the majestic Borra Caves in Andhra Pradesh.,"Nestled within the Araku Valley in the Eastern Ghats, Borra Caves is a mesmerizing limestone cave system formed over millions of years through the relentless efforts of rainwater, wind, and time. This enchanting natural wonder, situated at a height of 1314 meters above sea level, attracts trekkers and cave enthusiasts with its eerie darkness, towering stalactites, and stalagmites. Stepping into these subterranean passages is akin to embarking on a breathtaking journey through the Earth's geological history.","[""Experience the enchanting cave walk through the vast, labyrinthine corridors lined with ancient stalactites and stalagmites"",""Get up close with the stunning rock formations, which are a testament to the incredible geological history of the region"",""Marvel at the ancient fossilized remains of the coral tree found within the cave walls, a rare and precious find in the region"",""Enjoy a bird's eye view of the Araku Valley from the cave entrance, which offers a breathtaking panorama of the valley below""]",Mountain,"['Nature', 'Trekking', 'Bird Watching', 'Nature Walks', 'Photography']",8100,₹8k–₹12k,3,Winter – Spring,"['Winter', 'Spring']",Easy,Quiet,https://upload.wikimedia.org/wikipedia/commons/2/2a/Historic_Borra_Caves_main_entrance_in_Araku_Valley.jpg,"['https://upload.wikimedia.org/wikipedia/commons/2/2a/Historic_Borra_Caves_main_entrance_in_Araku_Valley.jpg', 'https://images.unsplash.com/photo-1464822759023-fed622ff2c3b?auto=format&fit=crop&w=1800&q=80', 'https://images.unsplash.com/photo-1500382017468-9049fed747ef?auto=format&fit=crop&w=1800&q=80', 'https://images.unsplash.com/photo-1470071459604-3b5ec3a7fe05?auto=format&fit=crop&w=1800&q=80', 'https://images.unsplash.com/photo-1507525428034-b723cf961d3e?auto=format&fit=crop&w=1800&q=80']","[""Trek through the lush forests surrounding the cave, a trekker's delight with its winding trails and picturesque vistas"", 'Take part in guided tours that delve into the geological significance of the caves and their formation over millions of years', 'Engage with indigenous tribes in the region, learning about their traditional way of life and ancient customs', 'Relish the chance to explore the nearby Ananthagiri village, known for its rich cultural heritage and ancient temples']","['Capture the striking contrast between the dark cave interiors and the vibrant colors of the tropical rainforest outside', 'Take a panoramic shot of the breathtaking Araku Valley from the cave entrance, with its rolling hills and majestic mountains', 'Click a photo of the fascinating rock formations inside the cave, showcasing their unique shapes and patterns']","['Traditional Thali', 'Filter Coffee', 'Local Seafood']","['Borra Caves Malgudi Filter Coffee & Tiffin', 'Borra Caves Sree Local Mess']",[],Goa,18.29391,83.05973
814859ec-ce8e-48c9-b742-30e576240e2f,dungarpur,Dungarpur,Rajasthan,Western India,"Experience the unspoiled beauty of Rajasthan's hidden gem, Dungarpur, where ancient history meets breathtaking natural landscapes.","The region is home to several tribal communities, each with their own distinct culture and traditions, adding to the town's diversity and charm. The surrounding landscape, dotted with hills, valleys, and water bodies, provides ample opportunities for trekking, camping, rock climbing, and bird watching, making Dungarpur a paradise for adventure enthusiasts. Whether you're a history buff, a nature lover, or an avid trekker, Dungarpur has something to offer, making it an unforgettable destination in the heart of Rajasthan.","[""Explore the stunning Udai Bilas Palace, a 19th-century palace that showcases the region's architectural grandeur"",""Visit the ancient Shrinathji Temple, a revered temple dedicated to Lord Krishna"",""Discover the rich cultural heritage of the Bhil and Damor tribes at the Dungarpur Museum"",""Witness the breathtaking beauty of the Gaib Sagar Lake, a serene water body surrounded by hills and forests"",""Trek to the top of the Aravalli hills, offering panoramic views of the surrounding landscape""]",Trek,"['Nature', 'Adventure', 'Trekking', 'Camping', 'Rock Climbing', 'Bird Watching']",8100,₹8k–₹12k,3,Winter – Spring,"['Winter', 'Spring']",Easy,Quiet,https://upload.wikimedia.org/wikipedia/commons/7/76/Dungarpur_II_018.jpg,"['https://upload.wikimedia.org/wikipedia/commons/7/76/Dungarpur_II_018.jpg', 'https://images.unsplash.com/photo-1464822759023-fed622ff2c3b?auto=format&fit=crop&w=1800&q=80', 'https://images.unsplash.com/photo-1500382017468-9049fed747ef?auto=format&fit=crop&w=1800&q=80', 'https://images.unsplash.com/photo-1470071459604-3b5ec3a7fe05?auto=format&fit=crop&w=1800&q=80', 'https://images.unsplash.com/photo-1507525428034-b723cf961d3e?auto=format&fit=crop&w=1800&q=80']","['Take a guided trek through the dense forests of the Aravalli range, spotting exotic wildlife and bird species', 'Go rock climbing at the rugged hills of Dungarpur, challenging yourself to scale the towering peaks', 'Embark on a camping trip near the Gaib Sagar Lake, spending a night under the starry sky', 'Practice bird watching at the Banj Village, known for its diverse avifauna']","['The Udai Bilas Palace at sunset, with the golden light casting a majestic glow on the palace', 'The Gaib Sagar Lake during the early morning hours, with the misty fog creating a serene atmosphere', 'The panoramic view from the top of the Aravalli hills, with the rolling hills and valleys stretching as far as the eye can see']","['Dal Baati Churma', 'Saurashtra Thali', 'Goan Fish Curry']","['Dungarpur Kathiyawadi Local Dhaba', 'Dungarpur Rajasthani Thali House']",[],Lonavala,23.85389,73.70872
816c8398-22ae-415c-8e20-3bcfd3b9b010,hirakud-reservoir,Hirakud Reservoir,Odisha,Eastern India,"Experience the colossal majesty of Hirakud Reservoir, India's engineering marvel and a tranquil haven for nature lovers and migratory birds.","Nestled across the mighty Mahanadi River in Odisha, the Hirakud Reservoir is more than just India's largest earthen dam; it's a testament to human ingenuity and a vibrant ecological hotspot. Completed in 1957, this colossal project was a pioneering effort in multi-purpose river valley development, providing irrigation, flood control, and hydroelectric power to the region. Geographically, its vast expanse of water, dotted with numerous islands and fringed by rolling hills, creates a breathtaking landscape.
The local experience is one of serene contemplation, where the rhythmic flow of the water and the distant calls of resident and migratory birds provide a peaceful escape. Culturally, the dam embodies the aspirations of a modernizing India while remaining deeply connected to the natural rhythms of the Mahanadi.","[""Marvel at the sheer scale of the Hirakud Dam, the longest earthen dam in the world, and its impressive spillway gates."",""Explore the biodiverse Debrigarh Wildlife Sanctuary, adjacent to the reservoir, home to various wildlife including leopards, sambar, and a rich avian population."",""Discover Cattle Island, a unique submerged island where a herd of wild cattle has lived in isolation for generations."",""Ascend Jawahar Minar and Gandhi Minar observation towers for breathtaking panoramic views of the entire reservoir and dam structure."",""Witness spectacular sunsets over the vast waters, often accompanied by the silhouettes of migrating birds.""]",Mountain,"['Nature', 'Nature Walks', 'Photography', 'Local Sightseeing', 'Bird Watching']",8100,₹8k–₹12k,3,Winter – Spring,"['Winter', 'Spring']",Easy,Quiet,https://upload.wikimedia.org/wikipedia/commons/0/00/Hirakud_Dam.jpg,"['https://upload.wikimedia.org/wikipedia/commons/0/00/Hirakud_Dam.jpg', 'https://images.unsplash.com/photo-1464822759023-fed622ff2c3b?auto=format&fit=crop&w=1800&q=80', 'https://images.unsplash.com/photo-1500382017468-9049fed747ef?auto=format&fit=crop&w=1800&q=80', 'https://images.unsplash.com/photo-1470071459604-3b5ec3a7fe05?auto=format&fit=crop&w=1800&q=80', 'https://images.unsplash.com/photo-1507525428034-b723cf961d3e?auto=format&fit=crop&w=1800&q=80']","['Enjoy a serene boat ride or cruise on the reservoir to explore its numerous islands and the vast expanse of water.', ""Indulge in bird watching, especially during the winter months, to spot a diverse range of migratory and resident birds within Debrigarh Wildlife Sanctuary and along the reservoir's banks."", 'Climb Jawahar Minar for an unparalleled 360-degree vista of the dam, its intricate canal systems, and the sprawling reservoir.', 'Embark on guided nature walks or short treks within Debrigarh Wildlife Sanctuary to experience the local flora and fauna up close.']","['From Jawahar Minar, capture sweeping panoramic shots of the Hirakud Dam, its intricate canal systems, and the vast reservoir.', ""Near the Dam's Spillway Gates, frame the powerful cascade of water when the gates are open, showcasing the engineering marvel."", 'At the Sunset Point near the Dam Embankment, photograph the vibrant hues of the sunset reflecting on the tranquil waters, often with birds in silhouette.']","['Local Traditional Thali', 'Spicy Curry']","['Hirakud Reservoir Bengali Spice Junction', 'Hirakud Reservoir Maa Durga Local Hotel']",[],Manali,21.63427,83.77137
81b400df-ed87-4ac9-b770-68cb319e9dfb,tilyar-lake,Tilyar Lake,Haryana,Northern India,"A serene oasis in Haryana's heart, Tilyar Lake offers tranquil escapes and vibrant natural beauty.","Tilyar Lake, a prominent tourist complex managed by Haryana Tourism, is nestled near the city of Rohtak. This man-made lake is a beloved recreational hub, renowned for its lush green surroundings, calm waters, and family-friendly amenities. While Haryana is largely characterized by its flat plains, Tilyar Lake provides a refreshing natural escape, attracting both locals and tourists seeking a peaceful retreat from urban life. It has evolved into a significant leisure destination, offering a blend of natural tranquility and recreational activities.

The geographical setting of Tilyar Lake is defined by its expansive water body surrounded by well-maintained gardens and open spaces, making it an ideal spot for picnics and leisurely strolls. The local experience revolves around enjoying the outdoors, with opportunities for boating, wildlife observation, and simply relaxing amidst nature. The complex also houses a mini zoo, further enhancing its appeal as a wholesome family destination where visitors can connect with the local flora and fauna.","[""Tilyar Mini Zoo, featuring a variety of local fauna and exotic birds."",""Leisurely boating experiences on the expansive lake, offering picturesque views."",""The central Lake Island, a unique focal point providing serene vistas across the water."",""Expansive green lawns and meticulously maintained gardens, perfect for family picnics and relaxation."",""Rich avian diversity, especially during the migratory season, making it a hotspot for bird watchers.""]",Mountain,"['Nature', 'Nature Walks', 'Photography', 'Local Sightseeing', 'Bird Watching']",8100,₹8k–₹12k,3,Summer – Spring,"['Summer', 'Spring']",Moderate,Quiet,https://upload.wikimedia.org/wikipedia/commons/d/da/Antelope_enclosure_at_Mini_zoo_in_Tilyar_lake_complex.jpg,"['https://upload.wikimedia.org/wikipedia/commons/d/da/Antelope_enclosure_at_Mini_zoo_in_Tilyar_lake_complex.jpg', 'https://images.unsplash.com/photo-1464822759023-fed622ff2c3b?auto=format&fit=crop&w=1800&q=80', 'https://images.unsplash.com/photo-1500382017468-9049fed747ef?auto=format&fit=crop&w=1800&q=80', 'https://images.unsplash.com/photo-1470071459604-3b5ec3a7fe05?auto=format&fit=crop&w=1800&q=80', 'https://images.unsplash.com/photo-1507525428034-b723cf961d3e?auto=format&fit=crop&w=1800&q=80']","['Paddle or row across the tranquil waters of Tilyar Lake in a rented boat.', 'Explore the Tilyar Mini Zoo to encounter indigenous and some exotic wildlife.', 'Enjoy a family picnic or a refreshing morning stroll on the manicured lawns surrounding the lake.', ""Engage in bird watching to spot resident and migratory birds, particularly around the lake's perimeter.""]","['The iconic Boating Jetty with the vast lake stretching into the horizon, ideal for sunset shots.', 'Panoramic views capturing the peaceful Lake Island nestled in the water, especially from the far shore.', ""Vibrant scenes of diverse birdlife at the lake's edge or amidst the surrounding foliage, capturing natural moments.""]","['Siddu', 'Pahadi Madra', 'Local Thali']","['Tilyar Lake Pahadi Rasoi Local Kitchen', 'Tilyar Lake Hilltop Cafe & Bistro']",[],Manali,28.87889,76.63583
8210d0aa-da32-44d4-9426-858880eed353,henry-s-island,Henry's Island,West Bengal,Eastern India,"Discover the pristine beaches and serene surroundings of Henry's Island, a tranquil getaway off the coast of West Bengal","Henry's Island, located in the Sundarbans, West Bengal, is a peaceful island retreat renowned for its picturesque beaches, mangrove forests, and diverse wildlife. The island offers a unique blend of relaxation and adventure, with its stunning sunrises, crystal-clear waters, and exciting boat rides. With its rich history and cultural heritage, Henry's Island is an ideal destination for those seeking a serene and offbeat experience. Visitors can explore the island's scenic surroundings, indulge in water activities, and experience the local way of life, making it an unforgettable getaway from the hustle and bustle of city life.","[""Explore the pristine beaches and mangrove forests of the Sundarbans"",""Take a boat ride through the dense mangrove forests and spot exotic wildlife"",""Visit the nearby Bhagabatpur Crocodile Project, a renowned crocodile breeding center"",""Discover the historic temples and local villages, showcasing the island's rich cultural heritage"",""Relax and unwind on the tranquil beaches, perfect for sunbathing and swimming""]",Island,"['Beach', 'Swimming', 'Sunbathing', 'Beach Walks', 'Boat Ride']",8100,₹8k–₹12k,3,Winter – Spring,"['Winter', 'Spring']",Easy,Quiet,https://upload.wikimedia.org/wikipedia/commons/thumb/9/96/Red_Crabs_at_Henry_Island.jpg/3840px-Red_Crabs_at_Henry_Island.jpg,"['https://upload.wikimedia.org/wikipedia/commons/thumb/9/96/Red_Crabs_at_Henry_Island.jpg/3840px-Red_Crabs_at_Henry_Island.jpg', 'https://images.unsplash.com/photo-1464822759023-fed622ff2c3b?auto=format&fit=crop&w=1800&q=80', 'https://images.unsplash.com/photo-1500382017468-9049fed747ef?auto=format&fit=crop&w=1800&q=80', 'https://images.unsplash.com/photo-1470071459604-3b5ec3a7fe05?auto=format&fit=crop&w=1800&q=80', 'https://images.unsplash.com/photo-1507525428034-b723cf961d3e?auto=format&fit=crop&w=1800&q=80']","['Go on a guided boat tour to explore the Sundarbans and spot dolphins and other marine life', 'Take a leisurely walk along the beach and enjoy the serene surroundings', 'Engage in water activities such as swimming, kayaking, or paddleboarding', 'Visit the local markets and try the delicious seafood, a specialty of the region']","['The sunrise point on the beach, offering breathtaking views of the Bay of Bengal', 'The mangrove forests, with their unique and exotic flora and fauna', 'The Bhagabatpur Crocodile Project, with its interesting and informative displays']","['Local Traditional Thali', 'Spicy Curry']","[""Henry's Island Bengali Spice Junction"", ""Henry's Island Maa Durga Local Hotel""]",[],Goa,21.57943,88.28868
82191ddb-8a5f-4a55-9684-bc1b0d4a47bb,pichavaram-mangrove-forest,Pichavaram Mangrove Forest,Tamil Nadu,Southern India,"Immerse yourself in the mystical world of mangroves, where nature's beauty knows no bounds.","Tucked away in the Cuddalore district of Tamil Nadu, the Pichavaram Mangrove Forest is an untouched haven of mangrove swamps, dense forests, and serene waterways. A vital habitat for diverse marine life, the forest boasts an enchanting world of mangrove trees, which filter freshwater from the sea, creating a unique ecosystem. With its winding water paths, Pichavaram is a nature lover's haven, where one can experience the unspoiled beauty of the mangrove ecosystem through guided boat tours, nature walks, and photography excursions.","[""Explore the tranquil waters of Pichavaram on a boat tour, navigating through the lush mangrove forests to spot majestic herons, eagles, and other waterbirds."",""Witness the majestic Sundarbans mangrove trees, with their unique aerial roots and tangled networks of waterways, creating a magical world of wonder and awe."",""Catch a glimpse of the diverse marine life, such as crocodiles, dolphins, and sea turtles, amidst the vast expanse of mangrove forests."",""Discover the fascinating biodiversity of the mangrove ecosystem, teeming with species of plants, animals, and birds that thrive in this unique environment."",""Unwind in the serene surroundings, rejuvenating your senses with the tranquility and peacefulness of the mangrove forests.""]",Mountain,"['Wildlife', 'Nature Walks', 'Photography', 'Local Sightseeing', 'Bird Watching']",8100,₹8k–₹12k,3,Winter – Spring,"['Winter', 'Spring']",Easy,Quiet,https://upload.wikimedia.org/wikipedia/commons/d/d1/Pichavaram-Pno.png,"['https://upload.wikimedia.org/wikipedia/commons/d/d1/Pichavaram-Pno.png', 'https://images.unsplash.com/photo-1464822759023-fed622ff2c3b?auto=format&fit=crop&w=1800&q=80', 'https://images.unsplash.com/photo-1500382017468-9049fed747ef?auto=format&fit=crop&w=1800&q=80', 'https://images.unsplash.com/photo-1470071459604-3b5ec3a7fe05?auto=format&fit=crop&w=1800&q=80', 'https://images.unsplash.com/photo-1507525428034-b723cf961d3e?auto=format&fit=crop&w=1800&q=80']","['Take a guided nature walk through the forest, exploring the intricate network of waterways and mangrove swamps, learning about the unique ecosystem and spotting various bird species.', 'Capture the majestic beauty of the mangroves through photography, with expert guidance to highlight the best angles and lighting conditions.', 'Embark on a canoe ride or paddle boat tour, navigating through the dense forests and discovering hidden coves and secret waterways.', 'Participate in a mangrove conservation project, learning about the importance of preserving this unique ecosystem and contributing to the protection of marine life.']","['The Sunset Point, where the sky is painted with hues of orange, pink, and blue, and the mangrove trees are bathed in golden light.', 'The Mangrove Canal, where the winding waterways and tangled mangrove roots create a surreal landscape of natural beauty.', 'The Boat Landing, where boat tours and canoe rides come ashore, and visitors can take in the vibrant sights and sounds of the mangrove ecosystem.']","['Traditional Thali', 'Filter Coffee', 'Local Seafood']","['Pichavaram Mangrove Forest Malgudi Filter Coffee & Tiffin', 'Pichavaram Mangrove Forest Sree Local Mess']",[],Lonavala,11.41822,79.80207
83331443-fb70-4945-a025-a2ce42d23bd3,girmal-falls,Girmal Falls,Gujarat,Western India,"Witness the breathtaking beauty of Girmal Falls, a hidden gem nestled in the lush green forests of Gujarat's Waghai region.","Girmal Falls is a stunning waterfall located in the Dang district of Gujarat, surrounded by the vibrant flora and fauna of the Western Ghats. The region's unique culture is a blend of tribal and traditional Gujarati influences, reflected in its local festivities, cuisine, and handicrafts. As visitors trek through the dense forests to reach the falls, they are rewarded with a mesmerizing sight of the water cascading down a rocky cliff, creating a misty veil that rises into the air. The picturesque landscape, coupled with the soothing sounds of the waterfall, makes Girmal Falls an ideal destination for nature lovers and photography enthusiasts.","[""The 100-foot high waterfall, surrounded by lush green forests, offers a breathtaking sight during the monsoon season"",""Trek to the nearby Ambarpura Temple, dedicated to Lord Shiva, which offers stunning views of the surrounding landscape"",""Explore the Waghai Botanical Garden, home to over 1,200 species of plants and trees, including exotic orchids and ferns"",""Visit the Dang Darbar, a cultural festival celebrated by the local tribal communities, showcasing their traditional music, dance, and handicrafts""]",Mountain,"['Nature', 'Nature Walks', 'Photography', 'Local Sightseeing', 'Bird Watching']",8100,₹8k–₹12k,3,Winter – Spring,"['Winter', 'Spring']",Easy,Quiet,https://upload.wikimedia.org/wikipedia/commons/7/78/Saputara_Hill_Station%2C_2006-10-25.jpg,"['https://upload.wikimedia.org/wikipedia/commons/7/78/Saputara_Hill_Station%2C_2006-10-25.jpg', 'https://images.unsplash.com/photo-1464822759023-fed622ff2c3b?auto=format&fit=crop&w=1800&q=80', 'https://images.unsplash.com/photo-1500382017468-9049fed747ef?auto=format&fit=crop&w=1800&q=80', 'https://images.unsplash.com/photo-1470071459604-3b5ec3a7fe05?auto=format&fit=crop&w=1800&q=80', 'https://images.unsplash.com/photo-1507525428034-b723cf961d3e?auto=format&fit=crop&w=1800&q=80']","['Take a guided trek to the Girmal Falls, exploring the surrounding forests and spotting local bird species', 'Go on a bird watching tour, spotting exotic species such as the Malabar Trogon and the Great Hornbill', 'Visit the local tribal villages, learning about their unique customs and traditions, and shopping for handmade handicrafts', 'Take a picnic to the scenic spots near the waterfall, enjoying the tranquil atmosphere and stunning views']","['The viewpoint near the Ambarpura Temple, offering a panoramic view of the surrounding landscape', 'The rocky cliff overlooking the Girmal Falls, providing a dramatic backdrop for photos', 'The forest trail leading to the waterfall, lined with vibrant flowers and lush green foliage']","['Dal Baati Churma', 'Saurashtra Thali', 'Goan Fish Curry']","['Girmal Falls Kathiyawadi Local Dhaba', 'Girmal Falls Rajasthani Thali House']",[],Lonavala,20.7588,73.6886
851c8986-7095-42fc-96b9-f53ada84078c,chakrata,Chakrata,Uttarakhand,Northern India,"Chakrata, a tranquil cantonment town nestled in the Garhwal Himalayas, offers an untouched escape into pristine nature, exhilarating treks, and panoramic mountain vistas.","Chakrata is a serene hill station located in the Dehradun district of Uttarakhand, India, established as a cantonment town by the British Indian Army in 1869. Perched at an elevation of approximately 7,000 feet, it is cradled amidst dense deodar, oak, and rhododendron forests, offering breathtaking views of the surrounding Himalayan peaks, including Swargarohini and Bandarpoonch, as well as the Yamuna valley. Unlike more commercialized hill stations, Chakrata retains an old-world charm, characterized by its quiet solitude and pristine environment. It serves as an ideal retreat for those seeking peace, adventure, and a close connection with nature. The region is also home to the indigenous Jaunsari tribe, whose unique cultural traditions and festivals add a distinct local flavor to the experience, offering glimpses into a simple yet vibrant mountain way of life.","[""Tiger Falls, one of India's highest direct plunge waterfalls, offering a majestic sight and a refreshing natural pool."",""Deoban, the highest peak in Chakrata, providing unobstructed 360-degree views of the Garhwal Himalayan range and renowned for birdwatching."",""Chirmiri Top, celebrated for its spectacular sunrise and sunset vistas over the Doon Valley and surrounding peaks."",""Budher Caves (Miola Caves), ancient limestone caves offering an intriguing spelunking adventure and historical insight."",""Ram Tal Horticultural Garden, a serene lake and garden amidst dense deodar forests, ideal for quiet contemplation.""]",Trek,"['Nature', 'Adventure', 'Trekking', 'Camping', 'Rock Climbing', 'Bird Watching']",8100,₹8k–₹12k,3,Summer – Spring,"['Summer', 'Spring']",Moderate,Quiet,https://images.unsplash.com/photo-1506461883276-594a12b11db3?q=80&w=1000&auto=format&fit=crop,"['https://images.unsplash.com/photo-1506461883276-594a12b11db3?q=80&w=1000&auto=format&fit=crop', 'https://images.unsplash.com/photo-1464822759023-fed622ff2c3b?auto=format&fit=crop&w=1800&q=80', 'https://images.unsplash.com/photo-1500382017468-9049fed747ef?auto=format&fit=crop&w=1800&q=80', 'https://images.unsplash.com/photo-1470071459604-3b5ec3a7fe05?auto=format&fit=crop&w=1800&q=80', 'https://images.unsplash.com/photo-1507525428034-b723cf961d3e?auto=format&fit=crop&w=1800&q=80']","['Embark on challenging treks to Tiger Falls or the panoramic Deoban peak, immersing yourself in the dense Himalayan forests.', 'Experience wilderness camping under a canopy of stars, particularly in the secluded Deoban forest area.', 'Engage in bird watching at Deoban and Chirmiri Top, renowned spots for sighting various Himalayan avian species.', 'Explore the ancient limestone formations of Budher Caves, a unique blend of history and adventure.']","['Tiger Falls, for capturing the powerful cascade of water and the lush green surroundings.', 'Deoban Peak, to photograph sweeping panoramic views of the snow-capped Himalayan range.', 'Chirmiri Top, ideal for stunning landscape photography during sunrise or sunset, with vibrant hues painting the sky over the valleys.']","['Siddu', 'Pahadi Madra', 'Local Thali']","['Chakrata Pahadi Rasoi Local Kitchen', 'Chakrata Hilltop Cafe & Bistro']",[],Manali,30.70132,77.87034
862aa075-1d27-48f7-8091-7bb72980afa8,gushaini,Gushaini,Himachal Pradesh,Northern India,Gushaini: The serene gateway to the pristine wilderness of the Tirthan Valley and a prime starting point for adventures into the Great Himalayan National Park.,"Nestled in the heart of Himachal Pradesh's picturesque Tirthan Valley, Gushaini is a tranquil hamlet renowned as the primary entry point to the UNESCO World Heritage Site of the Great Himalayan National Park (GHNP). Historically, the region has been inhabited by indigenous communities with strong agricultural roots, living in harmony with the surrounding nature. The village thrives along the banks of the crystal-clear Tirthan River, famous for its abundant trout and pristine waters. It serves as a model for eco-tourism, where community-based initiatives and sustainable practices are deeply embedded in the local culture, offering visitors an authentic glimpse into Himachali village life and a deep connection to the environment. The local experience is defined by warm hospitality, traditional wooden architecture, and the peaceful rhythm of the mountains. Its geographical location, surrounded by dense forests of pine, deodar, and oak, along with towering Himalayan peaks, makes it a biodiversity hotspot and a haven for nature lovers and adventurers alike.

Today, Gushaini retains its rustic charm, inviting travelers to unwind amidst stunning landscapes and embrace a slower pace of life. It’s a hub for responsible tourism, with many homestays and guesthouses run by locals who are passionate about preserving their natural heritage. The culture is a blend of ancient traditions and a growing awareness of ecological conservation, with festivals and local customs often intertwined with reverence for nature. The valley’s remoteness has helped maintain its pristine condition, making it a unique destination for those seeking an escape from the ordinary and a true immersion into the lap of the Himalayas.","[""Gateway to the Great Himalayan National Park (GHNP)"",""Pristine Tirthan River and its renowned trout fishing opportunities"",""Authentic Himachali village experience with community-based homestays"",""Jalori Pass, offering breathtaking panoramic views of the Seraj Valley and surrounding peaks"",""Chaini Kothi, an ancient multi-storied tower fort showcasing traditional Himachali architecture""]",Trek,"['Nature', 'Adventure', 'Trekking', 'Camping', 'Rock Climbing', 'Bird Watching']",8100,₹8k–₹12k,3,Summer – Spring,"['Summer', 'Spring']",Moderate,Quiet,https://upload.wikimedia.org/wikipedia/commons/1/11/View_from_Main_Banjar_Town.jpg,"['https://upload.wikimedia.org/wikipedia/commons/1/11/View_from_Main_Banjar_Town.jpg', 'https://images.unsplash.com/photo-1464822759023-fed622ff2c3b?auto=format&fit=crop&w=1800&q=80', 'https://images.unsplash.com/photo-1500382017468-9049fed747ef?auto=format&fit=crop&w=1800&q=80', 'https://images.unsplash.com/photo-1470071459604-3b5ec3a7fe05?auto=format&fit=crop&w=1800&q=80', 'https://images.unsplash.com/photo-1507525428034-b723cf961d3e?auto=format&fit=crop&w=1800&q=80']","['Trekking deep into the Great Himalayan National Park towards destinations like Rolla or Shringi Rishi Temple', 'Catch and release trout fishing in the Tirthan River (permits required)', 'Bird watching amidst the rich avian diversity of the Tirthan Valley, spotting Himalayan monals and pheasants', 'Guided village walks to experience local culture, agriculture, and traditional Himachali cuisine', 'Riverside camping under the stars along the banks of the Tirthan River']","['Confluence of Tirthan and Palachan Rivers near Gushaini, offering dynamic riverine landscapes', 'Panoramic views from Jalori Pass, especially during sunrise or sunset', 'The ancient wooden architecture of Shringi Rishi Temple, blending culture with scenic beauty']","['Siddu', 'Pahadi Madra', 'Local Thali']","['Gushaini Pahadi Rasoi Local Kitchen', 'Gushaini Hilltop Cafe & Bistro']",[],Manali,31.63733,77.42758
88251b85-61cb-4463-9a61-f23f262d5c4d,reiek-tlang,Reiek Tlang,Mizoram,Northeastern India,"Reiek Tlang, a majestic mountain peak in Mizoram, offering breathtaking vistas and an unforgettable experience amidst nature's splendor","Reiek Tlang, situated about 30 kilometers from Aizawl, is a stunning mountain peak in the picturesque state of Mizoram. The region boasts a rich cultural heritage and breathtaking natural beauty, with the mountain serving as a popular tourist destination. The peak stands tall at an elevation of approximately 1548 meters, providing panoramic views of the surrounding landscape and the majestic Himalayas in the distance. The history of the region is steeped in the myths and legends of the Mizo people, adding to the mystique of the place. Visitors can immerse themselves in the local culture by interacting with the friendly Mizo people and exploring the traditional villages. The geography of Reiek Tlang is characterized by lush green forests, rolling hills, and sparkling streams, making it an ideal destination for nature lovers and adventure seekers. As one delves into the local culture, they can experience the authentic Mizo cuisine, participate in traditional festivals, and visit ancient landmarks, creating a truly enriching experience. The best time to visit Reiek Tlang is during the spring and autumn seasons, when the weather is pleasant and the scenery is at its most vibrant.","[""The Reiek Tlang peak, which offers breathtaking 360-degree views of the surrounding landscape"",""The Durtlang Hills, a scenic range of hills that provide a picturesque backdrop to the town"",""The Mizoram State Museum, which showcases the rich cultural heritage and history of the Mizo people"",""The Berawtlang Tourist Complex, a popular spot for picnics and relaxation amidst nature""]",Mountain,"['Nature', 'Nature Walks', 'Photography', 'Local Sightseeing', 'Bird Watching']",8100,₹8k–₹12k,3,Summer – Spring,"['Summer', 'Spring']",Moderate,Quiet,https://upload.wikimedia.org/wikipedia/commons/thumb/b/bd/Reiek.JPG/3840px-Reiek.JPG,"['https://upload.wikimedia.org/wikipedia/commons/thumb/b/bd/Reiek.JPG/3840px-Reiek.JPG', 'https://images.unsplash.com/photo-1464822759023-fed622ff2c3b?auto=format&fit=crop&w=1800&q=80', 'https://images.unsplash.com/photo-1500382017468-9049fed747ef?auto=format&fit=crop&w=1800&q=80', 'https://images.unsplash.com/photo-1470071459604-3b5ec3a7fe05?auto=format&fit=crop&w=1800&q=80', 'https://images.unsplash.com/photo-1507525428034-b723cf961d3e?auto=format&fit=crop&w=1800&q=80']","['Trekking to the Reiek Tlang peak, which offers an exhilarating adventure experience', 'Exploring the local villages and interacting with the friendly Mizo people to learn about their customs and traditions', 'Bird watching in the lush forests surrounding Reiek Tlang, which are home to a wide variety of bird species', 'Taking a stroll through the picturesque countryside, which offers breathtaking views of the rolling hills and sparkling streams']","['The summit of Reiek Tlang, which offers panoramic views of the surrounding landscape and the majestic Himalayas', 'The scenic viewpoints along the trekking trail, which provide breathtaking views of the valleys and hills below', 'The picturesque villages and countryside, which offer a glimpse into the traditional Mizo way of life']","['Smoked Pork with Bamboo Shoot', 'Local Rice Cake', 'Assamese Thali']","['Reiek Tlang Local Tribal Kitchen', 'Reiek Tlang The Bamboo Shoot Restaurant']",[],Shillong,23.678,92.603
8835e8d4-534c-40b4-9cf8-651d4a113ea4,chorla-ghat,Chorla Ghat,Goa,Western India,"Embark on an adventure through the Western Ghats as Chorla Ghat in Goa unfolds its natural splendor amidst lush forests, sparkling waterfalls, and diverse wildlife.","As one explores Chorla Ghat, the sounds of the forest, the gushing of waterfalls, and the warmth of the local communities come together to create an unforgettable experience. Whether it's the thrill of adventure, the peace of nature, or simply a desire to step away from the urban hustle, Chorla Ghat in Goa offers a unique blend of experiences that cater to diverse interests and preferences.","[""The Surla Waterfall, which is one of the most picturesque spots in the region"",""The Tambdi Surla Mahadev Temple, a 12th-century temple dedicated to Lord Shiva"",""The Swapnagandha Valley, known for its stunning views and diverse flora"",""The rich biodiversity of the Bhagwan Mahaveer Sanctuary and Mollem National Park""]",Trek,"['Nature', 'Adventure', 'Trekking', 'Camping', 'Rock Climbing', 'Bird Watching']",8100,₹8k–₹12k,3,Winter – Spring,"['Winter', 'Spring']",Easy,Quiet,https://upload.wikimedia.org/wikipedia/commons/thumb/1/11/Chorla_ghat_sep_2020.ogv/1920px--Chorla_ghat_sep_2020.ogv.jpg,"['https://upload.wikimedia.org/wikipedia/commons/thumb/1/11/Chorla_ghat_sep_2020.ogv/1920px--Chorla_ghat_sep_2020.ogv.jpg', 'https://images.unsplash.com/photo-1464822759023-fed622ff2c3b?auto=format&fit=crop&w=1800&q=80', 'https://images.unsplash.com/photo-1500382017468-9049fed747ef?auto=format&fit=crop&w=1800&q=80', 'https://images.unsplash.com/photo-1470071459604-3b5ec3a7fe05?auto=format&fit=crop&w=1800&q=80', 'https://images.unsplash.com/photo-1507525428034-b723cf961d3e?auto=format&fit=crop&w=1800&q=80']","['Trek to the top of the Surla peak for panoramic views of the surrounding landscape', 'Engage in rock climbing at the various spots throughout the Ghats', 'Go on a bird watching tour to spot some of the rare species found in the region', 'Take a hike through the Swapnagandha Valley to explore its natural beauty']","['The viewpoint at the top of the Amboli Ghat, offering breathtaking views of the valleys below', 'The Tambdi Surla waterfall, surrounded by lush green forests', 'The sunset point near the village of Chorla, providing stunning views of the Western Ghats']","['Dal Baati Churma', 'Saurashtra Thali', 'Goan Fish Curry']","['Chorla Ghat Kathiyawadi Local Dhaba', 'Chorla Ghat Rajasthani Thali House']",[],Lonavala,15.64963,74.11913
88ca0076-611f-48d8-afee-c03ab466f231,kanatal,Kanatal,Uttarakhand,Northern India,"Discover Kanatal, a tranquil Himalayan gem in Uttarakhand, offering pristine natural beauty, thrilling adventure, and a peaceful escape amidst towering deodars and majestic peaks.","Nestled at an elevation of approximately 8,500 feet in the Tehri Garhwal district of Uttarakhand, Kanatal is a serene hamlet renowned for its untouched natural splendor. The name 'Kanatal' is believed to originate from a dried-up lake, reflecting the region's quiet, unassuming charm. Surrounded by dense forests of deodar, pine, and rhododendron, it offers a refreshing contrast to the bustling plains. The local culture is deeply rooted in Garhwali traditions, emphasizing a simple, sustainable lifestyle harmonized with nature. While it doesn't boast ancient ruins, the spiritual significance of the Surkanda Devi Temple, perched atop a hill, adds a cultural dimension to the area.

Geographically, Kanatal serves as a gateway to stunning views of the Greater Himalayas, making it a popular destination for those seeking tranquility, adventure, and a genuine connection with the mountain environment. The crisp, unpolluted air and the quiet hum of the forests provide an idyllic setting for rejuvenation, reflecting the essence of a true Himalayan retreat.","[""Trek to the sacred Surkanda Devi Temple, a prominent Shakti Peeth, for spiritual solace and a breathtaking 360-degree panoramic view of the Himalayan range."",""Explore the dense and ecologically rich Kaudia Forest, known for its deodar groves, diverse birdlife, and potential sightings of wild boars and musk deer."",""Experience authentic Garhwali hospitality and rural life in the small villages surrounding Kanatal, gaining insight into the local culture and traditions."",""Witness spectacular sunrises and sunsets painting the snow-capped peaks in vibrant hues, offering unparalleled photographic opportunities."",""Indulge in peaceful stargazing sessions, as Kanatal's minimal light pollution provides exceptionally clear night skies.""]",Trek,"['Nature', 'Adventure', 'Trekking', 'Camping', 'Rock Climbing', 'Bird Watching']",8100,₹8k–₹12k,3,Summer – Spring,"['Summer', 'Spring']",Moderate,Quiet,https://upload.wikimedia.org/wikipedia/commons/2/29/Kanatal.jpg,"['https://upload.wikimedia.org/wikipedia/commons/2/29/Kanatal.jpg', 'https://images.unsplash.com/photo-1464822759023-fed622ff2c3b?auto=format&fit=crop&w=1800&q=80', 'https://images.unsplash.com/photo-1500382017468-9049fed747ef?auto=format&fit=crop&w=1800&q=80', 'https://images.unsplash.com/photo-1470071459604-3b5ec3a7fe05?auto=format&fit=crop&w=1800&q=80', 'https://images.unsplash.com/photo-1507525428034-b723cf961d3e?auto=format&fit=crop&w=1800&q=80']","['Embark on a guided nature walk or a jungle safari through Kaudia Forest to explore its rich biodiversity and serene trails.', 'Engage in thrilling adventure activities like valley crossing, rappelling, and rock climbing offered by various camps in the region.', 'Enjoy an overnight camping experience under the clear starry skies, complete with bonfires and local Garhwali cuisine.', 'Hike up to the Surkanda Devi Temple, enjoying the invigorating climb and the rewarding vistas from the summit.']","['The summit of Surkanda Devi Temple, offering expansive panoramic views of the Bunderpunch, Swargarohini, and Nanda Devi peaks.', 'Specific clearings and trails within Kaudia Forest, where sunlight filters through the towering deodar trees, creating ethereal frames.', 'A designated viewpoint along the Chamba-Dhanaulti road near Kanatal, providing a sweeping vista of the Tehri Garhwal Valley and distant Himalayan ranges.']","['Siddu', 'Pahadi Madra', 'Local Thali']","['Kanatal Pahadi Rasoi Local Kitchen', 'Kanatal Hilltop Cafe & Bistro']",[],Manali,30.41533,78.32119
896d0dcd-7c98-46e7-b213-760a65f71e13,vijaynagar,Vijaynagar,Gujarat,Western India,"Embark on a trekking adventure through the rolling hills and verdant forests of Vijaynagar, a hidden gem in Gujarat's wilderness.","Vijaynagar, situated in the Sabarkantha district of Gujarat, is a trekker's paradise, boasting a diverse landscape of rugged hills, sparkling streams, and lush forests. The region's unique geography, with its rocky outcrops and scenic valleys, offers a thrilling experience for adventure seekers and nature enthusiasts alike. As you trek through the Vijaynagar forests, you can spot a wide range of flora and fauna, including rare bird species, and enjoy the warm hospitality of the local tribes. With its untouched natural beauty and abundant opportunities for rock climbing, bird watching, and camping, Vijaynagar is an ideal destination for those seeking an offbeat adventure experience in Gujarat.","[""The scenic Polo Forest, a protected area known for its rich biodiversity and picturesque landscapes"",""The historic Jessore Sloth Bear Sanctuary, home to a wide range of wildlife, including sloth bears, leopards, and monkeys"",""The quaint villages of Vijaynagar, where you can experience the traditional tribal culture and cuisine of the region"",""The stunning Harnav River, which offers breathtaking views and exciting opportunities for river crossing and camping"",""The ancient Sharneshwar Temple, a revered pilgrimage site nestled in the heart of the forest""]",Trek,"['Nature', 'Adventure', 'Trekking', 'Camping', 'Rock Climbing', 'Bird Watching']",8100,₹8k–₹12k,3,Winter – Spring,"['Winter', 'Spring']",Easy,Quiet,https://images.unsplash.com/photo-1506461883276-594a12b11db3?q=80&w=1000&auto=format&fit=crop,"['https://images.unsplash.com/photo-1506461883276-594a12b11db3?q=80&w=1000&auto=format&fit=crop', 'https://images.unsplash.com/photo-1464822759023-fed622ff2c3b?auto=format&fit=crop&w=1800&q=80', 'https://images.unsplash.com/photo-1500382017468-9049fed747ef?auto=format&fit=crop&w=1800&q=80', 'https://images.unsplash.com/photo-1470071459604-3b5ec3a7fe05?auto=format&fit=crop&w=1800&q=80', 'https://images.unsplash.com/photo-1507525428034-b723cf961d3e?auto=format&fit=crop&w=1800&q=80']","[""Trek to the summit of the Polo Forest's highest peak, offering panoramic views of the surrounding landscape"", 'Go bird watching in the Jessore Sloth Bear Sanctuary, with over 100 species of birds documented in the area', 'Take a guided rock climbing tour, exploring the unique rock formations and craggy outcrops of Vijaynagar', 'Embark on a camping expedition, setting up tents amidst the forest and enjoying a night under the stars']","[""The Polo Forest's sunrise point, offering breathtaking views of the forest as the sun rises over the hills"", ""The Harnav River's scenic ghats, where you can capture stunning photos of the river and its surroundings"", ""The Jessore Sloth Bear Sanctuary's observation decks, providing a unique perspective on the forest and its wildlife""]","['Dal Baati Churma', 'Saurashtra Thali', 'Goan Fish Curry']","['Vijaynagar Kathiyawadi Local Dhaba', 'Vijaynagar Rajasthani Thali House']",[],Lonavala,22.42285,70.76818
89997b7c-9768-4154-b31f-f58a5c54c316,kotagiri,Kotagiri,Tamil Nadu,Southern India,Exhile to the Queen of Hill Stations in the Nilgiris,"Nestled at an altitude of 2,800 feet, Kotagiri in Tamil Nadu is often referred to as the Queen of Hill Stations. This enchanting region is surrounded by rolling hills, verdant forests, and picturesque villages. The history of Kotagiri dates back to the early 19th century when the British established a tea plantation here, and the town's economy has been influenced by the tea industry ever since. Today, Kotagiri is a haven for nature lovers, offering an abundance of hiking trails, scenic viewpoints, and opportunities to spot exotic birds and animals.","[""Pykara Falls: Witness the breathtaking Pykara Falls, which is one of the most sought-after attractions in Kotagiri."",""Ketti Valley: Treat your eyes to the picturesque Ketti Valley, also known as the valley of flowers, where you can spot exotic birds and plants."",""Kalhatti Falls: Pay a visit to the scenic Kalhatti Falls, which is nestled amidst lush green surroundings and offers a serene atmosphere.""]",Mountain,"['Nature', 'Nature Walks', 'Photography', 'Local Sightseeing', 'Bird Watching']",8100,₹8k–₹12k,3,Winter – Spring,"['Winter', 'Spring']",Easy,Quiet,https://upload.wikimedia.org/wikipedia/commons/b/b0/Kotagiri_Town.jpg,"['https://upload.wikimedia.org/wikipedia/commons/b/b0/Kotagiri_Town.jpg', 'https://images.unsplash.com/photo-1464822759023-fed622ff2c3b?auto=format&fit=crop&w=1800&q=80', 'https://images.unsplash.com/photo-1500382017468-9049fed747ef?auto=format&fit=crop&w=1800&q=80', 'https://images.unsplash.com/photo-1470071459604-3b5ec3a7fe05?auto=format&fit=crop&w=1800&q=80', 'https://images.unsplash.com/photo-1507525428034-b723cf961d3e?auto=format&fit=crop&w=1800&q=80']","['Hike to Mullaiyaru Peak: Take on an exciting hike to the Mullaiyaru Peak, which offers breathtaking views of the surrounding hills and valleys.', 'Visit the Doddabettta viewpoint: Reach the highest peak in the Nilgiris via Doddabettta, a thrilling trek that rewards with stunning vistas.', 'Explore the villages: Wander through the quaint villages around Kotagiri, where you can experience the warmth and hospitality of the local people.', 'Take a tea tour: Learn about the intricacies of tea plantation and processing during a guided tour of a local tea factory.']","['Pykara Lake: Capture stunning reflections of the surrounding hills in the serene waters of Pykara Lake.', 'Ketti Valley Viewpoint: Find a spot to frame the picturesque Ketti Valley and its verdant surroundings.', 'Kalhatti Falls Viewpoint: Stand at the edge of Kalhatti Falls and take in the tranquil beauty of the surroundings.']","['Traditional Thali', 'Filter Coffee', 'Local Seafood']","['Kotagiri Malgudi Filter Coffee & Tiffin', 'Kotagiri Sree Local Mess']",[],Lonavala,11.42304,76.86582
8a215c49-e359-4631-ad4b-9178bbf55592,ropar-wetland,Ropar Wetland,Punjab,Northern India,"Discover Ropar Wetland: A tranquil Ramsar site in Punjab, teeming with migratory birds and ancient echoes along the historic Sutlej River.","The Ropar Wetland, also known as the Ropar Lake, is an artificially formed freshwater riverine wetland situated on the Sutlej River in the Rupnagar district of Punjab, India. Created by the construction of headworks for the Bhakra Main Line and Sirhind Canal, this diverse ecosystem was designated a Ramsar Wetland of International Importance in 2002 due to its critical role as a habitat for numerous species. It serves as a vital wintering ground for a multitude of migratory birds, including various waterfowl, raptors, and passerines, making it a paradise for birdwatchers and nature enthusiasts.
Beyond its ecological significance, the wetland offers a serene escape, blending natural beauty with historical resonance. The surrounding region of Rupnagar (formerly Ropar) holds deep historical roots, being an ancient Harappan site that reveals layers of India's past. Visitors can experience the tranquility of the wetland's waters and lush vegetation, while also connecting with the rich cultural and archaeological heritage of Punjab.","[""Witness the spectacular seasonal migration of diverse bird species, including numerous waterfowl and raptors, making it a premier birdwatching destination."",""Explore a designated Ramsar Wetland of International Importance, recognizing its significant ecological value and rich biodiversity."",""Experience the serene natural beauty of the Sutlej River and its surrounding aquatic ecosystem, offering a peaceful retreat from urban life."",""Discover the historical significance of Rupnagar, an ancient Harappan site located nearby, blending nature exploration with archaeological insights."",""Enjoy tranquil boat rides amidst the verdant aquatic flora and observe the wetland's unique ecosystem up close.""]",Mountain,"['Nature', 'Wildlife', 'Nature Walks', 'Photography', 'Local Sightseeing', 'Bird Watching']",8100,₹8k–₹12k,3,Summer – Spring,"['Summer', 'Spring']",Moderate,Quiet,https://upload.wikimedia.org/wikipedia/commons/7/77/Water_Lake_in_Northern_India.jpg,"['https://upload.wikimedia.org/wikipedia/commons/7/77/Water_Lake_in_Northern_India.jpg', 'https://images.unsplash.com/photo-1464822759023-fed622ff2c3b?auto=format&fit=crop&w=1800&q=80', 'https://images.unsplash.com/photo-1500382017468-9049fed747ef?auto=format&fit=crop&w=1800&q=80', 'https://images.unsplash.com/photo-1470071459604-3b5ec3a7fe05?auto=format&fit=crop&w=1800&q=80', 'https://images.unsplash.com/photo-1507525428034-b723cf961d3e?auto=format&fit=crop&w=1800&q=80']","['Embark on guided birdwatching excursions with local experts to identify rare migratory and resident avian species.', 'Capture breathtaking photographs of the diverse birdlife, panoramic wetland landscapes, and vibrant sunrises or sunsets.', 'Take a peaceful boat ride on the calmer sections of the wetland, providing an intimate perspective of its aquatic environment and wildlife.', ""Visit the Rupnagar Archaeological Museum to delve into the region's ancient past, showcasing artifacts from the Harappan civilization.""]","['Designated birdwatching points along the main embankment, offering sweeping views of the expansive water body and avian congregations.', 'The confluence areas where the Bhakra Main Line and Sirhind Canal meet the Sutlej River, providing dynamic water and landscape perspectives.', 'The western banks of the wetland during sunrise or sunset, capturing vibrant colors reflecting on the water and silhouetted birdlife.']","['Siddu', 'Pahadi Madra', 'Local Thali']","['Ropar Wetland Pahadi Rasoi Local Kitchen', 'Ropar Wetland Hilltop Cafe & Bistro']",[],Manali,31.02,76.5
8ad54e0e-9443-4abb-ab92-e384a54445c9,tso-moriri,Tso Moriri,Ladakh,Northern India,"Discover Tso Moriri, a breathtaking high-altitude sapphire lake nestled in Ladakh's Changthang plateau, an untouched sanctuary of nomadic culture and rare Himalayan wildlife.","Tso Moriri, meaning 'Mountain Lake' in Ladakhi, is a spectacular high-altitude wetland (4,522 m / 14,836 ft) located in the remote Changthang region of Ladakh. As India's largest high-altitude lake entirely within its territory and a designated Ramsar site, it forms a crucial part of the Changthang Wildlife Sanctuary, renowned for its pristine azure waters reflecting the surrounding barren peaks. This geographically significant region is characterized by an extreme cold desert climate, yet it sustains a unique ecosystem and the traditional semi-nomadic lifestyle of the Changpa community, known for their Pashmina goat herding. 

Culturally, the lake holds deep spiritual significance for the local Buddhists, with the ancient Karzok Monastery perched nearby, overseeing the highest permanent settlement in the world. Visitors to Tso Moriri are immersed in an unparalleled experience of raw natural beauty, encountering diverse avian species like the endangered black-necked crane and migratory bar-headed geese, alongside indigenous wildlife such as the kiang (Tibetan wild ass). The tranquil environment offers a profound connection with nature and a rare glimpse into the resilient way of life in one of the world's most remote and beautiful landscapes.","[""Witness the serene beauty of Karzok Gompa, an ancient Buddhist monastery nestled overlooking Tso Moriri Lake, offering panoramic views and a glimpse into monastic life at high altitude."",""Explore the unique ecosystem of the Changthang Wildlife Sanctuary, a designated Ramsar wetland, vital for breeding populations of rare migratory birds and home to the elusive Kiang (Tibetan Wild Ass)."",""Experience the profound tranquility and mesmerizing turquoise waters of Tso Moriri Lake itself, contrasting dramatically with the surrounding stark, snow-capped mountains."",""Engage with the nomadic Changpa community in Karzok village, observing their traditional lifestyle centered around Pashmina goat rearing and experiencing authentic Ladakhi high-altitude culture."",""Seek out the endangered Black-necked Cranes, a rare and graceful bird that nests here during summer, making it a critical birdwatching destination.""]",Mountain,"['Nature', 'Nature Walks', 'Photography', 'Local Sightseeing', 'Bird Watching']",8100,₹8k–₹12k,3,Summer – Spring,"['Summer', 'Spring']",Moderate,Quiet,https://upload.wikimedia.org/wikipedia/commons/thumb/5/51/Tso_Moriri%2C_Ladakh_%2834855616204%29.jpg/3840px-Tso_Moriri%2C_Ladakh_%2834855616204%29.jpg,"['https://upload.wikimedia.org/wikipedia/commons/thumb/5/51/Tso_Moriri%2C_Ladakh_%2834855616204%29.jpg/3840px-Tso_Moriri%2C_Ladakh_%2834855616204%29.jpg', 'https://images.unsplash.com/photo-1464822759023-fed622ff2c3b?auto=format&fit=crop&w=1800&q=80', 'https://images.unsplash.com/photo-1500382017468-9049fed747ef?auto=format&fit=crop&w=1800&q=80', 'https://images.unsplash.com/photo-1470071459604-3b5ec3a7fe05?auto=format&fit=crop&w=1800&q=80', 'https://images.unsplash.com/photo-1507525428034-b723cf961d3e?auto=format&fit=crop&w=1800&q=80']","[""Embark on dedicated birdwatching sessions along the lake's perimeter, particularly near the marshy inlets, to spot migratory species like Bar-headed Geese, Brahminy Ducks, and the endangered Black-necked Crane."", 'Visit the ancient Karzok Gompa and explore Karzok village, the highest permanent settlement in the world, to observe traditional monastic practices and local life.', ""Take a leisurely walk along the eastern shores of Tso Moriri, respecting the fragile ecosystem, to fully appreciate the lake's vastness and the surrounding dramatic mountain vistas."", ""Experience stargazing at its finest, with Tso Moriri's high altitude and minimal light pollution offering an exceptionally clear view of the Milky Way and countless stars.""]","['The elevated vantage point near Karzok Gompa, offering a sweeping panoramic view of the entire Tso Moriri Lake framed by snow-dusted peaks and the scattered dwellings of the village.', 'The northern shores of Tso Moriri, particularly around the wetlands where the small stream feeds into the lake, ideal for capturing wildlife amidst the stunning blue waters and reflecting mountains.', 'Along the approach road to Karzok village from the south, where the lake gradually reveals its immense size and vibrant blue hues against the stark, multi-hued landscape, providing a classic introductory shot.']","['Siddu', 'Pahadi Madra', 'Local Thali']","['Tso Moriri Pahadi Rasoi Local Kitchen', 'Tso Moriri Hilltop Cafe & Bistro']",[],Manali,32.88928,78.32153
8b10bfdb-64b7-45d5-a70d-b9945d36e964,wokha,Wokha,Nagaland,Northeastern India,"Experience the unbridled beauty of Nagaland's lush forests and mystical mountains in Wokha, a trekker's paradise","Wokha, the district headquarters of Wokha district in Nagaland, is a stunning destination nestled in the easternmost part of India. The region is known for its captivating landscape, with rolling hills, verdant forests, and meandering rivers that offer breathtaking views. With its rich cultural heritage and diverse wildlife, Wokha is a haven for adventure seekers and nature lovers alike. The district is home to the Lotha Naga tribe, who are known for their warm hospitality and vibrant traditions. Visitors can immerse themselves in the local culture by attending traditional festivals, visiting ancient villages, and sampling the region's unique cuisine. For the more adventurous, Wokha offers a range of outdoor activities, including trekking, rock climbing, and bird watching, making it an ideal destination for those seeking an adrenaline-packed vacation.","[""Mount Tiyi, a rugged peak that offers panoramic views of the surrounding landscape"",""The Doyang River, a scenic waterway that flows gently through the district and is perfect for boat rides and fishing"",""The Longchong village, a picturesque settlement that showcases traditional Lotha Naga architecture and way of life"",""The Wokha district museum, which houses a fascinating collection of artifacts and exhibits that highlight the region's history and culture""]",Trek,"['Nature', 'Adventure', 'Trekking', 'Camping', 'Rock Climbing', 'Bird Watching']",8100,₹8k–₹12k,3,Summer – Spring,"['Summer', 'Spring']",Moderate,Quiet,https://upload.wikimedia.org/wikipedia/commons/b/bb/Wokha_Town.jpg,"['https://upload.wikimedia.org/wikipedia/commons/b/bb/Wokha_Town.jpg', 'https://images.unsplash.com/photo-1464822759023-fed622ff2c3b?auto=format&fit=crop&w=1800&q=80', 'https://images.unsplash.com/photo-1500382017468-9049fed747ef?auto=format&fit=crop&w=1800&q=80', 'https://images.unsplash.com/photo-1470071459604-3b5ec3a7fe05?auto=format&fit=crop&w=1800&q=80', 'https://images.unsplash.com/photo-1507525428034-b723cf961d3e?auto=format&fit=crop&w=1800&q=80']","['Trek to the summit of Mount Tiyi, which offers breathtaking views of the surrounding landscape', 'Go bird watching in the forests of Wokha, which are home to a wide variety of species, including the endangered Amur falcon', ""Take a boat ride on the Doyang River, which offers a unique perspective on the region's landscape and wildlife"", ""Attend a traditional Lotha Naga festival, which offers a glimpse into the region's vibrant culture and customs""]","['The viewpoint at Mount Tiyi, which offers stunning views of the surrounding landscape', 'The Doyang River, which offers picturesque views of the river and its surroundings', 'The Longchong village, which offers a glimpse into traditional Lotha Naga architecture and way of life']","['Smoked Pork with Bamboo Shoot', 'Local Rice Cake', 'Assamese Thali']","['Wokha Local Tribal Kitchen', 'Wokha The Bamboo Shoot Restaurant']",[],Shillong,26.24225,94.19212
8bde210e-6eac-4d36-94a5-ac0c78222b4c,muzhappilangad-beach,Muzhappilangad Beach,Kerala,Southern India,"Experience the longest drive-in beach in Asia, where the Arabian Sea meets the serenity of Kerala's backwaters.","Muzhappilangad Beach, located in Kannur district of Kerala, is a pristine stretch of sand renowned for its uniqueness. At 4 kilometers in length, it claims the top spot as the longest drive-in beach in all of Asia. Its wide expanse, gentle slopes, and picturesque surroundings make it an idyllic destination for those seeking a perfect retreat from the hustle and bustle of city life. Visitors can unwind with leisurely strolls, take a refreshing dip in the ocean, and indulge in exhilarating water sports. The tranquil backwaters, set against a majestic backdrop, offer a soothing escape for the senses.","[""Witness the sunrise over the Arabian Sea from the longest drive-in beach in Asia."",""Indulge in a refreshing swim or a leisurely bath under the warm Kerala sun."",""Experience the thrill of a boat ride through the serene backwaters of Muzhappilangad Beach."",""Enjoy a peaceful walk along the picturesque coastline, taking in the beauty of the ocean and the tranquil surroundings."",""Take part in exciting water sports, such as surfing, kayaking, or windsurfing, in the pristine waters of the Arabian Sea.""]",Beach,"['Beach', 'Swimming', 'Sunbathing', 'Beach Walks', 'Boat Ride']",8100,₹8k–₹12k,3,Winter – Spring,"['Winter', 'Spring']",Easy,Quiet,https://upload.wikimedia.org/wikipedia/commons/d/d9/Muzhappilangad_Drive-in_Beach_2.jpg,"['https://upload.wikimedia.org/wikipedia/commons/d/d9/Muzhappilangad_Drive-in_Beach_2.jpg', 'https://images.unsplash.com/photo-1464822759023-fed622ff2c3b?auto=format&fit=crop&w=1800&q=80', 'https://images.unsplash.com/photo-1500382017468-9049fed747ef?auto=format&fit=crop&w=1800&q=80', 'https://images.unsplash.com/photo-1470071459604-3b5ec3a7fe05?auto=format&fit=crop&w=1800&q=80', 'https://images.unsplash.com/photo-1507525428034-b723cf961d3e?auto=format&fit=crop&w=1800&q=80']","['Take a boat ride through the tranquil backwaters and explore the diverse marine life and scenic landscapes.', 'Go surfing, kayaking, or windsurfing in the Arabian Sea, or try your hand at paddleboarding for an adrenaline rush.', 'Enjoy a leisurely stroll along the beach, taking in the stunning views of the ocean and the surrounding landscape.', 'Relax in the warm Kerala sun, indulge in a refreshing swim, or indulge in a rejuvenating bath under the soothing waters of the Arabian Sea.']","['Capture the breathtaking beauty of the sunrise over the Arabian Sea from the longest drive-in beach in Asia.', 'Snap a picturesque photograph of the serene backwaters, reflecting the vibrant hues of the setting sun.', ""Get a stunning shot of the beach's golden shores, stretching as far as the eye can see, amidst the tranquility of the Kerala backwaters.""]","['Traditional Thali', 'Filter Coffee', 'Local Seafood']","['Muzhappilangad Beach Malgudi Filter Coffee & Tiffin', 'Muzhappilangad Beach Sree Local Mess']",[],Goa,11.79445,75.44332
8da3c254-2d93-4256-ae6e-b02fe5bb3bb2,harihareshwar,Harihareshwar,Maharashtra,Western India,"Experience the serene beauty of Harihareshwar, a coastal town in Maharashtra nestled between the Sahyadri mountains and the Arabian Sea.","Harihareshwar is a tranquil destination located in the Raigad district of Maharashtra, known for its stunning beaches, ancient temples, and breathtaking scenery. The town is surrounded by four hills named Harihareshwar, Harshinachal, Bramhadri, and Pushpadri, which are considered sacred. The area is also home to a variety of flora and fauna, making it a haven for nature lovers and birdwatchers. With its rich history, cultural significance, and natural beauty, Harihareshwar offers a unique and unforgettable experience for visitors. From walking along the pristine shores of Harihareshwar Beach to exploring the historic Somjai Devi Temple, there's something for everyone in this charming town.","[""Explore the 16th-century Kalbhairav Temple, a historic Shiva temple perched on a hill overlooking the Arabian Sea"",""Visit the Somjai Devi Temple, a 200-year-old temple dedicated to the goddess Somjai"",""Relax on the picturesque Harihareshwar Beach, known for its clear waters and soft white sand"",""Take a short trek to the nearby village of Shrivardhan, famous for its beautiful beaches and scenic views"",""Witness the majestic views of the sunset at the Harihareshwar Jetty""]",Mountain,"['Nature', 'Nature Walks', 'Photography', 'Local Sightseeing', 'Bird Watching']",8100,₹8k–₹12k,3,Winter – Spring,"['Winter', 'Spring']",Easy,Quiet,https://upload.wikimedia.org/wikipedia/commons/4/47/Harihareshwar_beach.jpg,"['https://upload.wikimedia.org/wikipedia/commons/4/47/Harihareshwar_beach.jpg', 'https://images.unsplash.com/photo-1464822759023-fed622ff2c3b?auto=format&fit=crop&w=1800&q=80', 'https://images.unsplash.com/photo-1500382017468-9049fed747ef?auto=format&fit=crop&w=1800&q=80', 'https://images.unsplash.com/photo-1470071459604-3b5ec3a7fe05?auto=format&fit=crop&w=1800&q=80', 'https://images.unsplash.com/photo-1507525428034-b723cf961d3e?auto=format&fit=crop&w=1800&q=80']","['Go on a nature walk through the lush forests surrounding Harihareshwar, spotting exotic birds and plants', 'Take a boat ride from Harihareshwar to the nearby Shrivardhan Beach, exploring the coastline from a different perspective', 'Practice yoga or meditation on the tranquil shores of Harihareshwar Beach, surrounded by the soothing sounds of nature', 'Indulge in water sports like swimming, surfing, or kayaking in the crystal-clear waters of the Arabian Sea']","['The scenic viewpoint from the top of the Pushpadri Hill, offering panoramic views of the town and the sea', 'The picturesque Harihareshwar Beach at sunrise or sunset, with the sky painted in hues of pink and orange', 'The historic Kalbhairav Temple, with its intricate carvings and stunning architecture, set against the backdrop of the Arabian Sea']","['Dal Baati Churma', 'Saurashtra Thali', 'Goan Fish Curry']","['Harihareshwar Kathiyawadi Local Dhaba', 'Harihareshwar Rajasthani Thali House']",[],Lonavala,17.99509,73.02453
8e7dc23b-061f-469a-a1d8-013c3fe66ad7,bhalukpong,Bhalukpong,Arunachal Pradesh,Northeastern India,"Discover the serene beauty of Bhalukpong, a picturesque town in Arunachal Pradesh nestled in the foothills of the Himalayas","Bhalukpong is a charming town located in the West Kameng district of Arunachal Pradesh, India. The town is situated at the foothills of the Himalayas, near the border of Assam and Arunachal Pradesh. With its stunning natural scenery, rich cultural heritage, and diverse wildlife, Bhalukpong is an ideal destination for nature lovers, trekkers, and adventure seekers. The town is surrounded by the Pakhui Wildlife Sanctuary, which is home to a wide range of flora and fauna, including the endangered Bengal tiger, Indian elephant, and various species of birds. The Kameng River, which flows through the town, offers breathtaking views and opportunities for rafting and fishing.","[""Explore the Pakhui Wildlife Sanctuary, a protected area that is home to a diverse range of flora and fauna"",""Visit the Tipi Orchidarium, which houses over 500 species of orchids"",""Take a stroll along the Kameng River and enjoy the scenic views and tranquil atmosphere"",""Trek to the Eaglenest Wildlife Sanctuary, a paradise for birdwatchers and nature enthusiasts""]",Mountain,"['Trekking', 'Bird Watching', 'Nature Walks', 'Photography']",8100,₹8k–₹12k,3,Summer – Spring,"['Summer', 'Spring']",Moderate,Quiet,https://upload.wikimedia.org/wikipedia/commons/f/fc/Bhalukpong.jpg,"['https://upload.wikimedia.org/wikipedia/commons/f/fc/Bhalukpong.jpg', 'https://images.unsplash.com/photo-1464822759023-fed622ff2c3b?auto=format&fit=crop&w=1800&q=80', 'https://images.unsplash.com/photo-1500382017468-9049fed747ef?auto=format&fit=crop&w=1800&q=80', 'https://images.unsplash.com/photo-1470071459604-3b5ec3a7fe05?auto=format&fit=crop&w=1800&q=80', 'https://images.unsplash.com/photo-1507525428034-b723cf961d3e?auto=format&fit=crop&w=1800&q=80']","['Go trekking in the surrounding hills and forests, which offer breathtaking views of the Himalayas', 'Take a guided tour of the Pakhui Wildlife Sanctuary and spot exotic wildlife', 'Engage in bird watching and spot some of the rare species of birds found in the area', 'Go rafting or fishing in the Kameng River and enjoy the thrill of adventure']","['The Kameng River Bridge, which offers stunning views of the surrounding landscape', 'The Pakhui Wildlife Sanctuary, which is home to a diverse range of flora and fauna', ""The Tipi Orchidarium, which is a photographer's paradise with its vibrant and exotic orchids""]","['Smoked Pork with Bamboo Shoot', 'Local Rice Cake', 'Assamese Thali']","['Bhalukpong Local Tribal Kitchen', 'Bhalukpong The Bamboo Shoot Restaurant']",[],Goa,27.01372,92.63581
8ed8375b-ecb8-42ba-8cda-83cdf7a6cd4c,moti-daman,Moti Daman,Dadra and Nagar Haveli and Daman and Diu,Western India,A peaceful fort enclave showing Portuguese heritage.,"Moti Daman is a historic, quiet fortified town in Daman. Enclosed by massive 16th-century stone walls built by the Portuguese, it features beautiful colonial-style houses, historic churches like the Cathedral of Bom Jesus, and scenic lighthouse walls overlooking the sea.","[""Explore the towering 16th-century Moti Daman Fort walls"",""Visit the Cathedral of Bom Jesus with gilded altars"",""Walk the quiet Jampore beach shores nearby"",""Enjoy peaceful colonial streets and garden parks""]",Village,"['Heritage', 'Culture', 'Beach', 'Relaxed Escape']",6000,Under ₹8k,2,October – March,"['Autumn', 'Winter', 'Spring']",Easy,Quiet,https://images.unsplash.com/photo-1510414842594-a61c69b5ae57?auto=format&fit=crop&w=800&q=80,"['https://images.unsplash.com/photo-1510414842594-a61c69b5ae57?auto=format&fit=crop&w=800&q=80', 'https://images.unsplash.com/photo-1507525428034-b723cf961d3e?auto=format&fit=crop&w=800&q=80']","['Walk the massive fort ramparts', 'Visit the Church of Our Lady of Remedios', 'Picnic at Jampore Beach', ""Explore the historic Governor's Palace ruins""]","['The towering gateway of Moti Daman Fort', 'Intricate gold carvings inside Bom Jesus', 'Colonial houses along quiet lanes']","['Daman styled seafood', 'Portuguese influenced snacks', 'Guava cheese sweets']","['Duke Hotel Canteen', 'Garden View Restaurant', 'Moti Daman Fort tea vendor']","['Vapi (12 km)', 'Valsad (45 km)', 'Mumbai (170 km)']",Daman Devka Beach,20.4078,72.8361
8f79e2e0-a4be-42b1-979d-2afd873d8900,belum-caves,Belum Caves,Andhra Pradesh,Southern India,"Delve into the depths of India's largest cave system, hidden within the limestone hills of Andhra Pradesh.","Located near the village of Belum, Kurnool district in Andhra Pradesh, Belum Caves are estimated to be over 4 million years old. This massive cave system spans over 3.3 kilometers in length and is known for its unique stalactite and stalagmite formations, underground streams, and diverse flora. Belum Caves offer an exciting trekking experience, allowing visitors to explore the depths of the caves and discover the ancient secrets that lie within. With its enchanting natural beauty and rich geological history, Belum Caves is a must-visit destination for nature lovers and adventure seekers.","[""Discover the mysterious underground river that flows through the caves and witness the formation of stalactites and stalagmites up close."",""Explore the ancient fossils and remains of long-extinct creatures that have been preserved within the cave walls."",""Witness the mesmerizing rock formations and unique geological features that are a result of millions of years of erosion."",""Visit the cave's main entrance, known as the Boulders Entrance, which is a massive opening in the cave wall shaped by the relentless forces of weather and water."",""Take a guided tour to learn more about the cave's history, geology, and the unique ecosystems that exist within its depths.""]",Trek,"['Nature', 'Adventure', 'Trekking', 'Camping', 'Rock Climbing', 'Bird Watching']",8100,₹8k–₹12k,3,Winter – Spring,"['Winter', 'Spring']",Easy,Quiet,https://upload.wikimedia.org/wikipedia/commons/thumb/9/9f/Outside_Of_Belum_Caves.jpg/3840px-Outside_Of_Belum_Caves.jpg,"['https://upload.wikimedia.org/wikipedia/commons/thumb/9/9f/Outside_Of_Belum_Caves.jpg/3840px-Outside_Of_Belum_Caves.jpg', 'https://images.unsplash.com/photo-1464822759023-fed622ff2c3b?auto=format&fit=crop&w=1800&q=80', 'https://images.unsplash.com/photo-1500382017468-9049fed747ef?auto=format&fit=crop&w=1800&q=80', 'https://images.unsplash.com/photo-1470071459604-3b5ec3a7fe05?auto=format&fit=crop&w=1800&q=80', 'https://images.unsplash.com/photo-1507525428034-b723cf961d3e?auto=format&fit=crop&w=1800&q=80']","['Embark on a challenging trek through the caves, navigating through narrow passages and climbing over rocks to reach the heart of the cave system.', ""Practice rock climbing in the cave's designated areas, scaling the towering rock faces and conquering the unique challenges of the Belum Caves."", 'Camp within the cave system and experience the thrill of sleeping amidst ancient rock formations and the sounds of the underground river.', 'Go birdwatching in the surrounding hills and forests, spotting a variety of species that call this region home, including the critically endangered Indian Skimmer.']","[""Capture stunning photos of the cave's majestic rock formations, lit up by the golden light of the setting sun."", 'Take a picture of the underground river, its crystal-clear waters flowing through the darkness of the cave.', ""Snap a photo of the unique stalactite and stalagmite formations that adorn the cave's walls, a testament to the region's rich geological history.""]","['Traditional Thali', 'Filter Coffee', 'Local Seafood']","['Belum Caves Malgudi Filter Coffee & Tiffin', 'Belum Caves Sree Local Mess']",[],Lonavala,15.10218,78.11167
8f9bcb44-de00-4d9a-8cd0-7206c7b44672,shangarh,Shangarh,Himachal Pradesh,Northern India,"Reveal the rugged beauty of Himachal Pradesh's uncharted treasures in Shangarh, a haven for trekkers and nature enthusiasts.","Perched at an altitude of 8,700 feet in the Chanshal Valley, Shangarh is a quaint hill town with rich cultural heritage and breathtaking natural vistas. This lesser-known gem in Himachal Pradesh beckons adventure-seekers, trekkers, and those seeking solitude amidst nature's splendor. Shangarh's untouched landscape, comprising lush deodar forests, alpine meadows, and majestic mountain peaks, offers endless opportunities for discovery and exploration.","[""Marvel at the towering Kandrey Kund, a majestic hill fortress offering panoramic views of the Chanshal Valley and beyond."",""Witness the majestic spectacle of the Chanshal Peak at sunrise, painted with hues of golden light and soft mist."",""Stroll through the tranquil deodar and pine forest trails, teeming with diverse flora and fauna, where bird-watchers can spot rare species such as the Himalayan monal and the golden eagle."",""Experience the traditional Himachali way of life by exploring the quaint villages surrounding Shangarh, where local artisans weave colorful carpets and woolen garments.""]",Trek,"['Nature', 'Adventure', 'Trekking', 'Camping', 'Rock Climbing', 'Bird Watching']",8100,₹8k–₹12k,3,Summer – Spring,"['Summer', 'Spring']",Moderate,Quiet,https://upload.wikimedia.org/wikipedia/commons/5/5e/Blumenwiese_bei_Obermaiselstein05.jpg,"['https://upload.wikimedia.org/wikipedia/commons/5/5e/Blumenwiese_bei_Obermaiselstein05.jpg', 'https://images.unsplash.com/photo-1464822759023-fed622ff2c3b?auto=format&fit=crop&w=1800&q=80', 'https://images.unsplash.com/photo-1500382017468-9049fed747ef?auto=format&fit=crop&w=1800&q=80', 'https://images.unsplash.com/photo-1470071459604-3b5ec3a7fe05?auto=format&fit=crop&w=1800&q=80', 'https://images.unsplash.com/photo-1507525428034-b723cf961d3e?auto=format&fit=crop&w=1800&q=80']","['Embark on the challenging Kandrey Kund trek, ascending steep mountain ridges and traversing through scenic valleys.', ""Take part in traditional Himachali festivals, such as the Baisakhi Kite Festival, which celebrate the region's rich cultural heritage."", 'Go on a guided nature walk, spotting rare Himalayan flowers and plants amidst the lush alpine meadows.', 'Enjoy a thrilling rock climbing experience on the rugged granite peaks surrounding Shangarh, with breathtaking views from the summit.']","['Capture the breathtaking sunrise over the Chanshal Peak, framing the majestic peak with towering deodar trees in the foreground.', 'Photograph the serene Tirthan River, winding its way through a lush deodar forest, reflecting the surrounding landscape in its pristine waters.', 'Frame the quaint village of Kuthar, with its traditional Himachali architecture and colorful prayer flags fluttering against the majestic Chanshal backdrop.']","['Siddu', 'Pahadi Madra', 'Local Thali']","['Shangarh Pahadi Rasoi Local Kitchen', 'Shangarh Hilltop Cafe & Bistro']",[],Manali,31.75731,77.37707
92453892-d38f-4889-8433-78c230c8443c,chatpal,Chatpal,Jammu and Kashmir,Northern India,"Experience the serene beauty of Chatpal, a quaint village in Jammu and Kashmir, where nature and culture blend in perfect harmony.","Chatpal, nestled in the picturesque Kulgam district of Jammu and Kashmir, is a charming village that offers a unique blend of natural beauty and cultural richness. The village is surrounded by lush green forests, rolling hills, and meandering streams, creating a tranquil atmosphere that is perfect for those seeking a peaceful retreat. With its rich cultural heritage and warm hospitality, Chatpal is an ideal destination for travelers looking to experience the authentic flavors of Kashmiri village life. The village is home to several ancient mosques, temples, and shrines, showcasing the region's diverse spiritual legacy. As you wander through the village, you can witness the local artisans at work, weaving traditional handicrafts, and savoring the delicious local cuisine.","[""Explore the historic Aharbal Waterfall, a stunning natural wonder located near Chatpal, which is also known as the 'Niagara of Kashmir'"",""Visit the ancient Martand Sun Temple, a significant archaeological site that dates back to the 8th century"",""Discover the vibrant culture of Chatpal by attending a traditional Kashmiri folk music and dance performance"",""Marvel at the breathtaking views of the Pir Panjal mountain range, which surrounds the village"",""Take a stroll along the picturesque Lidder River, which flows gently through the village""]",Village,"['Culture', 'Nature', 'Nature Walks', 'Photography', 'Local Sightseeing', 'Bird Watching']",8100,₹8k–₹12k,3,Summer – Spring,"['Summer', 'Spring']",Moderate,Quiet,https://images.unsplash.com/photo-1506461883276-594a12b11db3?q=80&w=1000&auto=format&fit=crop,"['https://images.unsplash.com/photo-1506461883276-594a12b11db3?q=80&w=1000&auto=format&fit=crop', 'https://images.unsplash.com/photo-1464822759023-fed622ff2c3b?auto=format&fit=crop&w=1800&q=80', 'https://images.unsplash.com/photo-1500382017468-9049fed747ef?auto=format&fit=crop&w=1800&q=80', 'https://images.unsplash.com/photo-1470071459604-3b5ec3a7fe05?auto=format&fit=crop&w=1800&q=80', 'https://images.unsplash.com/photo-1507525428034-b723cf961d3e?auto=format&fit=crop&w=1800&q=80']","['Embark on a thrilling trek to the nearby mountains, offering breathtaking views of the surrounding landscape', 'Take a guided tour of the village, exploring its ancient mosques, temples, and shrines', 'Engage in bird watching, as Chatpal is home to a variety of bird species, including the Himalayan monal and the Kashmir flycatcher', 'Participate in a traditional Kashmiri cooking class, where you can learn to prepare local delicacies']","['The scenic overlook at the Aharbal Waterfall, offering stunning views of the surrounding landscape', 'The picturesque Lidder River, which flows gently through the village, creating a serene atmosphere', 'The ancient Martand Sun Temple, which offers breathtaking views of the surrounding mountains and valleys']","['Siddu', 'Pahadi Madra', 'Local Thali']","['Chatpal Pahadi Rasoi Local Kitchen', 'Chatpal Hilltop Cafe & Bistro']",[],Manali,34.0837,74.7973
955557bf-55c6-4ca0-b65f-ca81155c5e70,morni-hills,Morni Hills,Haryana,Northern India,"Experience the tranquil beauty and breathtaking scenery of North India's lesser-known jewel, Morni Hills.","Perched amidst the lush Shivalik range in Haryana, the picturesque Morni Hills offers a respite from the urban chaos. This lesser-explored destination is a haven for nature enthusiasts, photographers, and adventure seekers. The hill station boasts of lush forests, scenic valleys, and rolling hills that beckon visitors to indulge in a range of activities. As you wander through the misty forests, listen to the sweet melodies of birds and breathe in the crisp mountain air, you'll begin to unravel the charms of this hidden gem. The perfect blend of natural beauty, rich history, and thrilling experiences makes Morni Hills a must-visit destination for those seeking an offbeat escape.","[""Explore the enchanting Morni Forest, home to majestic deer and diverse bird species, including the majestic Indian Peafowl."",""Discover the remnants of the 18th-century Morni Fort, a strategic outpost built by the rulers of the Jhadoo State."",""Relax at the serene Morni Lake, surrounded by rolling hills, lush forests, and picturesque villages."",""Experience the thrill of trekking through the lush Shivalik range, with trails that cater to all levels of expertise."",""Unravel the unique culture of the local villagers, known for their vibrant festivals, traditional crafts, and warm hospitality.""]",Mountain,"['Nature', 'Trekking', 'Bird Watching', 'Nature Walks', 'Photography']",8100,₹8k–₹12k,3,Summer – Spring,"['Summer', 'Spring']",Moderate,Quiet,https://upload.wikimedia.org/wikipedia/commons/thumb/9/93/Mornihills.jpg/3840px-Mornihills.jpg,"['https://upload.wikimedia.org/wikipedia/commons/thumb/9/93/Mornihills.jpg/3840px-Mornihills.jpg', 'https://images.unsplash.com/photo-1464822759023-fed622ff2c3b?auto=format&fit=crop&w=1800&q=80', 'https://images.unsplash.com/photo-1500382017468-9049fed747ef?auto=format&fit=crop&w=1800&q=80', 'https://images.unsplash.com/photo-1470071459604-3b5ec3a7fe05?auto=format&fit=crop&w=1800&q=80', 'https://images.unsplash.com/photo-1507525428034-b723cf961d3e?auto=format&fit=crop&w=1800&q=80']","['Embark on a thrilling trek to the scenic Chandershehar Peak, offering panoramic views of the surrounding landscape.', 'Enjoy a leisurely boat ride on the tranquil Morni Lake, perfect for spotting birds and other wildlife.', 'Visit the quaint villages surrounding Morni Hills, known for their rich culture, traditional crafts, and warm hospitality.', 'Indulge in bird watching, with the hills offering a haven for a diverse range of bird species, including the majestic Indian Peafowl.']","['Capture the breathtaking scenery of the Morni Valley from the Chandershehar Peak, offering panoramic views of the surrounding landscape.', 'Photograph the majestic Morni Fort, perched atop a hill amidst lush forests and rolling hills.', 'Snap the vibrant colors of the local markets, known for their traditional crafts, vibrant festivals, and warm hospitality.']","['Siddu', 'Pahadi Madra', 'Local Thali']","['Morni Hills Pahadi Rasoi Local Kitchen', 'Morni Hills Hilltop Cafe & Bistro']",[],Goa,30.70466,76.95447
96177735-efb2-4ad6-a6e0-958cf2d1c508,mandu,Mandu,Madhya Pradesh,Central India,The forgotten city of palaces and legends.,"Spread across a hilltop plateau, Mandu is a hidden city of palaces, pavilions and ancient architecture. Often overlooked by travellers, it offers one of India's most atmospheric heritage experiences.","[""Jahaz Mahal (Ship Palace)"",""Rani Roopmati Pavilion"",""Ancient Afghan architecture"",""One of India's most underrated heritage destinations""]",Village,"['Culture', 'Photography', 'Peaceful Retreat']",9000,₹7k–₹11k,3,July – March,"['Monsoon', 'Autumn', 'Winter']",Easy,Quiet,https://res.cloudinary.com/dizqquqfs/image/upload/q_auto/f_auto/v1781880518/mandu_lwdd5x.jpg,"['https://res.cloudinary.com/dizqquqfs/image/upload/q_auto/f_auto/v1781880518/mandu_lwdd5x.jpg', 'https://res.cloudinary.com/dizqquqfs/image/upload/q_auto/f_auto/v1781880527/mandu2_by9pma.jpg', 'https://res.cloudinary.com/dizqquqfs/image/upload/q_auto/f_auto/v1781880522/mandu1_poctvi.jpg', 'https://res.cloudinary.com/dizqquqfs/image/upload/q_auto/f_auto/v1781880532/mandu4_zzuf86.jpg']","['Visit Jahaz Mahal', 'Watch sunset from Roopmati Pavilion', 'Explore Hindola Mahal', 'Walk through ancient gateways']","['Jahaz Mahal reflection', 'Roopmati Pavilion sunset', 'Ancient stone arches of Mandu']","['Poha', 'Dal Bafla', 'Bhutte Ka Kees', 'Malwa sweets']","['MPT Restaurant', 'Mandu Heritage Cafe', 'Malwa View Cafe']","['Maheshwar', 'Omkareshwar', 'Indore']",Udaipur,22.33975,75.40545
995999c2-125b-4f1c-b68d-d7401b30401c,palitana,Palitana,Gujarat,Western India,"Discover the serene Jain pilgrimage site of Palitana, nestled in the Shetrunjaya hills of Gujarat, where nature and spirituality converge.","Palitana, a quaint village in the Bhavnagar district of Gujarat, is renowned for its stunning cluster of over 900 Jain temples, intricately carved and perfectly aligned on the slopes of the Shetrunjaya hills. The history of Palitana dates back to the 11th century when it was a major Jain center, attracting pilgrims and devotees from all over the country. The village offers a unique blend of natural beauty, with lush green forests and picturesque valleys, and spiritual significance, as it is considered one of the most sacred Jain sites in India. Visitors can experience the tranquility and serenity of the place, while exploring the impressive architecture, vibrant culture, and rich heritage of the region.","[""The Shetrunjaya Hill, also known as the Shatrunjaya hill, which is home to over 900 Jain temples, including the famous Adinatha Temple and the Chaumukhji Temple"",""The Adishwar Temple, a beautiful example of Jain architecture, dedicated to the first Jain Tirthankara, Lord Rishabhanatha"",""The Kumar Palace, a historic palace built by the ruler of Bhavnagar, featuring a stunning blend of traditional and European architectural styles"",""The Talaja Caves, a group of ancient Buddhist caves, dating back to the 3rd century BCE, offering breathtaking views of the surrounding landscape""]",Village,"['Nature', 'Spiritual', 'Meditation', 'Temple Visit', 'Heritage Walk', 'Photography']",8100,₹8k–₹12k,3,Winter – Spring,"['Winter', 'Spring']",Easy,Quiet,https://upload.wikimedia.org/wikipedia/commons/8/87/Palitana.jpg,"['https://upload.wikimedia.org/wikipedia/commons/8/87/Palitana.jpg', 'https://images.unsplash.com/photo-1464822759023-fed622ff2c3b?auto=format&fit=crop&w=1800&q=80', 'https://images.unsplash.com/photo-1500382017468-9049fed747ef?auto=format&fit=crop&w=1800&q=80', 'https://images.unsplash.com/photo-1470071459604-3b5ec3a7fe05?auto=format&fit=crop&w=1800&q=80', 'https://images.unsplash.com/photo-1507525428034-b723cf961d3e?auto=format&fit=crop&w=1800&q=80']","['Take a scenic trek to the top of the Shetrunjaya Hill to explore the numerous Jain temples and enjoy panoramic views of the surrounding valley', 'Visit the local market in Palitana, known for its traditional handicrafts, colorful textiles, and delicious street food', 'Attend a guided heritage walk to explore the history, culture, and architecture of the region, including the impressive Jain temples and historic palaces', 'Practice meditation and yoga at one of the many serene spots in and around Palitana, offering a perfect blend of nature and spirituality']","['The sunrise point at the top of the Shetrunjaya Hill, offering breathtaking views of the surrounding landscape and the glittering temples', 'The Talaja Caves, with their ancient Buddhist architecture and stunning natural surroundings', 'The Adishwar Temple, with its beautiful carvings and intricate stone work, set against the picturesque backdrop of the Shetrunjaya hills']","['Dal Baati Churma', 'Saurashtra Thali', 'Goan Fish Curry']","['Palitana Kathiyawadi Local Dhaba', 'Palitana Rajasthani Thali House']",[],Lonavala,21.52361,71.82196
99610433-cf8b-40c3-8edd-6278ed40a3e9,mokokchung,Mokokchung,Nagaland,Northeastern India,"Experience the unspoiled beauty of Nagaland's highest district, Mokokchung, a trekker's paradise with breathtaking landscapes and rich Ao Naga heritage.","Mokokchung, situated in the eastern part of Nagaland, is a haven for adventure seekers and nature enthusiasts. The district is home to the Ao Naga tribe, known for their warm hospitality and vibrant culture. With its rolling hills, lush forests, and sparkling streams, Mokokchung offers a unique blend of natural beauty and tribal heritage. The town is surrounded by the Patkai range, providing endless opportunities for trekking, rock climbing, and exploring the great outdoors. Visitors can immerse themselves in the local culture by attending traditional festivals, visiting ancient villages, and sampling the region's exquisite cuisine. The district's rich biodiversity also makes it a haven for birdwatchers, with over 200 species of birds documented in the area.","[""Visit the Ungma Village, one of the largest and most historic Ao Naga villages, known for its traditional architecture and vibrant cultural festivals."",""Explore the Langpangkong Caves, a network of limestone caves with stunning rock formations and ancient fossils."",""Trek to the summit of the Tuli Peak, the highest point in Mokokchung, offering breathtaking views of the surrounding landscape."",""Attend the Moatsu Festival, a traditional Ao Naga festival celebrated with great fervor and enthusiasm, featuring music, dance, and feasting.""]",Trek,"['Nature', 'Adventure', 'Trekking', 'Camping', 'Rock Climbing', 'Bird Watching']",8100,₹8k–₹12k,3,Summer – Spring,"['Summer', 'Spring']",Moderate,Quiet,https://upload.wikimedia.org/wikipedia/commons/2/2d/Mokokchung.jpg,"['https://upload.wikimedia.org/wikipedia/commons/2/2d/Mokokchung.jpg', 'https://images.unsplash.com/photo-1464822759023-fed622ff2c3b?auto=format&fit=crop&w=1800&q=80', 'https://images.unsplash.com/photo-1500382017468-9049fed747ef?auto=format&fit=crop&w=1800&q=80', 'https://images.unsplash.com/photo-1470071459604-3b5ec3a7fe05?auto=format&fit=crop&w=1800&q=80', 'https://images.unsplash.com/photo-1507525428034-b723cf961d3e?auto=format&fit=crop&w=1800&q=80']","['Go rock climbing in the Patkai range, with its unique limestone formations and challenging routes.', 'Take a guided trek to the Doyang River, one of the most pristine and scenic rivers in the region.', 'Engage in birdwatching in the pristine forests of Mokokchung, with species like the Amur falcon, Eurasian eagle-owl, and grey-headed parrotbill.', 'Participate in a traditional Ao Naga camping experience, complete with bonfires, local cuisine, and folk music.']","['The viewpoint at the Tuli Peak, offering panoramic views of the surrounding hills and valleys.', 'The Longkhum Village, with its picturesque landscapes and traditional Ao Naga architecture.', 'The Doyang River, with its crystal-clear waters and stunning rock formations.']","['Smoked Pork with Bamboo Shoot', 'Local Rice Cake', 'Assamese Thali']","['Mokokchung Local Tribal Kitchen', 'Mokokchung The Bamboo Shoot Restaurant']",[],Shillong,26.47959,94.51053
996daa5e-2371-4dac-a097-2303464b546d,khirsu,Khirsu,Uttarakhand,Northern India,"Experience the unspoiled beauty of the Himalayas in Khirsu, a tranquil trekking destination in Uttarakhand","Khirsu is a quaint hill town in Uttarakhand, nestled at an altitude of 2400 meters, offering breathtaking views of the Central Himalayas. The region is replete with lush green forests of oak, deodar, and pine, and is a haven for nature lovers and adventure enthusiasts. With its rolling hills, verdant meadows, and snow-capped peaks, Khirsu provides an ideal setting for trekking, camping, rock climbing, and bird watching. The town has a rich cultural heritage, with ancient temples and traditional villages nearby, providing a glimpse into the region's unique history and customs.","[""Explore the stunning Padiar Naag temple, an ancient shrine dedicated to the snake god"",""Trek to the nearby Dharamkhund Lake, a serene and picturesque spot surrounded by towering mountains"",""Visit the ancient Jhandidhar temple, a revered shrine dedicated to Lord Shiva"",""Witness the breathtaking sunrise and sunset views from the vantage points near the town"",""Discover the unique flora and fauna of the region, including rare species of birds, plants, and trees""]",Trek,"['Nature', 'Adventure', 'Trekking', 'Camping', 'Rock Climbing', 'Bird Watching']",8100,₹8k–₹12k,3,Summer – Spring,"['Summer', 'Spring']",Moderate,Quiet,https://upload.wikimedia.org/wikipedia/commons/thumb/4/4e/Binsar_Mahadev_temple.jpg/3840px-Binsar_Mahadev_temple.jpg,"['https://upload.wikimedia.org/wikipedia/commons/thumb/4/4e/Binsar_Mahadev_temple.jpg/3840px-Binsar_Mahadev_temple.jpg', 'https://images.unsplash.com/photo-1464822759023-fed622ff2c3b?auto=format&fit=crop&w=1800&q=80', 'https://images.unsplash.com/photo-1500382017468-9049fed747ef?auto=format&fit=crop&w=1800&q=80', 'https://images.unsplash.com/photo-1470071459604-3b5ec3a7fe05?auto=format&fit=crop&w=1800&q=80', 'https://images.unsplash.com/photo-1507525428034-b723cf961d3e?auto=format&fit=crop&w=1800&q=80']","['Embark on a guided trek to the nearby villages, such as Almora and Ranikhet, to experience the local culture and traditions', 'Indulge in rock climbing and rappelling at the nearby cliffs and rocks', 'Go bird watching in the surrounding forests, home to over 200 species of birds', 'Set up a camp near the Dharamkhund Lake and spend a night under the stars']","['The vantage point near the Padiar Naag temple, offering panoramic views of the Himalayas', 'The verdant meadows near the Dharamkhund Lake, perfect for capturing the beauty of nature', 'The sunset point near the Jhandidhar temple, providing breathtaking views of the surrounding mountains']","['Siddu', 'Pahadi Madra', 'Local Thali']","['Khirsu Pahadi Rasoi Local Kitchen', 'Khirsu Hilltop Cafe & Bistro']",[],Manali,30.17141,78.86837
9a8bf9bf-dada-4e66-9644-d23b8130d242,lepchajagat,Lepchajagat,West Bengal,Eastern India,Escape to the lush Lepcha hamlets and majestic mountain vistas of West Bengal's hidden gem.,"Nestled in the heart of the Singalila National Park, Lepchajagat is a serene trekking destination that offers breathtaking views of the Himalayas. This quaint hamlet is home to the Lepcha community, a indigenous tribe known for their rich cultural heritage and expertise in traditional crafts and textiles. As you wander through the narrow trails and picturesque villages, you'll uncover the secrets of this hidden haven, where nature's splendor and adventure beckon.","[""Scale the towering Tenzing Rock, named in honor of the legendary mountaineer Tenzing Norgay."",""Explore the vibrant Lepcha Village Museum, showcasing the traditions and customs of the Lepcha community."",""Discover the natural hot springs, said to possess rejuvenating properties, nestled amidst the scenic Singalila hills."",""Witness the majestic Kanchenjunga, the third-highest peak in the world, from the vantage point of the Singalila Ridge.""]",Trek,"['Nature', 'Adventure', 'Trekking', 'Camping', 'Rock Climbing', 'Bird Watching']",8100,₹8k–₹12k,3,Winter – Spring,"['Winter', 'Spring']",Easy,Quiet,https://upload.wikimedia.org/wikipedia/commons/5/50/Sukhiapokhri.jpg,"['https://upload.wikimedia.org/wikipedia/commons/5/50/Sukhiapokhri.jpg', 'https://images.unsplash.com/photo-1464822759023-fed622ff2c3b?auto=format&fit=crop&w=1800&q=80', 'https://images.unsplash.com/photo-1500382017468-9049fed747ef?auto=format&fit=crop&w=1800&q=80', 'https://images.unsplash.com/photo-1470071459604-3b5ec3a7fe05?auto=format&fit=crop&w=1800&q=80', 'https://images.unsplash.com/photo-1507525428034-b723cf961d3e?auto=format&fit=crop&w=1800&q=80']","['Embark on the three-day trek to the stunning Sandakphu summit, offering panoramic views of the Himalayas.', 'Participate in a traditional Lepcha dance performance, learning the intricacies of their unique cultural heritage.', 'Visit the nearby village of Kalapokhri, renowned for its exquisite craftsmanship and artisanal shops.', 'Take a guided bird-watching tour to spot rare species of Himalayan birds, including the majestic Blood Pheasant.']","['Capture the majestic sunrises over the Singalila Ridge, casting a golden glow on the Himalayan peaks.', 'Snap the traditional Lepcha homes, adorned with intricate woodcarvings and vibrant local art.', 'Panoramic views of the verdant Singalila hills and the Tenzing Rock, set against a dramatic blue sky.']","['Local Traditional Thali', 'Spicy Curry']","['Lepchajagat Bengali Spice Junction', 'Lepchajagat Maa Durga Local Hotel']",[],Darjeeling,26.9986,88.1672
9b7b2cc7-f02b-401d-b1b4-c334ddedfb2b,phen-sanctuary,Phen Sanctuary,Madhya Pradesh,Central India,Unveil the hidden gems of Central India's unexplored wilderness at the Phen Sanctuary in Madhya Pradesh,"Nestled in the heart of the Satpura Range, the Phen Sanctuary is a relatively uncharted destination for adventure-seekers and nature enthusiasts. Covering an impressive 217 square kilometers, this protected area is a melting pot of diverse flora and fauna, with a rich tapestry of deciduous forests, scrublands, and meadows. Visitors can embark on invigorating nature walks, guided treks, and thrilling wildlife excursions to discover the sanctuary's unspoiled natural beauty.","[""Observe the majestic Barasingha, a critically endangered species of swamp deer, in their natural habitat"",""Explore the stunning Khurkhanda waterfalls, a breathtaking sight that epitomizes the sanctuary's natural splendor"",""Engage in bird watching activities to spot the elusive Crested Honey Buzzard, a rare sighting in Indian skies"",""Marvel at the intricate rock formations, carved by the relentless force of the Mand River""]",Mountain,"['Wildlife', 'Nature Walks', 'Photography', 'Local Sightseeing', 'Bird Watching']",8100,₹8k–₹12k,3,Winter – Spring,"['Winter', 'Spring']",Easy,Quiet,https://images.unsplash.com/photo-1506461883276-594a12b11db3?q=80&w=1000&auto=format&fit=crop,"['https://images.unsplash.com/photo-1506461883276-594a12b11db3?q=80&w=1000&auto=format&fit=crop', 'https://images.unsplash.com/photo-1464822759023-fed622ff2c3b?auto=format&fit=crop&w=1800&q=80', 'https://images.unsplash.com/photo-1500382017468-9049fed747ef?auto=format&fit=crop&w=1800&q=80', 'https://images.unsplash.com/photo-1470071459604-3b5ec3a7fe05?auto=format&fit=crop&w=1800&q=80', 'https://images.unsplash.com/photo-1507525428034-b723cf961d3e?auto=format&fit=crop&w=1800&q=80']","['Take a guided nature walk to spot exotic bird species like the Orange-breasted Pitta and the White-naped Tit', 'Join a guided camping excursion to experience the thrill of living amidst the wilderness', ""Try your hand at wildlife photography to capture the majestic beauty of the sanctuary's inhabitants"", 'Visit the nearby Balaghat region to experience the rich cultural heritage of the local tribes']","['The scenic viewpoint of the Mand River, where the river flows through the stunning granite formations', 'The sunlit meadows of the sanctuary, dotted with vibrant wildflowers and grazing herbivores', 'The dramatic Khurkhanda waterfalls, where the force of the water creates a misty veil of romance']","['Local Traditional Thali', 'Spicy Curry']","['Phen Sanctuary Bundelkhandi Kitchen', 'Phen Sanctuary Malwa Food Court']",[],Lonavala,22.36389,81.02778
9b8dad51-a3e4-4c30-93b7-57449f831a7b,malana,Malana,Himachal Pradesh,Northern India,"Step into Malana, an ancient, self-governed village nestled in the Himachal Himalayas, where unique customs and pristine nature coexist.","Malana, an ancient village in the Parvati Valley of Himachal Pradesh, India, is renowned for its distinct culture, self-governed democratic system, and its people who consider themselves descendants of Alexander the Great's army. Geographically isolated by the formidable Chandrakhani Pass, the village has maintained a unique social structure and traditional laws governed by the deity Jamlu Devta. The Malanis speak their own language, 'Kanashi', which is unintelligible to outsiders, further preserving their cultural exclusivity. Visitors are expected to adhere to strict rules, particularly regarding touching people or sacred structures, reflecting the Malani belief in their own purity.

The local experience is characterized by observing a community that lives by ancient customs, where traditional wooden homes dot the terraced landscape. The villagers, though shy, are generally welcoming from a respectful distance. The journey to Malana itself is an adventure, involving a trek through dense pine forests and along the roaring Malana Nala, offering breathtaking views of the surrounding Himalayan peaks. This village offers a rare glimpse into an almost untouched culture, making it a compelling destination for those interested in anthropology, nature, and off-beat travel.","[""Experience the unique Malani culture and its ancient democratic system, reportedly one of the world's oldest republics, governed by the deity Jamlu Devta."",""Undertake the challenging yet rewarding trek through pristine forests and along the Malana Nala, offering spectacular views of the Parvati Valley."",""Marvel at the distinctive traditional wooden architecture of the village homes and the exterior of the ancient Jamlu Devta Temple."",""Enjoy breathtaking panoramic views of the towering Himalayan peaks, including the formidable Chandrakhani Pass, from various vantage points around the village."",""Discover diverse flora and fauna, including opportunities for bird watching, along the serene trails surrounding Malana.""]",Village,"['Culture', 'Nature', 'Nature Walks', 'Photography', 'Local Sightseeing', 'Bird Watching']",8100,₹8k–₹12k,3,Summer – Spring,"['Summer', 'Spring']",Moderate,Quiet,https://upload.wikimedia.org/wikipedia/commons/e/e3/Malana_Village_during_sunset.jpg,"['https://upload.wikimedia.org/wikipedia/commons/e/e3/Malana_Village_during_sunset.jpg', 'https://images.unsplash.com/photo-1464822759023-fed622ff2c3b?auto=format&fit=crop&w=1800&q=80', 'https://images.unsplash.com/photo-1500382017468-9049fed747ef?auto=format&fit=crop&w=1800&q=80', 'https://images.unsplash.com/photo-1470071459604-3b5ec3a7fe05?auto=format&fit=crop&w=1800&q=80', 'https://images.unsplash.com/photo-1507525428034-b723cf961d3e?auto=format&fit=crop&w=1800&q=80']","['Observe the fascinating Malani social customs and the unique interaction protocols with outsiders, such as maintaining distance and avoiding physical contact.', 'Trek along the scenic trails, such as the one leading from Jari, immersing in the serene Himalayan landscape and breathing in the fresh mountain air.', ""Capture the rustic charm of Malana's distinctive wooden architecture and the stunning natural vistas through photography (always respecting local sentiments, especially regarding people and sacred sites)."", 'Savor simple local Himachali meals at designated guest houses or cafes situated outside the main village precinct, experiencing the regional flavors.']","['The village entrance offering a sweeping view of the Malana Nala carving through the valley, with distant snow-capped peaks forming a dramatic backdrop.', 'The intricate wooden carvings and multi-tiered slate roofs of traditional Malana houses, especially near the main square, from a respectful distance.', 'Panoramic vistas of the majestic Chandrakhani Pass and the lower Himalayan ranges from various points along the trekking path leading to Malana.']","['Siddu', 'Pahadi Madra', 'Local Thali']","['Malana Pahadi Rasoi Local Kitchen', 'Malana Hilltop Cafe & Bistro']",[],Manali,32.0618,77.26002
9bbe223f-cc7b-4038-a4cc-d91076e8fdd7,anandpur-sahib,Anandpur Sahib,Punjab,Northern India,"Discover the sacred serenity of the Sikh heartland in Anandpur Sahib, Punjab's picturesque mountain town.","Perched on the gentle slopes of the Sivalik Hills, Anandpur Sahib is a tranquil haven steeped in history and spirituality. This sacred Sikh town has been the cradle of Gurbani, the Guru's song, since the 17th century. Anandpur Sahib's breathtaking landscape, dotted with lush forests and rolling hills, is a haven for nature lovers and spiritual seekers alike. The town's rich history, vibrant culture, and stunning natural beauty make it an unforgettable destination for discerning travelers.","[""Gurudwara Sri Kesgarh Sahib, a magnificent gurudwara complex housing the sacred shrine of the Khalsa founded by Guru Gobind Singh, attracts pilgrims and historians alike."",""The historic town's quaint streets are lined with beautifully restored havelis and gurudwaras, offering a glimpse into Anandpur Sahib's rich cultural heritage."",""Keshgarh Sahib Fort, a significant archaeological site, stands as a testament to the region's glorious past and its role in shaping Sikh history."",""Wadala Lake, a serene glacial lake surrounded by lush greenery, is a haven for nature enthusiasts and offers breathtaking views of the surrounding mountains."",""Brahma Nahar, a tranquil river originating from the nearby mountains, flows gently through the town, providing a soothing contrast to its bustling streets.""]",Mountain,"['Nature', 'Nature Walks', 'Photography', 'Local Sightseeing', 'Bird Watching']",8100,₹8k–₹12k,3,Summer – Spring,"['Summer', 'Spring']",Moderate,Quiet,https://upload.wikimedia.org/wikipedia/commons/thumb/9/95/1_Sri_Kesgarh_Takhat_Anandpur_Sahib_Khalsa_birthplace_Punjab_India.jpg/3840px-1_Sri_Kesgarh_Takhat_Anandpur_Sahib_Khalsa_birthplace_Punjab_India.jpg,"['https://upload.wikimedia.org/wikipedia/commons/thumb/9/95/1_Sri_Kesgarh_Takhat_Anandpur_Sahib_Khalsa_birthplace_Punjab_India.jpg/3840px-1_Sri_Kesgarh_Takhat_Anandpur_Sahib_Khalsa_birthplace_Punjab_India.jpg', 'https://images.unsplash.com/photo-1464822759023-fed622ff2c3b?auto=format&fit=crop&w=1800&q=80', 'https://images.unsplash.com/photo-1500382017468-9049fed747ef?auto=format&fit=crop&w=1800&q=80', 'https://images.unsplash.com/photo-1470071459604-3b5ec3a7fe05?auto=format&fit=crop&w=1800&q=80', 'https://images.unsplash.com/photo-1507525428034-b723cf961d3e?auto=format&fit=crop&w=1800&q=80']","['Embark on a nature walk through the picturesque hills and forests, spotting exotic bird species and wildflowers that bloom in vibrant colors.', 'Capture the serene beauty of the landscape through photography, as the gentle light and majestic scenery offer endless opportunities for capturing stunning images.', 'Visit the Anandpur Sahib Heritage Museum to delve into the history and culture of this sacred town, and gain insights into its rich tapestry.', 'Indulge in local cuisine, with traditional Punjabi dishes and sweet treats, and explore the lively bazaars selling colorful handicrafts and local artifacts.']","[""Gurudwara Sri Fatehgarh Sahib's tranquil courtyard, with its intricately designed domes and beautifully landscaped gardens, makes for a perfect photo opportunity."", 'The picturesque Keshgarh Sahib Fort offers a stunning panorama of the surrounding mountains and valleys, particularly during sunrise or sunset.', 'A scenic trek to the nearby Daulatpur Sahib offers breathtaking views of the Sivalik Hills, as the sun casts its golden glow on the landscape.']","['Siddu', 'Pahadi Madra', 'Local Thali']","['Anandpur Sahib Pahadi Rasoi Local Kitchen', 'Anandpur Sahib Hilltop Cafe & Bistro']",[],Manali,31.22999,76.50058
9be07d17-2871-4e52-861b-4495280f685f,sultanpur-national-park,Sultanpur National Park,Haryana,Northern India,"Sultanpur National Park, a serene wetland sanctuary in Haryana, offers a vibrant spectacle of avian life, making it a paradise for birdwatchers and nature photographers.","Nestled near Gurugram in Haryana, Sultanpur National Park is a haven for hundreds of species of migratory and resident birds. Originally identified as a bird paradise by ornithologist Peter Jackson and later championed by Dr. Salim Ali, this wetland was declared a National Park in 1989 and gained Ramsar site status in 2021, signifying its international importance. Its shallow waters and surrounding marshlands create an ideal ecosystem for a diverse array of avian species, especially during the winter months when thousands of migratory birds from Europe, Siberia, and Central Asia flock here.

The park offers a tranquil escape from urban life, with its well-maintained walking trails, observation towers, and hides providing excellent opportunities for close encounters with nature. Beyond birdwatching, the park's rich biodiversity includes various local flora and fauna, making it a valuable site for ecological study and conservation. It serves as a vital wintering ground for several endangered species and a breeding ground for many resident birds, reflecting the delicate balance of its unique wetland habitat.","[""Witness the annual spectacle of thousands of migratory birds, including Siberian Cranes (historically significant), Greater Flamingos, Northern Pintails, and Common Teals, especially from November to February."",""Explore a designated Ramsar site of international importance, recognizing its critical role in global wetland conservation."",""Experience a unique wetland ecosystem thriving amidst the plains of Haryana, providing a stark contrast to the surrounding agricultural landscape."",""Gain an understanding of avian ecology and conservation efforts at the park's Interpretation Centre."",""Enjoy the serene natural environment, perfect for a peaceful day out away from city clamor.""]",Mountain,"['Wildlife', 'Nature Walks', 'Photography', 'Local Sightseeing', 'Bird Watching']",8100,₹8k–₹12k,3,Summer – Spring,"['Summer', 'Spring']",Moderate,Quiet,https://upload.wikimedia.org/wikipedia/commons/5/58/Sultanpur_Bird_Sanctuary%2C_Gurgaon.jpg,"['https://upload.wikimedia.org/wikipedia/commons/5/58/Sultanpur_Bird_Sanctuary%2C_Gurgaon.jpg', 'https://images.unsplash.com/photo-1464822759023-fed622ff2c3b?auto=format&fit=crop&w=1800&q=80', 'https://images.unsplash.com/photo-1500382017468-9049fed747ef?auto=format&fit=crop&w=1800&q=80', 'https://images.unsplash.com/photo-1470071459604-3b5ec3a7fe05?auto=format&fit=crop&w=1800&q=80', 'https://images.unsplash.com/photo-1507525428034-b723cf961d3e?auto=format&fit=crop&w=1800&q=80']","['Engage in birdwatching from the strategically located machans (watchtowers) and hides that offer unobstructed views of the avian activity.', 'Take leisurely nature walks along the well-defined trails encircling Sultanpur Lake, observing both aquatic and terrestrial wildlife.', ""Capture stunning photographs of diverse bird species in their natural habitat, leveraging the park's dedicated photography spots."", 'Participate in guided nature walks or educational programs often organized by the forest department, especially during peak season.']","['The banks of Sultanpur Lake, particularly at dawn or dusk, offering reflections and dynamic bird activity.', 'From atop the main Watch Tower (Machan) near the entrance, providing panoramic views of the entire wetland and distant bird congregations.', 'Along the designated walking trails, where different angles and close-up opportunities for ground-dwelling birds and water birds can be found.']","['Siddu', 'Pahadi Madra', 'Local Thali']","['Sultanpur National Park Pahadi Rasoi Local Kitchen', 'Sultanpur National Park Hilltop Cafe & Bistro']",[],Manali,28.46001,76.88897
9cd1049f-27c7-4e6c-9d20-c3837aab5d4b,dzongu,Dzongu,Sikkim,Northeastern India,"Experience the pristine beauty of the Himalayas in Dzongu, a hidden paradise in North Sikkim","Dzongu, a restricted area until recently, is a pristine and untouched valley nestled in the heart of the Himalayas in North Sikkim. This Lepcha reserve is a treasure trove of natural beauty, with lush green forests, sparkling rivers, and majestic mountains. The valley is home to a wide variety of flora and fauna, including the iconic red panda, and offers breathtaking views of the Kanchenjunga range. With its rich culture and traditional Lepcha way of life, Dzongu is an ideal destination for trekkers, nature lovers, and adventure enthusiasts looking to experience the unspoiled beauty of the Himalayas.","[""Witness the majestic beauty of the Kanchenjunga range from the picturesque village of Passingdang"",""Explore the ancient Lingthem Monastery, a 17th-century monastery that offers stunning views of the surrounding landscape"",""Visit the scenic Tholung Monastery, a 18th-century monastery that is one of the oldest and most sacred in Sikkim"",""Trek to the stunning Muguthang Valley, a hidden gem that offers breathtaking views of the Himalayas"",""Spot the iconic red panda and other rare species of flora and fauna at the Dzongu Lepcha Reserve""]",Trek,"['Nature', 'Adventure', 'Trekking', 'Camping', 'Rock Climbing', 'Bird Watching']",8100,₹8k–₹12k,3,Summer – Spring,"['Summer', 'Spring']",Moderate,Quiet,https://upload.wikimedia.org/wikipedia/commons/thumb/5/5f/Gurudongmar_Lake_Sikkim%2C_India_%28edit%29.jpg/3840px-Gurudongmar_Lake_Sikkim%2C_India_%28edit%29.jpg,"['https://upload.wikimedia.org/wikipedia/commons/thumb/5/5f/Gurudongmar_Lake_Sikkim%2C_India_%28edit%29.jpg/3840px-Gurudongmar_Lake_Sikkim%2C_India_%28edit%29.jpg', 'https://images.unsplash.com/photo-1464822759023-fed622ff2c3b?auto=format&fit=crop&w=1800&q=80', 'https://images.unsplash.com/photo-1500382017468-9049fed747ef?auto=format&fit=crop&w=1800&q=80', 'https://images.unsplash.com/photo-1470071459604-3b5ec3a7fe05?auto=format&fit=crop&w=1800&q=80', 'https://images.unsplash.com/photo-1507525428034-b723cf961d3e?auto=format&fit=crop&w=1800&q=80']","['Trek to the Muguthang Valley, a challenging yet rewarding trek that offers breathtaking views of the Himalayas', 'Go rock climbing at the rugged terrain of the Dzongu valley, with its unique rock formations and stunning scenery', 'Practice bird watching at the Dzongu Lepcha Reserve, home to a wide variety of rare and exotic bird species', 'Participate in a traditional Lepcha homestay, where you can experience the local culture and way of life']","['The picturesque village of Passingdang, with its stunning views of the Kanchenjunga range', 'The scenic Tholung Monastery, perched on a hilltop and offering breathtaking views of the surrounding landscape', 'The rugged terrain of the Dzongu valley, with its unique rock formations and stunning scenery']","['Smoked Pork with Bamboo Shoot', 'Local Rice Cake', 'Assamese Thali']","['Dzongu Local Tribal Kitchen', 'Dzongu The Bamboo Shoot Restaurant']",[],Darjeeling,27.53475,88.4891
9e47a020-c7dc-43de-8a70-fc3e790046b9,karwar-beach,Karwar Beach,Karnataka,Southern India,"Unwind on the pristine shores of Karwar Beach, where the Arabian Sea meets the majestic Western Ghats in Karnataka.","Karwar Beach, situated in the Uttara Kannada district of Karnataka, is a tranquil getaway nestled between the Western Ghats and the Arabian Sea. This picturesque beach town offers a unique blend of natural beauty, rich history, and cultural significance. With its stunning coastline, scenic islands, and historical landmarks, Karwar Beach is an ideal destination for those seeking to escape the chaos of city life and connect with nature. The beach is lined with casuarina trees, and its shoreline is dotted with rocky outcrops, making it a perfect spot for swimming, sunbathing, and leisurely walks.","[""Visit the historic Sadashivgad Fort, which offers breathtaking views of the Arabian Sea and the surrounding landscape"",""Explore the stunning Kurumgad Island, known for its picturesque beaches, crystal-clear waters, and vibrant marine life"",""Take a boat ride to the nearby Anshi National Park, home to a diverse range of flora and fauna"",""Relax on the beautiful Ravindranath Tagore Beach, named after the famous Indian poet who was inspired by the town's natural beauty""]",Beach,"['Nature', 'Beach', 'Swimming', 'Sunbathing', 'Beach Walks', 'Boat Ride']",8100,₹8k–₹12k,3,Winter – Spring,"['Winter', 'Spring']",Easy,Quiet,https://upload.wikimedia.org/wikipedia/commons/2/29/Karwar_Evening.jpg,"['https://upload.wikimedia.org/wikipedia/commons/2/29/Karwar_Evening.jpg', 'https://images.unsplash.com/photo-1464822759023-fed622ff2c3b?auto=format&fit=crop&w=1800&q=80', 'https://images.unsplash.com/photo-1500382017468-9049fed747ef?auto=format&fit=crop&w=1800&q=80', 'https://images.unsplash.com/photo-1470071459604-3b5ec3a7fe05?auto=format&fit=crop&w=1800&q=80', 'https://images.unsplash.com/photo-1507525428034-b723cf961d3e?auto=format&fit=crop&w=1800&q=80']","['Go snorkeling or scuba diving to explore the underwater world of the Arabian Sea', 'Take a sunset cruise to witness the stunning colors of the sky and the sea', 'Try your hand at water sports like kayaking, paddleboarding, or jet-skiing', 'Go on a nature walk to explore the surrounding hills and forests, and spot exotic birds and animals']","['The scenic viewpoint at Sadashivgad Fort, which offers panoramic views of the Arabian Sea and the surrounding landscape', 'The picturesque Ravindranath Tagore Beach, with its stunning rock formations and crystal-clear waters', 'The tranquil Kurumgad Island, with its beautiful beaches, lush green forests, and vibrant marine life']","['Traditional Thali', 'Filter Coffee', 'Local Seafood']","['Karwar Beach Malgudi Filter Coffee & Tiffin', 'Karwar Beach Sree Local Mess']",[],Goa,14.8,74.13
9e9820e2-6255-462d-9953-cc8864f3ff24,kaza,Kaza,Himachal Pradesh,Northern India,"Embark on an enchanting journey to Kaza, the administrative headquarters of Spiti Valley, where the majestic Himalayas unfold their serene beauty.","Nestled in the picturesque valley of Spiti, Kaza boasts a breathtaking landscape, with snow-capped peaks, gurgling streams, and vast expanses of arid desert. Rich in culture and history, Kaza offers a unique blend of Buddhist and tribal traditions, with ancient monasteries and temples standing as a testament to the region's spiritual heritage. As you wander through the charming streets of Kaza, immerse yourself in the warm hospitality of the native people, savor the local cuisine, and marvel at the surreal beauty of the surrounding landscape.","[""Explore the breathtaking beauty of Key Monastery, one of the largest and most sacred Buddhist monasteries in the region."",""Visit the iconic Pin Valley National Park, home to the critically endangered snow leopard and a rich variety of high-altitude flora and fauna."",""Discover the ancient traditions and customs of the Kinnauri and Buddhist people at the Chandertal Lake, a serene and tranquil spot in the heart of the Himalayas."",""Take in the panoramic views of the Spiti Valley from the Kibber Village, a picturesque settlement known for its ancient monastery and stunning landscapes."",""Visit the Kaza Government Museum, which showcases the rich cultural heritage and history of the Spiti region through its artifacts and exhibits.""]",Mountain,"['Nature', 'Nature Walks', 'Photography', 'Local Sightseeing', 'Bird Watching']",8100,₹8k–₹12k,3,Summer – Spring,"['Summer', 'Spring']",Moderate,Quiet,https://upload.wikimedia.org/wikipedia/commons/b/b9/Kaza_-_Losar_Entry_point.jpg,"['https://upload.wikimedia.org/wikipedia/commons/b/b9/Kaza_-_Losar_Entry_point.jpg', 'https://images.unsplash.com/photo-1464822759023-fed622ff2c3b?auto=format&fit=crop&w=1800&q=80', 'https://images.unsplash.com/photo-1500382017468-9049fed747ef?auto=format&fit=crop&w=1800&q=80', 'https://images.unsplash.com/photo-1470071459604-3b5ec3a7fe05?auto=format&fit=crop&w=1800&q=80', 'https://images.unsplash.com/photo-1507525428034-b723cf961d3e?auto=format&fit=crop&w=1800&q=80']","['Embark on a thrilling trek to the Pin Valley National Park, one of the most scenic and biodiverse regions in the Himalayas.', 'Savor the unique and locally-sourced cuisine at one of the many traditional Tibetan restaurants in Kaza, where you can indulge in momos, thukpa, and other Spitian delicacies.', 'Take a leisurely walk along the charming streets of Kaza, admiring the stunning architecture and quaint shops.', 'Engage in a fun and exciting bird-watching tour to the Kaza region, home to over 200 species of migratory and resident birds.']","['Capture the breathtaking beauty of the Chandertal Lake, surrounded by towering mountains and serene landscapes.', 'Take in the grandeur of the Key Monastery from the nearby viewpoint, offering a stunning panoramic view of the surrounding landscape.', 'Photograph the picturesque Kibber Village, with its traditional architecture and stunning scenery.']","['Siddu', 'Pahadi Madra', 'Local Thali']","['Kaza Pahadi Rasoi Local Kitchen', 'Kaza Hilltop Cafe & Bistro']",[],Manali,32.22438,78.07226
9efedcd4-769c-45b6-bb89-41f6891eeb43,loktak-lake,Loktak Lake,Manipur,Northeastern India,India's floating lake of islands and sunsets.,Loktak Lake is famous for its floating islands called phumdis and is one of the most unique landscapes in India. It is also home to the endangered Sangai deer.,"[""Floating phumdi islands"",""Beautiful sunrise and sunset views"",""Rare Sangai deer nearby"",""One of India's most unique ecosystems""]",Valley,"['Nature', 'Photography', 'Peaceful Retreat']",11000,₹9k–₹13k,4,October – March,"['Autumn', 'Winter']",Easy,Untouched,https://res.cloudinary.com/dizqquqfs/image/upload/q_auto/f_auto/v1781877530/loktak4_gypv7k.jpg,"['https://res.cloudinary.com/dizqquqfs/image/upload/q_auto/f_auto/v1781877530/loktak4_gypv7k.jpg', 'https://res.cloudinary.com/dizqquqfs/image/upload/q_auto/f_auto/v1781877527/loktak3_l7kj0i.jpg', 'https://res.cloudinary.com/dizqquqfs/image/upload/q_auto/f_auto/v1781877525/loktak1_pka49n.jpg', 'https://res.cloudinary.com/dizqquqfs/image/upload/q_auto/f_auto/v1781877525/loktak2_c0wevb.jpg']","['Boat ride through floating islands', 'Visit Sendra Viewpoint', 'Bird watching at dawn', 'Explore Keibul Lamjao National Park']","['Floating islands at sunrise', 'Golden hour across Loktak Lake', 'Boats crossing Loktak Lake']","['Eromba', 'Nga Thongba', 'Chamthong', 'Manipuri black rice kheer']","['Lake View Cafe', 'Sendra Restaurant', 'Loktak Tourist Cafe']","['Keibul Lamjao National Park', 'Imphal', 'INA Memorial']",Dal Lake,24.55843,93.81324
9f52e4ab-79e3-4ed6-949d-7ec3c3f36086,hogenakkal-falls,Hogenakkal Falls,Tamil Nadu,Southern India,"Where the river Cauvery plunges into a majestic cascade of blue waters, Hogenakkal Falls beckons adventure seekers and photographers alike.","Located on the Kerala-Tamil Nadu border, Hogenakkal Falls is a breathtaking spectacle of nature that has captivated the imagination of visitors for centuries. The falls, also known as 'Niagara of India', owe their origin to the Cauvery River, which flows from the Western Ghats and cascades down from a height of 50-100 feet over a series of rocky outcrops. The falls are a treat for nature lovers and adventure enthusiasts, with stunning views, serene surroundings, and a host of activities such as boat rides, nature walks, and bird watching.","[""Admire the breathtaking beauty of the Cauvery River as it flows gently before plunging into the Hogenakkal Falls, creating a stunning spectacle of blue waters."",""Take a thrilling boat ride through the rapids or a leisurely boat tour to get up close to the falls, taking in the misty veil that surrounds them."",""Embark on a nature walk through the lush forests surrounding the falls, spotting exotic trees, rare birds, and other wildlife that call this place home."",""Capture the essence of Hogenakkal Falls through your lens, with panoramic views, sunlit waterfalls, and vibrant birdlife offering endless opportunities for photography."",""Explore the local markets and villages surrounding the falls, immersing yourself in the rich culture and traditions of the region.""]",Mountain,"['Nature', 'Nature Walks', 'Photography', 'Local Sightseeing', 'Bird Watching']",8100,₹8k–₹12k,3,Winter – Spring,"['Winter', 'Spring']",Easy,Quiet,https://upload.wikimedia.org/wikipedia/commons/5/52/Hogenakkal_Falls_Close.jpg,"['https://upload.wikimedia.org/wikipedia/commons/5/52/Hogenakkal_Falls_Close.jpg', 'https://images.unsplash.com/photo-1464822759023-fed622ff2c3b?auto=format&fit=crop&w=1800&q=80', 'https://images.unsplash.com/photo-1500382017468-9049fed747ef?auto=format&fit=crop&w=1800&q=80', 'https://images.unsplash.com/photo-1470071459604-3b5ec3a7fe05?auto=format&fit=crop&w=1800&q=80', 'https://images.unsplash.com/photo-1507525428034-b723cf961d3e?auto=format&fit=crop&w=1800&q=80']","['Take a refreshing dip in the natural swimming pool formed by the Cauvery River, offering a rejuvenating experience amidst the serene surroundings.', 'Participate in a guided bird watching tour to spot exotic species such as the Indian Roller, Paradise Flycatcher, and other migratory birds that inhabit the area.', 'Indulge in a relaxing Ayurvedic massage or a rejuvenating spa treatment at one of the many wellness centers in the vicinity, drawing inspiration from the peaceful environment.', 'Embark on a scenic drive or a trek through the surrounding hills and forests, offering breathtaking views of the surrounding landscape and the imposing Hogenakkal Falls.']","['Capture the stunning sunset over the Hogenakkal Falls, as the golden hues of the sky reflect off the misty waters.', 'Shoot the majestic Cauvery River as it meanders through the lush forests, offering a serene and picturesque landscape.', 'Capture the vibrant colors and antics of the local birds that flit through the trees surrounding the falls, creating a whimsical and enchanting atmosphere.']","['Traditional Thali', 'Filter Coffee', 'Local Seafood']","['Hogenakkal Falls Malgudi Filter Coffee & Tiffin', 'Hogenakkal Falls Sree Local Mess']",[],Lonavala,12.11842,77.77586
a15ccdcf-adbe-4053-92dc-c28d331f03fa,chandraketugarh,Chandraketugarh,West Bengal,Eastern India,"Uncover the ancient secrets and untouched beauty of Chandraketugarh, a hidden trekking paradise in West Bengal","Located in the North 24 Parganas district of West Bengal, Chandraketugarh is a historically significant site that dates back to the 3rd century BC. This ancient city, which was once a major urban center of the Gangaridai kingdom, is now a treasure trove of archaeological remains, including a multitude of brick-built structures, water reservoirs, and a rich collection of terracotta artifacts. The site is nestled amidst a lush green landscape, with the Ichamati River flowing nearby, making it an ideal destination for nature lovers and adventure enthusiasts. As visitors trek through the ruins, they can experience the region's diverse flora and fauna, and enjoy a range of outdoor activities, including rock climbing, bird watching, and camping.","[""Explore the ancient city of Chandraketugarh, with its numerous brick-built structures and water reservoirs"",""Discover the rich collection of terracotta artifacts at the site museum"",""Trek to the nearby Ichamati River and enjoy a picnic amidst the lush green surroundings"",""Visit the nearby villages and experience the local culture and cuisine of the region""]",Trek,"['Nature', 'Adventure', 'Trekking', 'Camping', 'Rock Climbing', 'Bird Watching']",8100,₹8k–₹12k,3,Winter – Spring,"['Winter', 'Spring']",Easy,Quiet,https://upload.wikimedia.org/wikipedia/commons/thumb/9/9d/Khana-Mihir_Mound_-_Berachampa_2012-02-24_2346.JPG/3840px-Khana-Mihir_Mound_-_Berachampa_2012-02-24_2346.JPG,"['https://upload.wikimedia.org/wikipedia/commons/thumb/9/9d/Khana-Mihir_Mound_-_Berachampa_2012-02-24_2346.JPG/3840px-Khana-Mihir_Mound_-_Berachampa_2012-02-24_2346.JPG', 'https://images.unsplash.com/photo-1464822759023-fed622ff2c3b?auto=format&fit=crop&w=1800&q=80', 'https://images.unsplash.com/photo-1500382017468-9049fed747ef?auto=format&fit=crop&w=1800&q=80', 'https://images.unsplash.com/photo-1470071459604-3b5ec3a7fe05?auto=format&fit=crop&w=1800&q=80', 'https://images.unsplash.com/photo-1507525428034-b723cf961d3e?auto=format&fit=crop&w=1800&q=80']","['Go trekking through the archaeological site and explore the ancient ruins', 'Try rock climbing on the nearby hills and enjoy the panoramic views of the surrounding landscape', 'Go bird watching and spot a variety of species, including the rare and endangered ones', 'Set up a camp near the Ichamati River and enjoy a night under the stars']","[""The ancient brick-built structures, which offer a glimpse into the region's rich history"", 'The lush green landscape surrounding the archaeological site, with the Ichamati River flowing nearby', 'The nearby hills, which offer panoramic views of the surrounding landscape and are ideal for rock climbing and trekking']","['Local Traditional Thali', 'Spicy Curry']","['Chandraketugarh Bengali Spice Junction', 'Chandraketugarh Maa Durga Local Hotel']",[],Darjeeling,22.69752,88.6884
a1d05acb-982a-475e-8a11-31eb8f07ca84,abbott-mount,Abbott Mount,Uttarakhand,Northern India,"A historic, mystical hill station frozen in the British era.","Abbott Mount is a quiet, low-profile hill station located in the Champawat district of Uttarakhand. Established in the early 20th century by John Harold Abbott, a British businessman, this destination features a collection of around 13 old colonial-style cottages spread across a pine-forested ridge. It is famous for its panoramic views of the eastern Himalayas, a historic cricket ground, and local lore about haunted locations, notably the old hospital.","[""Historic early 20th-century British colonial cottages"",""Stunning panoramic vistas of the snow-capped Himalayan range"",""The iconic Abbott Mount Cricket Ground, one of the highest in the world"",""A serene heritage church built in 1942 surrounded by pine trees""]",Trek,"['Nature', 'Culture', 'Peaceful Retreat']",8100,₹8k–₹12k,3,March to June & September to November,"['Summer', 'Spring']",Moderate,Quiet,https://images.unsplash.com/photo-1506461883276-594a12b11db3?q=80&w=1000&auto=format&fit=crop,"['https://images.unsplash.com/photo-1506461883276-594a12b11db3?q=80&w=1000&auto=format&fit=crop', 'https://images.unsplash.com/photo-1464822759023-fed622ff2c3b?auto=format&fit=crop&w=1800&q=80', 'https://images.unsplash.com/photo-1500382017468-9049fed747ef?auto=format&fit=crop&w=1800&q=80', 'https://images.unsplash.com/photo-1470071459604-3b5ec3a7fe05?auto=format&fit=crop&w=1800&q=80', 'https://images.unsplash.com/photo-1507525428034-b723cf961d3e?auto=format&fit=crop&w=1800&q=80']","['Exploring British-era cottages and historic ruins', 'Nature trekking through pine and deodar forests', 'Bird watching and landscape photography', 'Exploring local legends and heritage walks']","['Abbott Mount Heritage Church', 'Historic Cricket Ground ridge', 'Himalayan peaks silhouette at sunset']","['Siddu', 'Pahadi Madra', 'Local Thali']","['Abbott Mount Pahadi Rasoi Local Kitchen', 'Abbott Mount Hilltop Cafe & Bistro']",[],Manali,29.4217,80.1264
a247c89e-d50e-4026-9e50-f7da55ce548f,kalpa,Kalpa,Himachal Pradesh,Northern India,"Witness the majestic Kinner Kailash peaks from Kalpa, a serene Himalayan village famed for its apple orchards and breathtaking vistas.","Perched at an elevation of approximately 2,960 meters (9,711 ft) in the Kinnaur district of Himachal Pradesh, Kalpa is a picturesque village renowned for its panoramic views of the Kinner Kailash range, a sacred winter abode of Lord Shiva. Historically part of the ancient Kinnaur kingdom, the region boasts a unique cultural fusion of Hinduism and Buddhism, evident in its traditional architecture, local deities, and festivals. Life in Kalpa revolves around its famed apple orchards, terraced fields, and traditional wooden houses.

The local Kinnauri people are known for their warm hospitality, distinctive attire, and a rich tapestry of festivals like Fulaich (festival of flowers) that reflect their deep connection to nature and spirituality. Visitors experience an authentic glimpse into high-altitude Himalayan village life, characterized by its tranquil pace, stunning natural beauty, and a tangible sense of ancient traditions preserved amidst the modern world.","[""To witness the iconic Kinner Kailash range at sunrise and sunset, a truly spiritual and visually spectacular experience."",""To explore the expansive apple and apricot orchards that define the landscape, especially during blooming or harvesting season."",""To experience the thrill and panoramic vistas from Suicide Point, a dramatic cliff on the old Hindustan Tibet road offering breathtaking views of the Sutlej River gorge."",""To immerse in the unique cultural blend of Hinduism and Buddhism at the ancient Hu-Bu-Lan-Kar Monastery."",""To wander through the quaint, traditional Kinnauri village of Roghi, often referred to as 'The Point of the Mountains' for its stunning views.""]",Mountain,"['Nature', 'Nature Walks', 'Photography', 'Local Sightseeing', 'Bird Watching']",8100,₹8k–₹12k,3,Summer – Spring,"['Summer', 'Spring']",Moderate,Quiet,https://upload.wikimedia.org/wikipedia/commons/0/08/Kalpa_%288512894537%29.jpg,"['https://upload.wikimedia.org/wikipedia/commons/0/08/Kalpa_%288512894537%29.jpg', 'https://images.unsplash.com/photo-1464822759023-fed622ff2c3b?auto=format&fit=crop&w=1800&q=80', 'https://images.unsplash.com/photo-1500382017468-9049fed747ef?auto=format&fit=crop&w=1800&q=80', 'https://images.unsplash.com/photo-1470071459604-3b5ec3a7fe05?auto=format&fit=crop&w=1800&q=80', 'https://images.unsplash.com/photo-1507525428034-b723cf961d3e?auto=format&fit=crop&w=1800&q=80']","['Take a guided nature walk or hike through the deodar and pine forests surrounding Kalpa, enjoying bird watching for Himalayan species.', 'Visit an active apple or apricot orchard and learn about local cultivation practices directly from farmers.', 'Explore the intricately carved wooden architecture of the Narayan-Nagani Temple complex, showcasing traditional Kinnauri craftsmanship.', ""Participate in a local cooking class to learn how to prepare authentic Kinnauri dishes like 'chilli poori' or 'aloo tikki'.""]","['The viewpoint near Hotel Kinner Kailash, offering unobstructed, postcard-perfect views of the Kinner Kailash range.', 'Suicide Point, for dramatic cliffs, hairpin bends, and sweeping vistas of the Sutlej valley.', 'Roghi Village, capturing traditional Kinnauri wooden houses set against the stunning backdrop of snow-capped peaks and terraced fields.']","['Siddu', 'Pahadi Madra', 'Local Thali']","['Kalpa Pahadi Rasoi Local Kitchen', 'Kalpa Hilltop Cafe & Bistro']",[],Manali,31.57779,78.22861
a26a20de-819d-4704-8179-ef5933793c17,keylong,Keylong,Himachal Pradesh,Northern India,"Experience the majestic grandeur of the Himalayas in Keylong, a serene haven nestled in the midst of breathtaking mountain scenery.","Perched at an altitude of 3,080 meters, Keylong is a charming hill station in the Lahaul Valley of Himachal Pradesh. This enchanting mountain hamlet boasts an abundance of natural beauty, rich cultural heritage, and fascinating geographical landmarks that make it a must-visit destination. Surrounded by majestic mountain peaks, verdant valleys, and serene rivers, Keylong is a nature lover's paradise. Whether you're here to unwind in the serene atmosphere, engage in adventure activities, or absorb the local culture, this enchanting destination has something for everyone.","[""Explore the ancient Guna Nagini Temple, a 14th-century Buddhist monastery perched on a hill overlooking the valley."",""Witness the majestic grandeur of the Himalayas at the scenic Tabo Hot Springs, a perfect spot to relax and rejuvenate amidst the breathtaking mountain scenery."",""Marvel at the breathtaking landscapes and serene lake of Chandra Taal Lake, a picturesque alpine lake nestled in the heart of the valley."",""Visit the mesmerizing Kardang Monastery, one of the oldest monasteries in the region, adorned with intricate frescoes and a rich cultural heritage."",""Embark on a thrilling trek to the picturesque village of Jispa, nestled amidst breathtaking mountain scenery and offering breathtaking views of the valley.""]",Mountain,"['Nature', 'Nature Walks', 'Photography', 'Local Sightseeing', 'Bird Watching']",8100,₹8k–₹12k,3,Summer – Spring,"['Summer', 'Spring']",Moderate,Quiet,https://upload.wikimedia.org/wikipedia/commons/thumb/0/0a/Kardhang_Biling_Bhaga_Dhauladhar_Oct22_A7C_04645.jpg/3840px-Kardhang_Biling_Bhaga_Dhauladhar_Oct22_A7C_04645.jpg,"['https://upload.wikimedia.org/wikipedia/commons/thumb/0/0a/Kardhang_Biling_Bhaga_Dhauladhar_Oct22_A7C_04645.jpg/3840px-Kardhang_Biling_Bhaga_Dhauladhar_Oct22_A7C_04645.jpg', 'https://images.unsplash.com/photo-1464822759023-fed622ff2c3b?auto=format&fit=crop&w=1800&q=80', 'https://images.unsplash.com/photo-1500382017468-9049fed747ef?auto=format&fit=crop&w=1800&q=80', 'https://images.unsplash.com/photo-1470071459604-3b5ec3a7fe05?auto=format&fit=crop&w=1800&q=80', 'https://images.unsplash.com/photo-1507525428034-b723cf961d3e?auto=format&fit=crop&w=1800&q=80']","['Experience the thrill of a white-water rafting adventure on the Chandra River, an unforgettable experience amidst breathtaking mountain scenery.', 'Embark on a scenic hike through the beautiful valleys and meadows of the Great Himalayan National Park.', 'Attend a mesmerizing cultural performance at the local monastery, where traditional Tibetan music and dance will transport you to a world of ancient traditions and mystique.', 'Take a scenic drive along the picturesque Manali-Keylong Road, offering breathtaking views of the valley and its majestic mountain peaks.']","['Capture the breathtaking sunrise over the Himalayas at the scenic viewpoint of the Keylong Bridge, where the river Chandra flows below.', 'Frame the majestic grandeur of the Himalayas at the Tabo Hot Springs, with the snow-capped peaks towering above in the backdrop.', 'Snap the serene beauty of the Chandra Taal Lake, reflecting the majestic beauty of the surrounding mountains in its tranquil waters.']","['Siddu', 'Pahadi Madra', 'Local Thali']","['Keylong Pahadi Rasoi Local Kitchen', 'Keylong Hilltop Cafe & Bistro']",[],Manali,32.57134,77.03452
a3b8f617-3d29-417a-b10b-f4003ce24424,harsil,Harsil,Uttarakhand,Northern India,"Discover the serene Himalayan abode of Harsil, where spiritual tranquility meets pristine nature amidst apple orchards and ancient traditions.","Nestled in the stunning Garhwal Himalayas on the banks of the sacred Bhagirathi River, Harsil is a picturesque village renowned for its unparalleled natural beauty and spiritual serenity. Historically, Harsil gained prominence through Frederick Wilson, a British adventurer who settled here in the mid-19th century, introducing apple cultivation and establishing a legacy that includes the charming Wilson Cottage. The village serves as the winter retreat for the idol of Goddess Ganga from Gangotri, making it a significant pilgrimage stop. Life in Harsil moves at a gentle pace, offering visitors a glimpse into traditional Garhwali culture, with its distinctive wooden houses, terraced fields, and warm, welcoming locals. Surrounded by dense deodar forests and majestic snow-capped peaks, Harsil embodies an untouched Himalayan charm, perfect for introspection and reconnecting with nature.","[""Mukhba Village: Explore the traditional Garhwali village that serves as the winter abode for the idol of Goddess Ganga, featuring ancient temples and distinct architecture."",""Wilson Cottage: Visit the historic wooden bungalow built by Frederick Wilson, offering insights into his fascinating life and Harsil's colonial past."",""Sattal: Trek to a cluster of seven pristine interconnected lakes, a haven for nature lovers and birdwatchers amidst dense forests."",""Dharali: Experience the natural hot water springs at this quaint village, known for its therapeutic properties and scenic riverside location."",""Apple Orchards: Wander through the extensive apple orchards, especially vibrant during harvest season, for a taste of local produce and picturesque scenery.""]",Village,"['Nature', 'Spiritual', 'Meditation', 'Temple Visit', 'Heritage Walk', 'Photography']",8100,₹8k–₹12k,3,Summer – Spring,"['Summer', 'Spring']",Moderate,Quiet,https://images.unsplash.com/photo-1506461883276-594a12b11db3?q=80&w=1000&auto=format&fit=crop,"['https://images.unsplash.com/photo-1506461883276-594a12b11db3?q=80&w=1000&auto=format&fit=crop', 'https://images.unsplash.com/photo-1464822759023-fed622ff2c3b?auto=format&fit=crop&w=1800&q=80', 'https://images.unsplash.com/photo-1500382017468-9049fed747ef?auto=format&fit=crop&w=1800&q=80', 'https://images.unsplash.com/photo-1470071459604-3b5ec3a7fe05?auto=format&fit=crop&w=1800&q=80', 'https://images.unsplash.com/photo-1507525428034-b723cf961d3e?auto=format&fit=crop&w=1800&q=80']","['Meditate by the Bhagirathi River: Find peace and spiritual solace on the tranquil banks of the sacred Bhagirathi, surrounded by breathtaking mountain vistas.', 'Heritage Walk through Mukhba: Stroll through the narrow lanes of Mukhba village, observing traditional Garhwali wooden houses and ancient temples.', 'Trekking to Sattal Lakes: Embark on a scenic trek through deodar forests to reach the mystical Sattal, enjoying panoramic views and serene natural beauty.', 'Photography of Himalayan Landscapes: Capture the dramatic confluence of the Bhagirathi River and majestic peaks, the village life, and the vibrant apple orchards.']","['Bhagirathi River banks near the Harsil bridge: Capture the vibrant blue river flowing against the backdrop of towering snow-clad peaks and dense deodar forests.', 'Apple orchards with village backdrop: Frame the traditional wooden houses and Himalayan peaks through the lush apple trees, especially during blossom or harvest.', 'Mukhba Village viewpoint: Photograph the unique Garhwali architecture and ancient temples of Mukhba nestled in the valley, with the Bhagirathi and mountains beyond.']","['Siddu', 'Pahadi Madra', 'Local Thali']","['Harsil Pahadi Rasoi Local Kitchen', 'Harsil Hilltop Cafe & Bistro']",[],Manali,31.03691,78.75065
a45e7bad-e500-4e53-913f-5e7f2733d685,temi-tea-garden,Temi Tea Garden,Sikkim,Northeastern India,Sikkim's sole organic tea estate overlooking the majestic Kanchenjunga.,"Established in 1969 by the last King of Sikkim, Temi Tea Garden is the only tea estate in the state of Sikkim. Spanning across gentle mountain slopes in Namchi district, this organic tea garden is world-renowned for its premium, aromatic black tea. The garden is lined with beautiful cherry blossom trees that bloom in winter, and offers breathtaking views of Mount Kanchenjunga and the surrounding valleys.","[""Sikkim's only tea estate producing world-class organic tea"",""Panoramic views of the snow-clad Kanchenjunga range"",""Vibrant pink cherry blossoms lining the estate in November"",""Charming colonial-style tea bungalows and estate walks""]",Trek,"['Nature', 'Trekking', 'Peaceful Retreat']",8100,₹8k–₹12k,3,March to May & October to November,"['Summer', 'Spring']",Moderate,Quiet,https://upload.wikimedia.org/wikipedia/commons/thumb/f/fb/Cherry_Resort_inside_Temi_Tea_Garden%2C_Namchi%2C_Sikkim.jpg/3840px-Cherry_Resort_inside_Temi_Tea_Garden%2C_Namchi%2C_Sikkim.jpg,"['https://upload.wikimedia.org/wikipedia/commons/thumb/f/fb/Cherry_Resort_inside_Temi_Tea_Garden%2C_Namchi%2C_Sikkim.jpg/3840px-Cherry_Resort_inside_Temi_Tea_Garden%2C_Namchi%2C_Sikkim.jpg', 'https://images.unsplash.com/photo-1464822759023-fed622ff2c3b?auto=format&fit=crop&w=1800&q=80', 'https://images.unsplash.com/photo-1500382017468-9049fed747ef?auto=format&fit=crop&w=1800&q=80', 'https://images.unsplash.com/photo-1470071459604-3b5ec3a7fe05?auto=format&fit=crop&w=1800&q=80', 'https://images.unsplash.com/photo-1507525428034-b723cf961d3e?auto=format&fit=crop&w=1800&q=80']","['Guided tea tasting sessions and factory tours', 'Strolling through the tea gardens and clicking photos in traditional attire', 'Adventure activities like paragliding and zip-lining over the tea slopes', 'Trekking to nearby Rabangla and Namchi attractions']","['Tea slopes with Kanchenjunga in the background', 'Cherry blossom trees in full bloom during November', 'Traditional tea pluckers in the fields']","['Smoked Pork with Bamboo Shoot', 'Local Rice Cake', 'Assamese Thali']","['Temi Tea Garden Local Tribal Kitchen', 'Temi Tea Garden The Bamboo Shoot Restaurant']",[],Darjeeling,27.2343,88.4239
a464e278-30f8-4b42-81ff-731e47ccd50e,ashtamudi-lake,Ashtamudi Lake,Kerala,Southern India,"Explore the tranquil backwaters of Kerala's Ashtamudi Lake, a haven of serenity and natural beauty.","Ashtamudi Lake, nestled in the heart of Kollam district in Kerala, is a picturesque and serene expanse of water that showcases the state's stunning natural beauty. Measuring approximately 15 km in width and 16 km in length, this expansive wetland is a network of lakes, canals, and rivers that form a mesmerizing tapestry of water and land. The region is famous for its traditional houseboat cruises, which offer a tranquil and rejuvenating experience amidst the tranquil backwaters, allowing visitors to unwind and soak in the serene ambiance of this enchanting destination.","[""Experience the thrill of a leisurely houseboat cruise, drifting through the calm waters and picturesque villages of Ashtamudi Lake."",""Visit the iconic Thangasseri Lighthouse, a 43-meter high tower that offers breathtaking views of the surrounding landscape."",""Explore the charming town of Quilon, a historic trading center with stunning beaches and cultural attractions."",""Go island hopping at the picturesque Ashtamudi Kollam islands, which offer stunning views of the surrounding waters and a glimpse into traditional island life."",""Take a dip in the soothing waters of Kollam Beach, a pristine stretch of sand that offers a relaxing escape from the crowds.""]",Beach,"['Nature', 'Beach', 'Swimming', 'Sunbathing', 'Beach Walks', 'Boat Ride']",8100,₹8k–₹12k,3,Winter – Spring,"['Winter', 'Spring']",Easy,Quiet,https://upload.wikimedia.org/wikipedia/commons/e/ee/House_Boat_DSW.jpg,"['https://upload.wikimedia.org/wikipedia/commons/e/ee/House_Boat_DSW.jpg', 'https://images.unsplash.com/photo-1464822759023-fed622ff2c3b?auto=format&fit=crop&w=1800&q=80', 'https://images.unsplash.com/photo-1500382017468-9049fed747ef?auto=format&fit=crop&w=1800&q=80', 'https://images.unsplash.com/photo-1470071459604-3b5ec3a7fe05?auto=format&fit=crop&w=1800&q=80', 'https://images.unsplash.com/photo-1507525428034-b723cf961d3e?auto=format&fit=crop&w=1800&q=80']","['Embark on a traditional backwater cruise, navigating through the tranquil waters and picturesque villages of Ashtamudi Lake.', 'Take a stroll along the scenic banks of Ashtamudi Lake, offering breathtaking views of the surrounding landscape.', 'Visit the local fishing villages, where you can learn about the traditional fishing methods and buy local seafood.', 'Participate in a local cooking class, where you can learn the secrets of Keralan cuisine and sample authentic dishes.']","['Capturing the stunning sunset over Ashtamudi Lake, reflected in the calm waters.', 'Photographing the picturesque fishing villages, with their traditional huts and colorful boats.', 'Taking a panoramic shot of the surrounding landscape from the top of Thangasseri Lighthouse.']","['Traditional Thali', 'Filter Coffee', 'Local Seafood']","['Ashtamudi Lake Malgudi Filter Coffee & Tiffin', 'Ashtamudi Lake Sree Local Mess']",[],Goa,8.94782,76.57028
a6a564a7-f1f3-4a6f-8e6a-ea3a060ad47d,borong-village,Borong Village,Sikkim,Northeastern India,"Experience the serene beauty of the Himalayas in Borong Village, a trekker's paradise nestled in the South Sikkim district","Borong Village, situated in the South Sikkim district, is a picturesque village surrounded by lush green forests and majestic mountains. The village is located near the Maenam Wildlife Sanctuary, which is home to a variety of flora and fauna, including the red panda and the Himalayan black bear. With its stunning natural beauty, rich cultural heritage, and exciting adventure activities, Borong Village is an ideal destination for trekking, camping, rock climbing, and bird watching. The village is also famous for its hot springs, which are believed to have medicinal properties. Visitors can experience the local Lepcha culture, try traditional cuisine, and enjoy the warm hospitality of the villagers.","[""Explore the Maenam Wildlife Sanctuary, home to a variety of flora and fauna"",""Trek to the Maenam Hill, the highest point in South Sikkim, offering breathtaking views of the Himalayas"",""Visit the Borong Hot Springs, believed to have medicinal properties"",""Experience the local Lepcha culture and try traditional cuisine at the village"",""Discover the unique flora and fauna of the Himalayas at the Phamrong Waterfall""]",Trek,"['Nature', 'Adventure', 'Trekking', 'Camping', 'Rock Climbing', 'Bird Watching']",8100,₹8k–₹12k,3,Summer – Spring,"['Summer', 'Spring']",Moderate,Quiet,https://upload.wikimedia.org/wikipedia/commons/thumb/a/a2/Ravangla_Town.jpg/3840px-Ravangla_Town.jpg,"['https://upload.wikimedia.org/wikipedia/commons/thumb/a/a2/Ravangla_Town.jpg/3840px-Ravangla_Town.jpg', 'https://images.unsplash.com/photo-1464822759023-fed622ff2c3b?auto=format&fit=crop&w=1800&q=80', 'https://images.unsplash.com/photo-1500382017468-9049fed747ef?auto=format&fit=crop&w=1800&q=80', 'https://images.unsplash.com/photo-1470071459604-3b5ec3a7fe05?auto=format&fit=crop&w=1800&q=80', 'https://images.unsplash.com/photo-1507525428034-b723cf961d3e?auto=format&fit=crop&w=1800&q=80']","['Trek to the nearby villages, such as Dalapchand and Rabangla', 'Go rock climbing at the rugged terrain of the Maenam Hill', 'Bird watching at the Maenam Wildlife Sanctuary', 'Camping at the scenic campsites near the Borong Hot Springs']","['The scenic view of the Himalayas from the top of the Maenam Hill', 'The picturesque Borong Hot Springs surrounded by lush green forests', 'The stunning Phamrong Waterfall, surrounded by unique flora and fauna']","['Smoked Pork with Bamboo Shoot', 'Local Rice Cake', 'Assamese Thali']","['Borong Village Local Tribal Kitchen', 'Borong Village The Bamboo Shoot Restaurant']",[],Darjeeling,27.2925,88.35944
a6a7a0ea-cff5-4146-8c1c-40ab241be104,nelliyampathy,Nelliyampathy,Kerala,Southern India,"Escape to the rolling hills and lush forests of the Western Ghats in Kerala's tranquil gem, Nelliyampathy.","Nestled in the Palakkad district of Kerala, Nelliyampathy is a hill station that boasts breathtaking vistas, picturesque villages, and a treasure trove of flora and fauna. Its scenic beauty is largely due to its unique geography, with dense forests of bamboo, eucalyptus, and shola grasslands that are home to the majestic Nilgiri tahr. The tranquil ambiance and rich biodiversity of Nelliyampathy make it an ideal destination for trekking and camping enthusiasts. With its serene atmosphere, Nelliyampathy offers the perfect retreat for those seeking adventure amidst nature's grandeur.","[""The scenic Meenmutty Waterfalls, a 3-tiered marvel situated amidst lush green forests that makes for an exhilarating visit especially after rainfall and trekking trails."",""Nenmara Palace, a majestic 19th-century palace that hosts cultural events and provides a glimpse into Kerala's rich history."",""The dense forests and grasslands, home to rare species of birds, orchids, and wildflowers which adds to its appeal as a nature and bird-watching paradise."",""The Nilgiri Tahr sightings in the Shola Grasslands offer a rare chance to spot this majestic mountain goat in its natural habitat, a treat for wildlife enthusiasts."",""The tranquil village of Kethaneshwara, nestled amidst rolling hills, offering a glimpse into traditional rural Kerala and offering breathtaking sunsets.""]",Trek,"['Nature', 'Adventure', 'Trekking', 'Camping', 'Rock Climbing', 'Bird Watching']",8100,₹8k–₹12k,3,Winter – Spring,"['Winter', 'Spring']",Easy,Quiet,https://upload.wikimedia.org/wikipedia/commons/thumb/1/14/The_Western_Ghats003.jpg/3840px-The_Western_Ghats003.jpg,"['https://upload.wikimedia.org/wikipedia/commons/thumb/1/14/The_Western_Ghats003.jpg/3840px-The_Western_Ghats003.jpg', 'https://images.unsplash.com/photo-1464822759023-fed622ff2c3b?auto=format&fit=crop&w=1800&q=80', 'https://images.unsplash.com/photo-1500382017468-9049fed747ef?auto=format&fit=crop&w=1800&q=80', 'https://images.unsplash.com/photo-1470071459604-3b5ec3a7fe05?auto=format&fit=crop&w=1800&q=80', 'https://images.unsplash.com/photo-1507525428034-b723cf961d3e?auto=format&fit=crop&w=1800&q=80']","['Embark on a thrilling trek to the top of the Shola Plateau, offering panoramic views of the surrounding hills and grasslands.', ""Set up camp at the designated campsite, surrounded by nature's splendor and wake up to a serene hilltop experience."", 'Go bird watching in the early morning, spotting species like the Nilgiri Flowerpecker, Nilgiri Pipit, and the Emerald Dove in their natural habitat.', 'Experience the traditional rural culture of Kerala by visiting the local temples, churches, and participating in folk dances and events.']","[""The summit of the Shola Plateau, offering breathtaking 360-degree views of Nelliyampathy's rolling hills and valleys."", 'The tranquil village of Kethaneshwara, with its rolling hills and scenic valleys, perfect for scenic vistas and rural life shots.', 'The dense forests of Nelliyampathy, particularly after rainfall, creating a surreal landscape perfect for photography.']","['Traditional Thali', 'Filter Coffee', 'Local Seafood']","['Nelliyampathy Malgudi Filter Coffee & Tiffin', 'Nelliyampathy Sree Local Mess']",[],Lonavala,10.53493,76.69327
a6c6540e-b837-4d59-811b-5084634077df,kadam-dam,Kadam Dam,Telangana,Southern India,A beautiful river confluence and engineering marvel in Adilabad.,"Kadam Dam, also known as the Kadam Narayana Reddy Project, is a major dam located in the Adilabad/Nirmal district of Telangana. Constructed across the Kadam River, a tributary of the Godavari, at the point of their confluence, the dam is a key irrigation project. The reservoir is surrounded by lush green hills, manicured parks, and offering boating facilities, making it a popular weekend getaway.","[""The scenic confluence of Kadam River and Godavari River"",""Beautiful green hills and landscapes surrounding the reservoir"",""A large park at the base of the dam with play areas and seating"",""Impressive views of the water release through the dam gates during monsoon""]",Mountain,"['Nature', 'Local Sightseeing', 'Peaceful Retreat']",8100,₹8k–₹12k,3,July to October,"['Winter', 'Spring']",Easy,Quiet,https://upload.wikimedia.org/wikipedia/commons/c/c9/NagarjunaSagarDam.JPG,"['https://upload.wikimedia.org/wikipedia/commons/c/c9/NagarjunaSagarDam.JPG', 'https://images.unsplash.com/photo-1464822759023-fed622ff2c3b?auto=format&fit=crop&w=1800&q=80', 'https://images.unsplash.com/photo-1500382017468-9049fed747ef?auto=format&fit=crop&w=1800&q=80', 'https://images.unsplash.com/photo-1470071459604-3b5ec3a7fe05?auto=format&fit=crop&w=1800&q=80', 'https://images.unsplash.com/photo-1507525428034-b723cf961d3e?auto=format&fit=crop&w=1800&q=80']","['Boating on the calm waters of Kadam Reservoir', 'Picnicking in the landscaped parks next to the dam', 'Exploring the nearby Kawal Wildlife Sanctuary', 'Watching spectacular sunrises over the reservoir']","['Water rushing through the open flood gates of the dam', 'Sunset reflections across the vast Kadam reservoir', 'The manicured gardens and walk paths at the dam base']","['Traditional Thali', 'Filter Coffee', 'Local Seafood']","['Kadam Dam Malgudi Filter Coffee & Tiffin', 'Kadam Dam Sree Local Mess']",[],Lonavala,19.1084,78.7844
a71d00ec-6018-42ff-9317-374d973da6df,tezpur,Tezpur,Assam,Northeastern India,"Experience the serene beauty of Tezpur, nestled in the foothills of the Eastern Himalayas in Assam, where nature, history, and culture blend in perfect harmony.","Tezpur's charm is further accentuated by its vibrant local markets, where one can find an array of local handicrafts, textiles, and authentic Assamese cuisine. The town's unique blend of natural beauty, historical significance, and cultural richness makes it a must-visit destination for anyone looking to explore the authentic essence of Assam.","[""Agnigarh Hill, which offers panoramic views of the Brahmaputra River and is steeped in mythological significance"",""The Bamuni Hills, known for their ancient ruins and artifacts dating back to the 9th and 10th centuries"",""The Mahabhairab Temple, a significant Shiva temple that reflects the architectural style of the region"",""The Chitralekha Udyan, a beautiful park that houses several archaeological relics and offers a serene environment"",""The Kolia Bhomora Setu, a significant bridge over the Brahmaputra that connects Tezpur to the northern banks of the river""]",Mountain,"['Nature', 'Nature Walks', 'Photography', 'Local Sightseeing', 'Bird Watching']",8100,₹8k–₹12k,3,Summer – Spring,"['Summer', 'Spring']",Moderate,Quiet,https://upload.wikimedia.org/wikipedia/commons/8/80/Agnigarh_Hill%2C_Tezpur.JPG,"['https://upload.wikimedia.org/wikipedia/commons/8/80/Agnigarh_Hill%2C_Tezpur.JPG', 'https://images.unsplash.com/photo-1464822759023-fed622ff2c3b?auto=format&fit=crop&w=1800&q=80', 'https://images.unsplash.com/photo-1500382017468-9049fed747ef?auto=format&fit=crop&w=1800&q=80', 'https://images.unsplash.com/photo-1470071459604-3b5ec3a7fe05?auto=format&fit=crop&w=1800&q=80', 'https://images.unsplash.com/photo-1507525428034-b723cf961d3e?auto=format&fit=crop&w=1800&q=80']","['Take a boat ride on the Brahmaputra River to enjoy its vast expanse and observe riverine life', 'Explore the Tezpur University campus, known for its greenery and architectural beauty', 'Go bird watching in the forests and wetlands around Tezpur to spot various species of birds', 'Trek to the nearby hills and forests to experience the natural beauty of the region up close']","['The banks of the Brahmaputra during dawn or dusk for a mesmerizing view of the river', 'The top of Agnigarh Hill for a panoramic view of Tezpur and the surrounding landscape', 'The grounds of the Mahabhairab Temple, with its ancient architecture and serene surroundings']","['Smoked Pork with Bamboo Shoot', 'Local Rice Cake', 'Assamese Thali']","['Tezpur Local Tribal Kitchen', 'Tezpur The Bamboo Shoot Restaurant']",[],Shillong,26.62299,92.79761
a7304690-ee96-49ce-8baa-fe2f8ea860d0,kapurthala,Kapurthala,Punjab,Northern India,"Kapurthala, the ""Paris of Punjab,"" enthralls with its regal Indo-French architecture and serene wetlands, a historical gem in the heart of Punjab.","Kapurthala, affectionately known as the ""Paris of Punjab,"" is a city steeped in a rich princely past, primarily shaped by Maharaja Jagatjit Singh, whose European travels inspired its distinctive Indo-French and Moorish architectural masterpieces. Nestled in the fertile Doaba region of Punjab, the city's geographical setting is characterized by its relatively flat plains, yet it boasts the significant Kanjli Wetland, a vital ecological zone. The local experience is one of stepping back in time, exploring opulent palaces, serene gardens, and experiencing the warm hospitality of Punjabi culture, offering a unique blend of historical grandeur and tranquil natural beauty.","[""Marvel at the architectural splendor of Jagatjit Palace, a magnificent replica of the Palace of Versailles, now housing a Sainik School."",""Explore the exquisite Moorish Mosque, an architectural marvel inspired by the Grand Mosque of Marrakesh and a symbol of secularism."",""Discover the historical charm of Elysee Palace, a former residence of Maharaja Jagatjit Singh, showcasing colonial elegance."",""Immerse yourself in nature at the Kanjli Wetland, a Ramsar site known for its diverse avian population and serene environment, ideal for bird watching."",""Visit the serene Shalimar Gardens, offering tranquil green spaces and the historic Panch Mandir, a temple with five altars.""]",Trek,"['Nature', 'Adventure', 'Trekking', 'Camping', 'Rock Climbing', 'Bird Watching']",8100,₹8k–₹12k,3,Summer – Spring,"['Summer', 'Spring']",Moderate,Quiet,https://upload.wikimedia.org/wikipedia/commons/e/e9/Jagatjit_Club.JPG,"['https://upload.wikimedia.org/wikipedia/commons/e/e9/Jagatjit_Club.JPG', 'https://images.unsplash.com/photo-1464822759023-fed622ff2c3b?auto=format&fit=crop&w=1800&q=80', 'https://images.unsplash.com/photo-1500382017468-9049fed747ef?auto=format&fit=crop&w=1800&q=80', 'https://images.unsplash.com/photo-1470071459604-3b5ec3a7fe05?auto=format&fit=crop&w=1800&q=80', 'https://images.unsplash.com/photo-1507525428034-b723cf961d3e?auto=format&fit=crop&w=1800&q=80']","['Engage in bird watching and nature walks around the picturesque Kanjli Wetland, observing migratory and resident bird species.', 'Take a guided tour of the Jagatjit Palace grounds to appreciate its historical significance and intricate Indo-French architecture.', 'Enjoy leisurely strolls through the manicured lawns and fountains of Shalimar Gardens, soaking in the peaceful atmosphere.', 'Experience the local culture by exploring the vibrant markets of Kapurthala and savoring authentic Punjabi cuisine.']","['The majestic facade and sprawling grounds of Jagatjit Palace, especially its grand entrance and European-inspired gardens.', 'The distinct Indo-Moorish architecture of the Moorish Mosque, with its intricate minarets and domes, offering unique photographic angles.', 'Panoramic views across the tranquil waters of Kanjli Wetland, especially during sunrise or sunset, capturing the scenic landscape and birdlife.']","['Siddu', 'Pahadi Madra', 'Local Thali']","['Kapurthala Pahadi Rasoi Local Kitchen', 'Kapurthala Hilltop Cafe & Bistro']",[],Manali,31.38565,75.30533
a75612d3-db66-4ade-b2e5-f2cf8605028c,tamenglong,Tamenglong,Manipur,Northeastern India,"Discover the uncharted wilderness of Tamenglong, a trekker's paradise nestled in the pristine hills of Manipur","Tamenglong, situated in the westernmost part of Manipur, is a region of breathtaking beauty with its lush forests, rolling hills, and sparkling waterfalls. The district is home to the Barak River and its tributaries, which have carved out valleys and gorges, providing ample opportunities for trekking, rock climbing, and camping. The rich cultural heritage of the district is evident in its traditional villages, where the Zeliangrong and Kabui tribes reside, preserving their unique customs and traditions. As a trekking destination, Tamenglong offers a diverse range of experiences, from easy day hikes to challenging multi-day expeditions, catering to adventure seekers of all levels.","[""Explore the breathtaking Zeilad Lake, a picturesque waterbody surrounded by hills and forests"",""Visit the Tharon Cave, a massive limestone cave with stunning rock formations and underground rivers"",""Trek to the Khumji village, a traditional Zeliangrong village perched on a hilltop, offering panoramic views of the surrounding landscape"",""Discover the Buning Meadow, a scenic valley surrounded by hills, forests, and waterfalls, ideal for camping and picnicking""]",Trek,"['Nature', 'Adventure', 'Trekking', 'Camping', 'Rock Climbing', 'Bird Watching']",8100,₹8k–₹12k,3,Summer – Spring,"['Summer', 'Spring']",Moderate,Quiet,https://images.unsplash.com/photo-1470071459604-3b5ec3a7fe05?auto=format&fit=crop&w=1200&q=85,"['https://images.unsplash.com/photo-1470071459604-3b5ec3a7fe05?auto=format&fit=crop&w=1200&q=85', 'https://images.unsplash.com/photo-1464822759023-fed622ff2c3b?auto=format&fit=crop&w=1800&q=80', 'https://images.unsplash.com/photo-1500382017468-9049fed747ef?auto=format&fit=crop&w=1800&q=80', 'https://images.unsplash.com/photo-1470071459604-3b5ec3a7fe05?auto=format&fit=crop&w=1800&q=80', 'https://images.unsplash.com/photo-1507525428034-b723cf961d3e?auto=format&fit=crop&w=1800&q=80']","['Trek to the highest peak in the district, the Bamu Peak, which offers stunning views of the surrounding hills and valleys', 'Go rock climbing at the rugged cliffs of the Barak River gorge, a challenging and exhilarating experience', 'Take a bird watching tour in the forests of Tamenglong, home to a diverse range of avifauna, including the rare and endangered species', 'Participate in a traditional Zeliangrong festival, such as the Gangngai festival, to experience the unique culture and customs of the district']","['The Zeilad Lake at sunrise, with the misty hills and forests reflected in its calm waters', 'The Tharon Cave entrance, with its massive limestone formations and lush vegetation', 'The Buning Meadow, with its picturesque valley, rolling hills, and sparkling waterfalls']","['Smoked Pork with Bamboo Shoot', 'Local Rice Cake', 'Assamese Thali']","['Tamenglong Local Tribal Kitchen', 'Tamenglong The Bamboo Shoot Restaurant']",[],Shillong,24.98586,93.504
a78e3c00-e39c-4cea-a832-a49ee68f739e,raghurajpur-heritage-craft-village,Raghurajpur Heritage Craft Village,Odisha,Eastern India,"Step into Raghurajpur, Odisha's vibrant heritage craft village, where every home is a studio preserving centuries-old Pattachitra art and traditional craftsmanship.","Raghurajpur is an exquisite heritage craft village nestled amidst the serene rural landscape of Odisha, just a short distance from the spiritual hub of Puri. This quaint village is a living testament to Odisha's rich artistic legacy, primarily renowned as the birthplace and hub of Pattachitra art – a traditional scroll painting technique dating back to the 5th century BC. Every house here doubles as an art studio, with generations of artisans meticulously preserving and practicing ancient craft forms. The village's narrow lanes are a riot of colors, with homes adorned with intricate mural paintings depicting mythological themes.
Beyond Pattachitra, Raghurajpur is also celebrated for Tussar silk paintings, palm leaf engravings (Talapatrachitra), wooden toys, stone carvings, and the unique Gotipua dance form. Visiting Raghurajpur offers an immersive cultural experience, allowing visitors to witness artisans at work, interact with them, and understand the intricate processes behind these traditional masterpieces, making it a vibrant cultural tapestry woven into the fabric of rural Odisha.","[""Witness the creation of Pattachitra paintings: See artists meticulously bringing mythological tales to life on cloth using natural colors."",""Explore the vibrant murals adorning village homes: Discover intricate folk art and mythological scenes painted on residential walls."",""Experience the traditional Gotipua dance: Observe or attend a performance by young male dancers preserving an ancient Odissi precursor."",""Discover a hub for diverse traditional crafts: Beyond Pattachitra, find Talapatrachitra (palm leaf engravings), wooden toys, and stone carvings."",""Engage directly with artisan families: Learn about their artistic lineage and techniques firsthand in their home-studios.""]",Village,"['Culture', 'Nature Walks', 'Photography', 'Local Sightseeing', 'Bird Watching']",8100,₹8k–₹12k,3,Winter – Spring,"['Winter', 'Spring']",Easy,Quiet,https://upload.wikimedia.org/wikipedia/commons/thumb/3/3f/Entrance_of_Raghurajpur.jpg/3840px-Entrance_of_Raghurajpur.jpg,"['https://upload.wikimedia.org/wikipedia/commons/thumb/3/3f/Entrance_of_Raghurajpur.jpg/3840px-Entrance_of_Raghurajpur.jpg', 'https://images.unsplash.com/photo-1464822759023-fed622ff2c3b?auto=format&fit=crop&w=1800&q=80', 'https://images.unsplash.com/photo-1500382017468-9049fed747ef?auto=format&fit=crop&w=1800&q=80', 'https://images.unsplash.com/photo-1470071459604-3b5ec3a7fe05?auto=format&fit=crop&w=1800&q=80', 'https://images.unsplash.com/photo-1507525428034-b723cf961d3e?auto=format&fit=crop&w=1800&q=80']","['Participate in a Pattachitra art workshop: Learn the basics of this intricate scroll painting technique from a master artisan.', 'Stroll through the narrow lanes, observing artisans at work: Witness the live creation of various crafts, from painting to carving.', 'Shop for authentic Odishan handicrafts directly from the creators: Purchase unique souvenirs, knowing the story and artist behind each piece.', 'Attend a cultural presentation of Gotipua dance: Immerse yourself in the graceful and acrobatic movements of this traditional dance form.']","['The vividly painted facades of artisan homes: Capture the unique architectural style adorned with traditional murals.', 'Artisans meticulously working on their Pattachitra scrolls or palm leaf engravings: Frame the concentration and skill of the craftspeople.', 'The main village street lined with vibrant art displays and open-air workshops: Photograph the bustling, colorful essence of the heritage village.']","['Local Traditional Thali', 'Spicy Curry']","['Raghurajpur Heritage Craft Village Bengali Spice Junction', 'Raghurajpur Heritage Craft Village Maa Durga Local Hotel']",[],Manali,19.88556,85.82639
a8300974-002d-4d42-b15f-73a49a72b264,dudhani-lake,Dudhani Lake,Dadra and Nagar Haveli and Daman and Diu,Western India,A serene lake escape with shikara rides and tribal culture.,"Dudhani is a picturesque waterfront destination in Dadra and Nagar Haveli, formed by the waters of the Madhuban Dam. Known for its massive lake-like reservoir, it offers scenic shikara rides, water sports, and an opportunity to experience local Warli tribal culture and food.","[""Enjoy peaceful Shikara boat rides on the reservoir"",""Try kayaking, jet-skiing, and speed boating"",""Learn about the indigenous Warli tribal community"",""Visit the nearby Vasona Lion Safari""]",Village,"['Nature', 'Culture', 'Relaxed Escape', 'Water Sports']",6500,Under ₹8k,2,November – March,"['Autumn', 'Winter', 'Spring']",Easy,Quiet,https://images.unsplash.com/photo-1501785888041-af3ef285b470?auto=format&fit=crop&w=800&q=80,"['https://images.unsplash.com/photo-1501785888041-af3ef285b470?auto=format&fit=crop&w=800&q=80', 'https://images.unsplash.com/photo-1470071459604-3b5ec3a7fe05?auto=format&fit=crop&w=800&q=80']","['Take a sunset shikara ride', 'Go kayaking on the reservoir', 'Explore Warli tribal paintings', 'Visit Vasona Lion Safari (15 km away)']","['Shikaras lined up against Madhuban reservoir at sunset', 'Lush green hills surrounding the water', 'Warli paintings on village mud walls']","['Local Gujarati and Maharashtrian dishes', 'Fresh reservoir fish fry', 'Traditional tribal rice cakes']","['Dudhani Water Sports Cafe', 'River View Dhaba', 'Local tea stalls']","['Silvassa (40 km)', 'Vapi (58 km)', 'Mumbai (160 km)']",Lonavala Lake,20.125,73.023
a85298e8-097d-4ef7-b409-eac830a70427,narara-marine-national-park,Narara Marine National Park,Gujarat,Western India,India's unique walk-in intertidal marine sanctuary in the Gulf of Kutch.,"Narara Marine National Park, situated in the Gulf of Kutch near Jamnagar, Gujarat, is India's first marine national park. It offers a rare opportunity to observe diverse marine life on foot. During low tide, the sea recedes by several kilometers, exposing the coral reef. Visitors can go on a 'reef walk' in shallow water to view live corals, puffer fish, octopuses, sea anemones, and crabs without having to dive.","[""The unique experience of a 'reef walk' during low tides"",""Observing live coral reefs, sea anemones, and colorful sponges"",""Spotted octopuses, puffer fish, stingrays, and starfish in natural pools"",""Flocks of coastal birds like flamingos, ibises, and crab-plovers""]",Beach,"['Wildlife', 'Nature', 'Adventure']",8100,₹8k–₹12k,3,November to February (check tide tables),"['Winter', 'Spring']",Easy,Quiet,https://upload.wikimedia.org/wikipedia/commons/thumb/a/a5/Rani_ki_vav_02.jpg/3840px-Rani_ki_vav_02.jpg,"['https://upload.wikimedia.org/wikipedia/commons/thumb/a/a5/Rani_ki_vav_02.jpg/3840px-Rani_ki_vav_02.jpg', 'https://images.unsplash.com/photo-1464822759023-fed622ff2c3b?auto=format&fit=crop&w=1800&q=80', 'https://images.unsplash.com/photo-1500382017468-9049fed747ef?auto=format&fit=crop&w=1800&q=80', 'https://images.unsplash.com/photo-1470071459604-3b5ec3a7fe05?auto=format&fit=crop&w=1800&q=80', 'https://images.unsplash.com/photo-1507525428034-b723cf961d3e?auto=format&fit=crop&w=1800&q=80']","['Walking along the exposed seabed at low tide with a local naturalist guide', 'Photography of rare marine species in shallow water tidal pools', 'Bird watching along the swampy coastline and mangroves', 'Watching the sunset over the Gulf of Kutch']","['A live octopus changing colors in a tidal pool', 'Puffer fish inflating inside water pockets', 'Flamingos wading near the Narara coastline at sunset']","['Dal Baati Churma', 'Saurashtra Thali', 'Goan Fish Curry']","['Narara Marine National Park Kathiyawadi Local Dhaba', 'Narara Marine National Park Rajasthani Thali House']",[],Goa,22.4632,69.9324
a8ac8efb-e671-43f4-aec1-d5bd85f0e539,valmiki-nagar,Valmiki Nagar,Bihar,Eastern India,Where the dense Sal forests meet the roaring Gandak River.,"Valmiki Nagar is a pristine eco-tourism destination nestled in the foothills of the Himalayas. Home to Bihar's only tiger reserve, it offers dense forests, grasslands, gorges, and scenic boat rides along the Gandak River at the Nepal border.","[""Jungle safari in Valmiki Tiger Reserve"",""Rafting and boating on the Gandak River"",""Birdwatching with over 250 species"",""Tranquil nature walks along border trails""]",Valley,"['Nature', 'Wildlife', 'Adventure', 'Offbeat']",8500,₹8k–₹12k,3,November – April,"['Winter', 'Spring']",Moderate,Untouched,https://images.unsplash.com/photo-1448375240586-882707db888b?auto=format&fit=crop&w=800&q=80,"['https://images.unsplash.com/photo-1448375240586-882707db888b?auto=format&fit=crop&w=800&q=80', 'https://images.unsplash.com/photo-1500382017468-9049fed747ef?auto=format&fit=crop&w=800&q=80', 'https://images.unsplash.com/photo-1470071459604-3b5ec3a7fe05?auto=format&fit=crop&w=800&q=80']","['Take a jungle safari in the Tiger Reserve', 'Go river rafting on the Gandak River', 'Trek to the Valmiki Ashram in Nepal', 'Watch migratory birds near the Gandak barrage']","['The Gandak River gorge from Valmiki Ashram', 'Jungle safari wildlife sightings', 'Mist rising over the Gandak Barrage']","['Litti Chokha', 'Traditional Bihari thali', 'Fresh river fish curry']","['Forest Rest House canteen', 'Local tea stalls', 'Nagar Panchayat eatery']","['Bettiah (80 km)', 'Bagaha (45 km)', 'Gorakhpur (130 km)']",Jim Corbett,27.4286,83.9167
a8e44bd8-a4df-4e15-b186-9d88cefae53c,kudremukh,Kudremukh,Karnataka,Southern India,"Experience the untamed beauty of the Western Ghats in Kudremukh, a haven for nature lovers and adventure seekers","Kudremukh, situated in the Chikmagalur district of Karnataka, is a picturesque hill station nestled in the Western Ghats. The name 'Kudremukh' literally translates to 'horse face' in Kannada, owing to the unique shape of the mountain range. With its lush green forests, rolling hills, and sparkling streams, Kudremukh is a treasure trove of biodiversity, offering a glimpse into the region's rich cultural and natural heritage. As you wander through the hills, you can discover remnants of the region's history, including ancient temples and colonial-era settlements, while the surrounding forests are home to a wide variety of flora and fauna, making it a paradise for birdwatchers, photographers, and nature enthusiasts alike.","[""Explore the Kudremukh National Park, a UNESCO World Heritage Site and home to a wide range of wildlife, including tigers, leopards, and elephants"",""Visit the Kadambi Waterfalls, a picturesque cascade surrounded by lush greenery and offering breathtaking views"",""Discover the ancient Shiva temple at Horanadu, a sacred pilgrimage site nestled in the heart of the Western Ghats"",""Trek to the summit of Kudremukh Peak, the third-highest peak in Karnataka, offering panoramic views of the surrounding landscape""]",Mountain,"['Nature', 'Wildlife', 'Nature Walks', 'Photography', 'Local Sightseeing', 'Bird Watching']",8100,₹8k–₹12k,3,Winter – Spring,"['Winter', 'Spring']",Easy,Quiet,https://upload.wikimedia.org/wikipedia/commons/8/83/Kudremukh_national_park.jpg,"['https://upload.wikimedia.org/wikipedia/commons/8/83/Kudremukh_national_park.jpg', 'https://images.unsplash.com/photo-1464822759023-fed622ff2c3b?auto=format&fit=crop&w=1800&q=80', 'https://images.unsplash.com/photo-1500382017468-9049fed747ef?auto=format&fit=crop&w=1800&q=80', 'https://images.unsplash.com/photo-1470071459604-3b5ec3a7fe05?auto=format&fit=crop&w=1800&q=80', 'https://images.unsplash.com/photo-1507525428034-b723cf961d3e?auto=format&fit=crop&w=1800&q=80']","['Embark on a guided trek through the Kudremukh National Park, spotting exotic birds and wildlife along the way', 'Take a leisurely walk through the tea plantations, learning about the history and process of tea production in the region', 'Go birdwatching in the surrounding forests, home to over 200 species of birds, including the endangered Malabar trogon', 'Visit the Bhagavati Nature Camp, offering stunning views of the surrounding hills and valleys']","['The viewpoint at the Kudremukh Peak, offering breathtaking panoramic views of the surrounding landscape', 'The tranquil surroundings of the Bhagavati Nature Camp, perfect for capturing the beauty of nature', 'The picturesque Kadambi Waterfalls, surrounded by lush greenery and offering stunning views']","['Traditional Thali', 'Filter Coffee', 'Local Seafood']","['Kudremukh Malgudi Filter Coffee & Tiffin', 'Kudremukh Sree Local Mess']",[],Lonavala,13.21907,75.25103
a9914191-f070-490e-99bb-df175775d791,pachmarhi,Pachmarhi,Madhya Pradesh,Central India,"Jewel of Central India, nestled amidst a tranquil haven of sandstone cliffs and serene waterfalls.","Pachmarhi, nestled in Madhya Pradesh's Satpura Range, is India's only hill station located entirely within a national park, making it a unique blend of serenity, adventure, and wildlife exploration. The region's lush green forests and diverse geological features provide the perfect backdrop for trekking enthusiasts. With scenic waterfalls, ancient caves, and picturesque hilltops, Pachmarhi promises an unforgettable experience amidst nature. Whether you're seeking a relaxing sojourn in its calm surroundings or an adrenaline rush from adventure activities, Pachmarhi caters to all. Home to over 1,200 species of flowering plants, over 1,000 species of butterflies, and over 160 varieties of orchids, this haven is a paradise for nature lovers, botanists, and wildlife enthusiasts alike.","[""Satpura National Park: One of India's most biodiverse national parks, offering opportunities for trekking and wildlife spotting, including sightings of majestic tigers, leopards, sloth bears, and over 200 species of birds."",""Bee Falls: A stunning 45-meter high waterfall cascading down into a tranquil valley, perfect for photography and picnics."",""Jata Shankar: Ancient caves carved out by the flowing waters of the Bori River over thousands of years, creating a mysterious and sacred setting."",""Dhoopgarh: The highest point in Pachmarhi, offering breathtaking views of the sunrise and sunset over the Satpura Range."",""Chauragarh: A scenic hilltop offering views of nearby villages, rolling hills, and the distant ranges of the Satpura and Vindhya mountains.""]",Trek,"['Nature', 'Adventure', 'Trekking', 'Camping', 'Rock Climbing', 'Bird Watching']",8100,₹8k–₹12k,3,Winter – Spring,"['Winter', 'Spring']",Easy,Quiet,https://upload.wikimedia.org/wikipedia/commons/b/b4/Pachmarhi_valley_Madhya_Pradesh_INDIA.jpg,"['https://upload.wikimedia.org/wikipedia/commons/b/b4/Pachmarhi_valley_Madhya_Pradesh_INDIA.jpg', 'https://images.unsplash.com/photo-1464822759023-fed622ff2c3b?auto=format&fit=crop&w=1800&q=80', 'https://images.unsplash.com/photo-1500382017468-9049fed747ef?auto=format&fit=crop&w=1800&q=80', 'https://images.unsplash.com/photo-1470071459604-3b5ec3a7fe05?auto=format&fit=crop&w=1800&q=80', 'https://images.unsplash.com/photo-1507525428034-b723cf961d3e?auto=format&fit=crop&w=1800&q=80']","[""Trekking: Experience the region's unique sandstone and boulder-strewn terrain while exploring the Satpura National Park and surrounding areas."", 'Bird watching: With over 300 species documented in the Pachmarhi region, enthusiasts can observe diverse birdlife, including hornbills, storks, and egrets.', 'Rock climbing: Scale the sandstone walls and boulders at Dhoopgarh, Chauragarh, or other locations in the Satpura National Park.', 'Camping: Set up your camp under the star-studded sky, listen to the evening sounds of the forest, and wake up to the chirping of birds.']","['Bee Fall Viewpoint: Capture the sheer force and beauty of water cascading from the 45-meter high Bee Fall into a picturesque valley below.', 'Sunrise from Dhoopgarh: Witness and photograph the breathtaking sunrise over the Satpura Range from the highest point in Pachmarhi.', ""Fossil Rocks: Explore and photograph the unusual sandstone formations, showcasing the region's unique geology and fossil record.""]","['Local Traditional Thali', 'Spicy Curry']","['Pachmarhi Bundelkhandi Kitchen', 'Pachmarhi Malwa Food Court']",[],Lonavala,22.47368,78.43605
a9e8f9e1-c790-4440-88b7-9392e4a35968,ghatarani-waterfalls,Ghatarani Waterfalls,Chhattisgarh,Central India,A beautiful forest waterfall and sacred temple site in Gariaband.,"Ghatarani Waterfalls is a beautiful natural waterfall located near Gariaband, about 80 km from Raipur, Chhattisgarh. Located in a dense forest, the waterfall cascades next to the famous Ghatarani Temple, dedicated to Goddess Durga. The waterfall is highly popular during the monsoon season when the water volumes peak, attracting nature enthusiasts, trekkers, and spiritual pilgrims who visit the Jatmai and Ghatarani temples.","[""Scenic waterfall next to the sacred Ghatarani Durga temple"",""Lush green forest surroundings and natural rock formations"",""The sister temple of Jatmai Mata Mandir situated nearby"",""A popular monsoon picnic and trekking destination""]",Village,"['Spiritual', 'Nature', 'Trekking']",8100,₹8k–₹12k,3,July to October,"['Winter', 'Spring']",Easy,Quiet,https://images.unsplash.com/photo-1447752875215-b2761acb3c5d?auto=format&fit=crop&w=1200&q=85,"['https://images.unsplash.com/photo-1447752875215-b2761acb3c5d?auto=format&fit=crop&w=1200&q=85', 'https://images.unsplash.com/photo-1464822759023-fed622ff2c3b?auto=format&fit=crop&w=1800&q=80', 'https://images.unsplash.com/photo-1500382017468-9049fed747ef?auto=format&fit=crop&w=1800&q=80', 'https://images.unsplash.com/photo-1470071459604-3b5ec3a7fe05?auto=format&fit=crop&w=1800&q=80', 'https://images.unsplash.com/photo-1507525428034-b723cf961d3e?auto=format&fit=crop&w=1800&q=80']","['Trekking through the dense forest trails to the top of the falls', 'Visiting the Ghatarani and Jatmai temple shrines', 'Taking a refreshing dip in the natural pool at the base of the waterfall', 'Enjoying local street food and snacks outside the temple complex']","['The waterfall cascading over rocks right next to the temple steps', 'Monsoon greenery and mist along the forest trek', 'Lush rock pools under the forest canopy']","['Local Traditional Thali', 'Spicy Curry']","['Ghatarani Waterfalls Bundelkhandi Kitchen', 'Ghatarani Waterfalls Malwa Food Court']",[],Lonavala,20.8927,82.0125
aa908b80-4346-4419-978f-4361e52d372a,pelling,Pelling,Sikkim,Northeastern India,Pelling in Sikkim beckons trekkers to explore its unspoiled landscapes and immerse in the enchanting Himalayan spirituality.,"Pelling, a scenic hill town located in the West Sikkim district of Sikkim, is a hub for trekking and adventure enthusiasts. The area boasts rich Buddhist and Lepcha traditions, which are still visible in its vibrant culture. Pelling's breathtaking vistas, snow-capped mountains, and lush forests create a perfect escapade from the chaos of urban life. Visitors can enjoy a delightful blend of adventure, spirituality, and natural wonder.","[""Explore the Khecheopalri Lake, a serene and sacred high-altitude lake known as the \""Paradise Lake\"" for its unique ecosystem and stunning surroundings."",""Reach the summit of the breathtaking Rimbi Waterfall, offering panoramic views of the Sikkim Himalayas."",""Venture through Singshore Bridge, the second-highest suspension bridge in Asia, connecting Pelling and Rabong in a thrilling trek."",""Immerse in the tranquil beauty of Pemayangtse Monastery, one of the oldest monasteries in the region, famous for its wooden carvings and stunning architecture."",""Indulge in thrilling rock climbing activities amidst the lush forests of Pelling, offering a test of endurance and skill amidst nature's grandeur.""]",Trek,"['Nature', 'Adventure', 'Trekking', 'Camping', 'Rock Climbing', 'Bird Watching']",8100,₹8k–₹12k,3,Summer – Spring,"['Summer', 'Spring']",Moderate,Quiet,https://upload.wikimedia.org/wikipedia/commons/b/b3/Sunrise_over_Kangchenjunga.jpg,"['https://upload.wikimedia.org/wikipedia/commons/b/b3/Sunrise_over_Kangchenjunga.jpg', 'https://images.unsplash.com/photo-1464822759023-fed622ff2c3b?auto=format&fit=crop&w=1800&q=80', 'https://images.unsplash.com/photo-1500382017468-9049fed747ef?auto=format&fit=crop&w=1800&q=80', 'https://images.unsplash.com/photo-1470071459604-3b5ec3a7fe05?auto=format&fit=crop&w=1800&q=80', 'https://images.unsplash.com/photo-1507525428034-b723cf961d3e?auto=format&fit=crop&w=1800&q=80']","['Trek to the enchanting Kanchenjunga Falls, a mesmerizing cascade of water surrounded by lush forest and verdant meadows.', 'Embark on a trek to the stunning Sombarey Falls, where one can experience the thrill of trekking amidst majestic mountain ranges.', 'Enjoy a serene camping experience amidst the serene backdrop of the Pelling hills, offering an idyllic retreat from urban chaos.', 'Participate in guided bird-watching tours to spot an array of exotic bird species found in and around Pelling.']","['Capture the ethereal beauty of the Khecheopalri Lake, reflecting the surrounding snow-capped peaks like a mirror.', 'Snap stunning photos of the majestic Sombarey Falls, showcasing its majestic proportions amidst lush vegetation.', 'Document the breathtaking sunrises from the Pemayangtse Monastery, offering a picturesque panorama of misty valleys and towering mountains.']","['Smoked Pork with Bamboo Shoot', 'Local Rice Cake', 'Assamese Thali']","['Pelling Local Tribal Kitchen', 'Pelling The Bamboo Shoot Restaurant']",[],Darjeeling,27.30037,88.23565
abb274cb-2412-4bc0-a78a-48342466fa04,khonoma-heritage-village,Khonoma Heritage Village,Nagaland,Northeastern India,"India's first green village, rich in Naga history and conservation.","Khonoma is an ancient Angami Naga village located about 20 km from Kohima, Nagaland. Renowned as India's first 'Green Village', it stands as a testament to wildlife conservation and ecological awareness. The village is famous for its history of resisting British colonial forces, its unique system of alder-wood terrace cultivation, and the community-led Khonoma Nature Conservation and Tragopan Sanctuary, which protects endangered species.","[""Stunning stepped terrace farming hills surrounding the village"",""Traditional Naga fort gates (Khurus) and historical memorials"",""Khonoma Nature Conservation and Tragopan Sanctuary (KNCTS)"",""Naga stone monoliths and traditional Morungs (youth dormitories)""]",Village,"['Culture', 'Nature Walks', 'History']",8100,₹8k–₹12k,3,October to May,"['Summer', 'Spring']",Moderate,Quiet,https://upload.wikimedia.org/wikipedia/commons/c/cb/Kapamodzu.jpg,"['https://upload.wikimedia.org/wikipedia/commons/c/cb/Kapamodzu.jpg', 'https://images.unsplash.com/photo-1464822759023-fed622ff2c3b?auto=format&fit=crop&w=1800&q=80', 'https://images.unsplash.com/photo-1500382017468-9049fed747ef?auto=format&fit=crop&w=1800&q=80', 'https://images.unsplash.com/photo-1470071459604-3b5ec3a7fe05?auto=format&fit=crop&w=1800&q=80', 'https://images.unsplash.com/photo-1507525428034-b723cf961d3e?auto=format&fit=crop&w=1800&q=80']","['Guided heritage walk exploring Angami Naga history and war memorials', ""Bird watching to spot the rare Blyth's Tragopan"", 'Learning traditional Naga crafts and alder-wood cultivation methods', 'Tasting authentic local Naga dishes']","['Terraced paddy fields of Khonoma valley', 'Carved wooden Angami Naga gate (Khuru)', 'Panoramic view of village houses clustered on the ridge']","['Smoked Pork with Bamboo Shoot', 'Local Rice Cake', 'Assamese Thali']","['Khonoma Heritage Village Local Tribal Kitchen', 'Khonoma Heritage Village The Bamboo Shoot Restaurant']",[],Shillong,25.6514,94.0202
ac63b7a5-a166-4f83-a5a4-6603baaa9a06,devarayanadurga,Devarayanadurga,Karnataka,Southern India,"Discover the serene beauty of Devarayanadurga, a tranquil village in Karnataka, nestled amidst nature's splendor and adorned with ancient temples.","Devarayanadurga, a quaint village in the Tumkur district of Karnataka, is a treasure trove of natural beauty, spiritual significance, and historical heritage. The village is situated about 65 kilometers from Bangalore and is known for its stunning hills, lush forests, and ancient temples. The hill station is home to the famous Bhoganarasimha and Yoga Narasimha temples, which attract devotees and tourists alike. The region's unique blend of natural splendor and spiritual heritage makes it an ideal destination for those seeking a peaceful retreat from the chaos of urban life.","[""Explore the ancient Bhoganarasimha Temple, a 12th-century shrine dedicated to Lord Narasimha"",""Visit the Yoga Narasimha Temple, perched atop a hill, offering breathtaking views of the surrounding landscape"",""Take a trek to the nearby Namada Chilume, a natural spring and a sacred spot for the local inhabitants"",""Discover the rich flora and fauna of the Devarayanadurga State Forest, home to a variety of bird species and trees"",""Attend the annual Narasimha Jayanti festival, a vibrant celebration of music, dance, and culture""]",Village,"['Nature', 'Wildlife', 'Spiritual', 'Meditation', 'Temple Visit', 'Heritage Walk', 'Photography']",8100,₹8k–₹12k,3,Winter – Spring,"['Winter', 'Spring']",Easy,Quiet,https://upload.wikimedia.org/wikipedia/commons/e/ef/Yoga_Narasimha_Temple_Devarayanadurga.JPG,"['https://upload.wikimedia.org/wikipedia/commons/e/ef/Yoga_Narasimha_Temple_Devarayanadurga.JPG', 'https://images.unsplash.com/photo-1464822759023-fed622ff2c3b?auto=format&fit=crop&w=1800&q=80', 'https://images.unsplash.com/photo-1500382017468-9049fed747ef?auto=format&fit=crop&w=1800&q=80', 'https://images.unsplash.com/photo-1470071459604-3b5ec3a7fe05?auto=format&fit=crop&w=1800&q=80', 'https://images.unsplash.com/photo-1507525428034-b723cf961d3e?auto=format&fit=crop&w=1800&q=80']","[""Embark on a guided trek to the nearby hills and forests, offering stunning views and a glimpse into the region's unique biodiversity"", 'Practice yoga and meditation amidst the serene surroundings of the village, perfect for spiritual rejuvenation', 'Take a heritage walk through the village, exploring its ancient temples, historic landmarks, and cultural traditions', 'Go birdwatching in the Devarayanadurga State Forest, home to a wide range of avifauna, including the endangered species']","['The viewpoint near the Yoga Narasimha Temple, offering a panoramic view of the surrounding landscape', 'The serene surroundings of the Namada Chilume, a natural spring and a sacred spot for the local inhabitants', 'The ancient Bhoganarasimha Temple, with its intricate carvings and stunning architecture']","['Traditional Thali', 'Filter Coffee', 'Local Seafood']","['Devarayanadurga Malgudi Filter Coffee & Tiffin', 'Devarayanadurga Sree Local Mess']",[],Lonavala,13.37267,77.20759
ad5a202e-cc84-4c13-a4e7-0a480531843c,idar,Idar,Gujarat,Western India,"Experience the essence of rural Gujarat in Idar, a vibrant village nestled in the Aravalli hills, known for its breathtaking landscapes, ancient temples, and rich cultural heritage.","Idar, a quaint village in Gujarat, is a treasure trove of natural beauty, spiritual significance, and cultural richness. The village is nestled in the Aravalli hills, providing a picturesque backdrop for its ancient temples, historic sites, and traditional settlements. With its serene atmosphere, Idar offers a unique opportunity for meditation, self-reflection, and communion with nature. The village is home to several notable landmarks, including the famous Shamlaji Temple, a prominent Hindu shrine dedicated to Lord Vishnu, and the historic Idar Fort, a testament to the region's glorious past.","[""The Shamlaji Temple, an ancient Hindu shrine dedicated to Lord Vishnu, known for its exquisite architecture and stunning natural surroundings"",""The Idar Fort, a historic fortress that offers breathtaking views of the surrounding landscape and provides insights into the region's rich history"",""The Ratan Mahal, a beautiful palace that showcases the region's unique architectural style and offers a glimpse into the lives of the local royalty"",""The Jagannath Mahadev Temple, a sacred Hindu site that attracts devotees and tourists alike with its stunning natural surroundings and spiritual significance""]",Village,"['Culture', 'Spiritual', 'Nature', 'Meditation', 'Temple Visit', 'Heritage Walk', 'Photography']",8100,₹8k–₹12k,3,Winter – Spring,"['Winter', 'Spring']",Easy,Quiet,https://upload.wikimedia.org/wikipedia/commons/b/b1/Idar_hills.jpg,"['https://upload.wikimedia.org/wikipedia/commons/b/b1/Idar_hills.jpg', 'https://images.unsplash.com/photo-1464822759023-fed622ff2c3b?auto=format&fit=crop&w=1800&q=80', 'https://images.unsplash.com/photo-1500382017468-9049fed747ef?auto=format&fit=crop&w=1800&q=80', 'https://images.unsplash.com/photo-1470071459604-3b5ec3a7fe05?auto=format&fit=crop&w=1800&q=80', 'https://images.unsplash.com/photo-1507525428034-b723cf961d3e?auto=format&fit=crop&w=1800&q=80']","['Take a guided heritage walk through the village to explore its ancient temples, historic sites, and traditional settlements', 'Embark on a trekking or hiking excursion to the nearby Aravalli hills, offering breathtaking views of the surrounding landscape', 'Practice meditation and yoga in the serene and peaceful surroundings of Idar, perfect for spiritual rejuvenation and self-reflection', ""Attend a traditional folk performance or cultural event in the village, showcasing the region's unique arts and crafts""]","['The sunset point near the Idar Fort, offering a panoramic view of the surrounding landscape', 'The Shamlaji Temple, with its stunning architecture and beautiful natural surroundings', 'The Ratan Mahal, with its unique architectural style and picturesque surroundings']","['Dal Baati Churma', 'Saurashtra Thali', 'Goan Fish Curry']","['Idar Kathiyawadi Local Dhaba', 'Idar Rajasthani Thali House']",[],Lonavala,23.83623,73.01146
ae01be6f-8ec9-4c4e-8c55-78c97ccaf562,haflong,Haflong,Assam,Northeastern India,"Experience the unspoiled beauty of Haflong, the only hill station in Assam, nestled amidst lush green forests and majestic hills.","Haflong, situated in the Dima Hasao district of Assam, is a treasure trove of natural beauty and adventure. With its rolling hills, sparkling waterfalls, and lush green forests, Haflong is a haven for trekking enthusiasts and nature lovers. The town is surrounded by the Borail range, which offers breathtaking views and exciting trekking trails. Haflong's unique culture is a blend of Assamese and Dimasa traditions, making it a fascinating destination for those interested in exploring the region's rich heritage. As a popular trekking destination, Haflong offers a range of outdoor activities, including rock climbing, bird watching, and camping, making it an ideal getaway for adventure seekers.","[""The Jatinga Valley, famous for its unique phenomenon of bird suicide, where migratory birds dive to their deaths during certain months of the year"",""The Haflong Lake, a picturesque spot for boating and picnicking"",""The Borail range, which offers stunning views and exciting trekking trails"",""The Maibang village, known for its ancient artifacts and historical significance"",""The Panimur Waterfall, a breathtaking attraction surrounded by lush green forests""]",Trek,"['Nature', 'Adventure', 'Trekking', 'Camping', 'Rock Climbing', 'Bird Watching']",8100,₹8k–₹12k,3,Summer – Spring,"['Summer', 'Spring']",Moderate,Quiet,https://upload.wikimedia.org/wikipedia/commons/thumb/6/61/Synod_view_point%2C_Haflong.jpg/3840px-Synod_view_point%2C_Haflong.jpg,"['https://upload.wikimedia.org/wikipedia/commons/thumb/6/61/Synod_view_point%2C_Haflong.jpg/3840px-Synod_view_point%2C_Haflong.jpg', 'https://images.unsplash.com/photo-1464822759023-fed622ff2c3b?auto=format&fit=crop&w=1800&q=80', 'https://images.unsplash.com/photo-1500382017468-9049fed747ef?auto=format&fit=crop&w=1800&q=80', 'https://images.unsplash.com/photo-1470071459604-3b5ec3a7fe05?auto=format&fit=crop&w=1800&q=80', 'https://images.unsplash.com/photo-1507525428034-b723cf961d3e?auto=format&fit=crop&w=1800&q=80']","['Trek to the top of the Borail range for breathtaking views of the surrounding hills and valleys', 'Go bird watching in the Jatinga Valley and spot rare species of migratory birds', 'Take a boat ride on the Haflong Lake and enjoy the serene surroundings', 'Explore the ancient artifacts and historical sites in the Maibang village']","['The viewpoint at the Borail range, offering panoramic views of the surrounding hills and valleys', 'The Jatinga Valley, with its unique landscape and migratory birds', 'The Haflong Lake, surrounded by lush green forests and rolling hills']","['Smoked Pork with Bamboo Shoot', 'Local Rice Cake', 'Assamese Thali']","['Haflong Local Tribal Kitchen', 'Haflong The Bamboo Shoot Restaurant']",[],Shillong,25.18251,92.8984
b0044e89-e864-4343-848d-86b2fde61820,vikramshila,Vikramshila,Bihar,Eastern India,Stunning ruins of the ancient international Buddhist university.,"Vikramshila is a significant archaeological site near Bhagalpur, representing the ruins of the prestigious ancient university established by King Dharmapala of the Pala Empire in the late 8th century. Nestled on the banks of the Ganges, it features a grand stupa, monastic cells, and a museum, surrounded by quiet orchards and river dolphins.","[""Explore the colossal ancient brick stupa of Vikramshila"",""See the intricate terracotta panels representing Buddhist life"",""Spot rare Gangetic Dolphins in the nearby dolphin sanctuary"",""Walk through peaceful countryside mango orchards""]",Village,"['Heritage', 'Culture', 'Photography', 'Peaceful Retreat']",5800,Under ₹8k,2,October – March,"['Autumn', 'Winter', 'Spring']",Easy,Quiet,https://images.unsplash.com/photo-1545128485-c400e7702796?auto=format&fit=crop&w=800&q=80,"['https://images.unsplash.com/photo-1545128485-c400e7702796?auto=format&fit=crop&w=800&q=80', 'https://images.unsplash.com/photo-1500382017468-9049fed747ef?auto=format&fit=crop&w=800&q=80']","['Take a guided walk inside the excavation site', 'Visit the Vikramshila Archaeological Museum', 'Take a boat ride at Kahalgaon to spot Ganges dolphins', 'Relax under the massive mango groves']","['Terraced stupa framed by green lawns', 'Ancient terracotta reliefs', 'Gangetic dolphins breaching the Ganges']","['Bihari Khaja', 'Litti Chokha', 'Traditional sweet curd and chiwra']","['Site canteen', 'Local tea stalls at Antichak village', 'Bhagalpur town eateries (40 km)']","['Bhagalpur (40 km)', 'Kahalgaon (12 km)', 'Nalanda (160 km)']",Nalanda Ruins,25.3,87.275
b0e1a71a-c400-4779-966d-85e4e8deb02f,sandhan-valley,Sandhan Valley,Maharashtra,Western India,The Valley of Shadow — a 200-foot gorge inside the Sahyadris.,"A narrow basalt canyon carved between Ratangad and Alang Madan Kulang forts. Cool, dim, occasionally requiring you to wade or rappel — one of the great Sahyadri secrets.","[""Rappel down a 200 ft canyon wall"",""Camp on the canyon floor under a strip of sky"",""Combine with Ratangad fort trek"",""A monsoon-to-October sweet spot""]",Trek,"['Adventure', 'Nature', 'Photography']",6500,₹5k–₹8k,2,October – February,"['Autumn', 'Winter']",Challenging,Quiet,https://res.cloudinary.com/dizqquqfs/image/upload/q_auto/f_auto/v1781868905/sandhan3_aoyiuz.jpg,"['https://res.cloudinary.com/dizqquqfs/image/upload/q_auto/f_auto/v1781868905/sandhan3_aoyiuz.jpg', 'https://res.cloudinary.com/dizqquqfs/image/upload/q_auto/f_auto/v1781868907/sandhan4_tf2esq.jpg', 'https://res.cloudinary.com/dizqquqfs/image/upload/q_auto/f_auto/v1781868905/sandhan2_dqtxsj.jpg', 'https://res.cloudinary.com/dizqquqfs/image/upload/q_auto/f_auto/v1781868904/sandhan1_v3gmth.jpg']","['Guided rappel into the canyon', 'Overnight camp on the canyon floor', 'Sunrise climb to Karoli Ghat', 'Add-on trek to Ratangad fort']","['The dramatic canyon walls of Sandhan Valley', 'Rocky ridges overlooking the Sahyadris', 'Mist-filled gorge after the monsoon']","['Pithla bhakri', 'Zunka', 'Misal pav (en route)', 'Village-cooked dal rice']","['Bhandardara Lakeside Cafe', 'MTDC Bhandardara Restaurant', 'Village Tea Stalls at Samrad']","['Bhandardara Lake', 'Ratangad Fort', 'Harishchandragad']",Lonavala,19.51362,73.68634
b2c78f33-6ed0-4281-976e-f12cc4688aa8,banswara,Banswara,Rajasthan,Western India,"Experience the uncharted beauty of Rajasthan's southernmost district, where trekking, rock climbing, and bird watching await amidst lush forests and ancient ruins.","Banswara, nestled in the southernmost part of Rajasthan, is a treasure trove of natural beauty and adventure. The district is home to the majestic Aravalli range, which offers breathtaking landscapes, trekking trails, and a plethora of flora and fauna. The Mahi River, which flows through the district, adds to the scenic charm and provides ample opportunities for bird watching and water-based activities. With its rich cultural heritage and historical significance, Banswara is a must-visit destination for anyone looking to explore the untrodden paths of Rajasthan. From the ancient temples and ruins to the modern-day trekking and camping facilities, Banswara has something to offer for every kind of traveler.","[""The Ram Kund, a sacred lake surrounded by dense forests and ancient temples, is a major pilgrimage site and a great spot for trekking and bird watching."",""The Abdulla Patel Bridge, also known as the AP Bridge, offers stunning views of the Mahi River and is a popular spot for photography and picnics."",""The Kahzi Nag Temple, dedicated to the serpent god, is an ancient shrine that attracts tourists and devotees alike with its unique architecture and scenic location."",""The Bhim Kund, a natural rock formation with a freshwater spring, is a great spot for trekking, rock climbing, and camping."",""The Diabari Wildlife Sanctuary, home to a wide variety of flora and fauna, is a must-visit destination for nature lovers and wildlife enthusiasts.""]",Trek,"['Nature', 'Adventure', 'Trekking', 'Camping', 'Rock Climbing', 'Bird Watching']",8100,₹8k–₹12k,3,Winter – Spring,"['Winter', 'Spring']",Easy,Quiet,https://upload.wikimedia.org/wikipedia/commons/thumb/7/7b/Madareshwar_shiv_temple.JPG/3840px-Madareshwar_shiv_temple.JPG,"['https://upload.wikimedia.org/wikipedia/commons/thumb/7/7b/Madareshwar_shiv_temple.JPG/3840px-Madareshwar_shiv_temple.JPG', 'https://images.unsplash.com/photo-1464822759023-fed622ff2c3b?auto=format&fit=crop&w=1800&q=80', 'https://images.unsplash.com/photo-1500382017468-9049fed747ef?auto=format&fit=crop&w=1800&q=80', 'https://images.unsplash.com/photo-1470071459604-3b5ec3a7fe05?auto=format&fit=crop&w=1800&q=80', 'https://images.unsplash.com/photo-1507525428034-b723cf961d3e?auto=format&fit=crop&w=1800&q=80']","['Trek to the top of the Jagratgarh Hill, which offers panoramic views of the surrounding landscape and is a great spot for bird watching and rock climbing.', 'Explore the ancient ruins of the Andeshwar Temple, which dates back to the 12th century and is known for its intricate carvings and stunning architecture.', 'Take a boat ride on the Mahi River, which offers breathtaking views of the surrounding landscape and is a great spot for bird watching and photography.', 'Go camping in the Diabari Wildlife Sanctuary, which offers a unique opportunity to connect with nature and spot a wide variety of wildlife.']","['The Mahi Dam, which offers stunning views of the surrounding landscape and is a great spot for photography and picnics.', 'The Jagratgarh Hill, which offers panoramic views of the surrounding landscape and is a great spot for sunset and sunrise photography.', 'The Ram Kund, which is surrounded by dense forests and ancient temples and is a great spot for photography and bird watching.']","['Dal Baati Churma', 'Saurashtra Thali', 'Goan Fish Curry']","['Banswara Kathiyawadi Local Dhaba', 'Banswara Rajasthani Thali House']",[],Lonavala,23.4915,74.35022
b3e25ad3-7206-453d-8590-b8318a383588,netarhat,Netarhat,Jharkhand,Eastern India,The tranquil Queen of Chotanagpur nestled in pine forests.,"Netarhat is a gorgeous hill station in the Latehar district of Jharkhand, sitting at an elevation of 1128 meters. Famously known as the 'Queen of Chotanagpur', it is blanketed by dense pine forests, pear orchards, and sal woods, offering spectacular views of sunrises and sunsets from cliffs and rushing waterfalls.","[""Witness the breathtaking sunrise and sunset from Magnolia Point"",""Walk through the aromatic, tall Netarhat Pine Forests"",""Trek to the massive Lodh Falls (highest in Jharkhand)"",""Explore the tranquil Pear Orchards and Netarhat Lake""]",Valley,"['Nature', 'Trek', 'Peaceful Retreat', 'Forest Trail']",7800,Under ₹8k,3,October – April,"['Autumn', 'Winter', 'Spring']",Easy,Quiet,https://images.unsplash.com/photo-1448375240586-882707db888b?auto=format&fit=crop&w=800&q=80,"['https://images.unsplash.com/photo-1448375240586-882707db888b?auto=format&fit=crop&w=800&q=80', 'https://images.unsplash.com/photo-1464822759023-fed622ff2c3b?auto=format&fit=crop&w=800&q=80']","['Watch the sunset at Magnolia Point', 'Hike through the pine groves', 'Take a day excursion to Lodh Falls and Sadni Falls', 'Picnic by Netarhat Dam lake']","['Sun disappearing behind the hills at Magnolia Point', 'Sunlight filtering through tall pine trees', 'The cascading tiers of Lodh Falls']","['Local Jharkhandi Madua (Ragi) Roti', 'Duska with Chana curry', 'Zilpi sweets']","['Lake View Restaurant', 'Forest Rest House dining room', 'Local street stalls for tea and duska']","['Ranchi (155 km)', 'Betla National Park (115 km)', 'Lodh Falls (60 km)']",Darjeeling,23.4833,84.2667
b5e31da6-1e5f-44f4-a450-bccaf1ae9b06,ravangla,Ravangla,Sikkim,Northeastern India,"Experience the serene beauty of Sikkim's ravishing hills and valleys in Ravangla, a trekker's paradise nestled in the Himalayas.","Ravangla, situated in the southern district of Sikkim, is a quaint town that boasts breathtaking landscapes, lush green forests, and an array of trekking trails. The town is surrounded by majestic mountains, including the iconic Maenam Hill and the Tendong Hill, which offer stunning views of the surrounding landscape. With its rich cultural heritage and diverse wildlife, Ravangla is an ideal destination for adventure seekers, nature lovers, and those looking to experience the authentic charm of Sikkim. The town is home to several monasteries, including the famous Ralang Monastery and the Bonn Monastery, which showcase the region's unique blend of Buddhist and indigenous cultures.","[""Explore the stunning Maenam Hill, which offers breathtaking views of the Teesta River and the surrounding landscape"",""Visit the picturesque Tendong Hill, a sacred site for the Lepcha community and a great spot for trekking and bird watching"",""Discover the vibrant culture of Ravangla at the Ralang Monastery, one of the most important monasteries in Sikkim"",""Trek to the stunning Borong Tsachu, a natural hot spring located amidst the lush green forests of Ravangla"",""Spot exotic bird species, including the Himalayan monal and the satyr tragopan, at the nearby wildlife sanctuaries""]",Trek,"['Nature', 'Adventure', 'Trekking', 'Camping', 'Rock Climbing', 'Bird Watching']",8100,₹8k–₹12k,3,Summer – Spring,"['Summer', 'Spring']",Moderate,Quiet,https://upload.wikimedia.org/wikipedia/commons/thumb/a/a2/Ravangla_Town.jpg/3840px-Ravangla_Town.jpg,"['https://upload.wikimedia.org/wikipedia/commons/thumb/a/a2/Ravangla_Town.jpg/3840px-Ravangla_Town.jpg', 'https://images.unsplash.com/photo-1464822759023-fed622ff2c3b?auto=format&fit=crop&w=1800&q=80', 'https://images.unsplash.com/photo-1500382017468-9049fed747ef?auto=format&fit=crop&w=1800&q=80', 'https://images.unsplash.com/photo-1470071459604-3b5ec3a7fe05?auto=format&fit=crop&w=1800&q=80', 'https://images.unsplash.com/photo-1507525428034-b723cf961d3e?auto=format&fit=crop&w=1800&q=80']","['Trek to the summit of Maenam Hill, which offers breathtaking views of the surrounding landscape', 'Go rock climbing at the rugged cliffs of Tendong Hill, which offer a thrilling challenge for adventure seekers', 'Take a guided bird watching tour to spot exotic species, including the Himalayan monal and the satyr tragopan', 'Practice yoga and meditation amidst the serene surroundings of the Ralang Monastery']","['The viewpoint at Maenam Hill, which offers stunning views of the Teesta River and the surrounding landscape', 'The scenic Borong Lake, which is surrounded by lush green forests and offers a peaceful atmosphere', 'The picturesque Tendong Hill, which offers breathtaking views of the surrounding landscape and is a great spot for trekking and bird watching']","['Smoked Pork with Bamboo Shoot', 'Local Rice Cake', 'Assamese Thali']","['Ravangla Local Tribal Kitchen', 'Ravangla The Bamboo Shoot Restaurant']",[],Darjeeling,27.30513,88.36447
b66c2d99-4340-4cea-b338-452c15e325f7,barabar-caves,Barabar Caves,Bihar,Eastern India,The oldest surviving rock-cut caves in India.,"Barabar Caves are ancient rock-cut monuments dating back to the Maurya Empire (3rd century BCE), situated in the Jehanabad district. Carved out of massive granite monoliths, they are famous for their glass-like polished inner walls and unique echo chambers.","[""Witness the 2300-year-old glass-polished granite caves"",""Experience the incredible echo chambers of Lomas Rishi Cave"",""See Mauryan-era Ashokan inscriptions"",""Trek up the rocky Barabar hills""]",Village,"['Heritage', 'Culture', 'Photography', 'Offbeat']",5000,Under ₹8k,2,October – March,"['Autumn', 'Winter', 'Spring']",Easy,Untouched,https://images.unsplash.com/photo-1545128485-c400e7702796?auto=format&fit=crop&w=800&q=80,"['https://images.unsplash.com/photo-1545128485-c400e7702796?auto=format&fit=crop&w=800&q=80', 'https://images.unsplash.com/photo-1500382017468-9049fed747ef?auto=format&fit=crop&w=800&q=80']","['Explore Lomas Rishi and Sudama Caves', 'Trek to the Siddheshwar Nath temple on the hill', 'Listen to echo resonance inside the caves', 'Learn about Ashokan history from local guides']","['The arched doorway of Lomas Rishi Cave', 'Monolithic granite hills of Jehanabad', 'Polished mirror-like cave interiors']","['Bihari Khichdi', 'Litti Chokha', 'Sattu sharbat']","['Local tea stalls at the hill base', 'Gaya City restaurants (30 km)']","['Gaya (30 km)', 'Patna (70 km)', 'Nalanda (90 km)']",Ajanta Caves,25.018,85.062
b6869f7e-86b3-4b60-8d62-88b0467fdf9b,lohaghat,Lohaghat,Uttarakhand,Northern India,"Lohaghat: A tranquil Kumaoni retreat, where spiritual serenity meets ancient history amidst pristine Himalayan foothills.","Nestled in the Champawat district of Uttarakhand, Lohaghat is a serene hill station renowned for its lush green valleys, dense pine and deodar forests, and the gentle flow of the Lohawati River. Historically, it was a significant administrative and commercial center during the reign of the Chand rulers of Kumaon, and its rich past is interwoven with local legends, including tales of the demon king Banasur. Geographically, it serves as a gateway to several captivating treks in the Kali Kumaon region. The local experience is deeply rooted in Kumaoni culture, characterized by the warm hospitality of its inhabitants, traditional architecture, and an unhurried pace of life that invites spiritual contemplation and an immersion in nature's tranquility.","[""Advait Ashram (Mayawati Ashram), a spiritual haven founded by Swami Vivekananda's disciples, known for its peaceful environment and comprehensive library."",""Vanasur Ka Kila, the ruins of an ancient fort linked to the mythological king Banasur, offering breathtaking panoramic views of the surrounding valleys and mountains."",""Abbott Mount, a charming colonial-era hill station nearby, famous for its old bungalows, serene atmosphere, and spectacular vistas of the Nanda Devi and other Himalayan peaks."",""Shyamla Taal, a picturesque natural lake enveloped by dense forests, ideal for bird watching and tranquil reflection."",""The confluence of the Saryu and Kali rivers at Pancheshwar, a sacred spot known for its ancient Shiva temple and angling opportunities.""]",Trek,"['Nature', 'Adventure', 'Trekking', 'Camping', 'Rock Climbing', 'Bird Watching']",8100,₹8k–₹12k,3,Summer – Spring,"['Summer', 'Spring']",Moderate,Quiet,https://upload.wikimedia.org/wikipedia/commons/thumb/5/5e/Lohaghat_Market.jpg/3840px-Lohaghat_Market.jpg,"['https://upload.wikimedia.org/wikipedia/commons/thumb/5/5e/Lohaghat_Market.jpg/3840px-Lohaghat_Market.jpg', 'https://images.unsplash.com/photo-1464822759023-fed622ff2c3b?auto=format&fit=crop&w=1800&q=80', 'https://images.unsplash.com/photo-1500382017468-9049fed747ef?auto=format&fit=crop&w=1800&q=80', 'https://images.unsplash.com/photo-1470071459604-3b5ec3a7fe05?auto=format&fit=crop&w=1800&q=80', 'https://images.unsplash.com/photo-1507525428034-b723cf961d3e?auto=format&fit=crop&w=1800&q=80']","['Embark on a trek to Vanasur Ka Kila to explore historical ruins and witness expansive views of the Kumaon Himalayas.', 'Indulge in bird watching and nature walks through the vibrant biodiversity of the forests around Shyamla Taal and Pancheshwar.', 'Visit the Advait Ashram (Mayawati) for meditation, spiritual learning, and to explore its well-stocked library.', 'Experience stargazing and peaceful camping amidst the meadows and colonial charm of Abbott Mount.']","['The majestic views of the distant Himalayan range from Vanasur Ka Kila, especially during sunrise or sunset.', 'The quaint colonial bungalows and sweeping vistas of snow-capped peaks from various points in Abbott Mount.', 'The serene reflections on the calm waters of Shyamla Taal, framed by lush green forests.']","['Siddu', 'Pahadi Madra', 'Local Thali']","['Lohaghat Pahadi Rasoi Local Kitchen', 'Lohaghat Hilltop Cafe & Bistro']",[],Manali,29.4056,80.11535
b74d3b8e-c1ad-44b7-ba41-963767812fc7,kumbhalgarh,Kumbhalgarh,Rajasthan,Western India,"Experience the majestic grandeur of Kumbhalgarh, a historic village in Rajasthan, surrounded by the Aravalli Hills and home to the impressive Kumbhalgarh Fort.","Kumbhalgarh, a quaint village in the Rajsamand district of Rajasthan, is steeped in history and natural beauty. The village is famous for the majestic Kumbhalgarh Fort, a UNESCO World Heritage Site, which was built in the 15th century by Rana Kumbha. The fort is surrounded by the stunning Aravalli Hills, offering breathtaking views and a plethora of opportunities for nature lovers and photography enthusiasts. Visitors can explore the village's rich cultural heritage, including its ancient temples, and experience the warm hospitality of the locals. With its unique blend of history, culture, and natural beauty, Kumbhalgarh is an ideal destination for those seeking an authentic and off-the-beaten-path experience in Rajasthan.","[""Explore the impressive Kumbhalgarh Fort, a UNESCO World Heritage Site, and learn about its rich history and architectural significance"",""Visit the Badal Mahal, a beautiful palace within the Kumbhalgarh Fort, known for its stunning architecture and panoramic views"",""Discover the ancient Jain temples of Ranakpur, located near Kumbhalgarh, and marvel at their intricate carvings and sculptures"","" Witness the majestic wildlife of the Kumbhalgarh Wildlife Sanctuary, which is home to a variety of animals, including wolves, leopards, and sloth bears"",""Attend the annual Kumbhalgarh Festival, which showcases the region's rich cultural heritage through music, dance, and art performances""]",Village,"['Culture', 'Nature', 'Nature Walks', 'Photography', 'Local Sightseeing', 'Bird Watching']",8100,₹8k–₹12k,3,Winter – Spring,"['Winter', 'Spring']",Easy,Quiet,https://upload.wikimedia.org/wikipedia/commons/1/13/Kumbhalgarh_055.jpg,"['https://upload.wikimedia.org/wikipedia/commons/1/13/Kumbhalgarh_055.jpg', 'https://images.unsplash.com/photo-1464822759023-fed622ff2c3b?auto=format&fit=crop&w=1800&q=80', 'https://images.unsplash.com/photo-1500382017468-9049fed747ef?auto=format&fit=crop&w=1800&q=80', 'https://images.unsplash.com/photo-1470071459604-3b5ec3a7fe05?auto=format&fit=crop&w=1800&q=80', 'https://images.unsplash.com/photo-1507525428034-b723cf961d3e?auto=format&fit=crop&w=1800&q=80']","['Take a guided tour of the Kumbhalgarh Fort and learn about its history and significance', 'Go on a nature walk in the Aravalli Hills and spot a variety of flora and fauna', 'Visit the Kumbhalgarh Wildlife Sanctuary and take a safari tour to spot exotic wildlife', ""Explore the village's local markets and shop for traditional handicrafts and souvenirs""]","['The watchtowers of the Kumbhalgarh Fort, which offer stunning views of the surrounding landscape', 'The Ranakpur Jain temples, with their intricate carvings and sculptures', 'The sunset point at the Kumbhalgarh Fort, which offers breathtaking views of the Aravalli Hills']","['Dal Baati Churma', 'Saurashtra Thali', 'Goan Fish Curry']","['Kumbhalgarh Kathiyawadi Local Dhaba', 'Kumbhalgarh Rajasthani Thali House']",[],Lonavala,25.14805,73.58275
b7af30c7-68a8-4227-86fa-b75011fb37d3,landour,Landour,Uttarakhand,Northern India,"Landour: A serene British-era cantonment nestled in the Garhwal Himalayas, offering tranquil trails, colonial charm, and breathtaking mountain vistas.","Perched above the bustling hill station of Mussoorie, Landour is a quaint and historic cantonment town in Uttarakhand, India, established by the British in 1827. It retains an untouched, old-world charm, characterized by winding forested roads, colonial bungalows, and a profound sense of tranquility often missing in more commercialized destinations. The air is crisp with the scent of pine and deodar, and the gentle pace of life offers a stark contrast to its lively neighbor. It's a place where history whispers through crumbling stone walls, and the local culture is a blend of simple hill-folk traditions and the lingering legacy of its European past, evident in its unique architecture and institutions like the Landour Language School. Landour is more than just a destination; it's an experience of serene Himalayan living, perfect for those seeking solace amidst nature and a glimpse into a bygone era.","[""Lal Tibba Scenic Point: The highest point in Landour, offering spectacular panoramic views of the snow-capped Himalayan peaks, including Bandarpunch and Nanda Devi, especially vibrant during sunrise and sunset."",""Char Dukaan: A charming cluster of historic shops famous for its hot pancakes, waffles, Maggi, and tea, providing a quintessential Landour culinary and social experience."",""Sisters' Bazaar: Explore this small, unique market known for Prakash Stores, offering homemade jams, peanut butter, and local cheeses, alongside quaint local craft shops."",""Tranquil Forest Trails: Experience the serene beauty of Landour by walking along its peaceful forest paths, such as the one leading to Childer's Lodge, away from the crowds, enveloped by deodar and rhododendron trees."",""Colonial Architecture & Churches: Admire the well-preserved British colonial bungalows and historic churches such as St. Paul's Church and Kellogg's Memorial Church, which echo Landour's rich past.""]",Trek,"['Nature', 'Adventure', 'Trekking', 'Camping', 'Rock Climbing', 'Bird Watching']",8100,₹8k–₹12k,3,Summer – Spring,"['Summer', 'Spring']",Moderate,Quiet,https://upload.wikimedia.org/wikipedia/commons/6/62/Bandarpunch_from_Landour_%285283927315%29.jpg,"['https://upload.wikimedia.org/wikipedia/commons/6/62/Bandarpunch_from_Landour_%285283927315%29.jpg', 'https://images.unsplash.com/photo-1464822759023-fed622ff2c3b?auto=format&fit=crop&w=1800&q=80', 'https://images.unsplash.com/photo-1500382017468-9049fed747ef?auto=format&fit=crop&w=1800&q=80', 'https://images.unsplash.com/photo-1470071459604-3b5ec3a7fe05?auto=format&fit=crop&w=1800&q=80', 'https://images.unsplash.com/photo-1507525428034-b723cf961d3e?auto=format&fit=crop&w=1800&q=80']","['Trekking to Lal Tibba: Embark on a gentle trek through quiet, forested roads to reach Lal Tibba, enjoying the fresh mountain air and stunning vistas along the way.', ""Bird Watching along Pathways: Discover a rich variety of Himalayan birds while strolling along Landour's less-traveled paths and cantonment roads, perfect for nature enthusiasts."", 'Indulge at Landour Bakehouse: Savor freshly baked goods, artisanal breads, and coffee at the famous Landour Bakehouse, renowned for its old-world charm and delectable treats.', ""Explore Sisters' Bazaar & Prakash Stores: Browse local products and unique souvenirs at Sisters' Bazaar, and don't miss sampling the famous jams and cheeses at Prakash Stores.""]","['Lal Tibba Observatory: Capture the majestic expanse of the Himalayas, including clear views of prominent peaks, from the observation deck at Lal Tibba, especially at dawn or dusk.', ""St. Paul's Church Area: Photograph the beautiful stone architecture of St. Paul's Church set against the backdrop of towering deodar trees and often misty mountain skies."", ""Winding Roads with Colonial Bungalows: Frame the picturesque colonial bungalows nestled amidst dense forests along Landour's quiet, winding roads, showcasing its unique heritage and natural beauty.""]","['Siddu', 'Pahadi Madra', 'Local Thali']","['Landour Pahadi Rasoi Local Kitchen', 'Landour Hilltop Cafe & Bistro']",[],Manali,30.45684,78.10224
b80f587a-2511-4963-88e0-5cddb0c2aab6,dholavira,Dholavira,Gujarat,Western India,"Discover the ancient secrets of Dholavira, a 5,000-year-old archaeological marvel in the heart of Gujarat","Dholavira, a small village in the Kutch district of Gujarat, is an archaeological site of immense historical significance. Excavations have revealed the presence of a sophisticated urban settlement dating back to the Indus Valley Civilization, with impressive architecture, advanced water management systems, and a unique writing system. Visitors can immerse themselves in the region's distinct culture, which blends traditional Gujarati hospitality with the fascinating remnants of a bygone era. The scenic surroundings, characterized by the Great Rann of Kutch and the salty wetlands, also make Dholavira an attractive destination for nature enthusiasts and photographers.","[""The Dholavira Archaeological Site, a UNESCO World Heritage Site, featuring the remnants of a 5,000-year-old city"",""The Dholavira Museum, which houses a vast collection of artifacts and relics unearthed from the site"",""The Manhar Beach, a scenic stretch of coastline along the Gulf of Kutch"",""The Fossil Park, showcasing fossilized tree trunks that date back millions of years""]",Village,"['Culture', 'Nature Walks', 'Photography', 'Local Sightseeing', 'Bird Watching']",8100,₹8k–₹12k,3,Winter – Spring,"['Winter', 'Spring']",Easy,Quiet,https://upload.wikimedia.org/wikipedia/commons/thumb/8/89/DHOLAVIRA_SITE_%2824%29.jpg/3840px-DHOLAVIRA_SITE_%2824%29.jpg,"['https://upload.wikimedia.org/wikipedia/commons/thumb/8/89/DHOLAVIRA_SITE_%2824%29.jpg/3840px-DHOLAVIRA_SITE_%2824%29.jpg', 'https://images.unsplash.com/photo-1464822759023-fed622ff2c3b?auto=format&fit=crop&w=1800&q=80', 'https://images.unsplash.com/photo-1500382017468-9049fed747ef?auto=format&fit=crop&w=1800&q=80', 'https://images.unsplash.com/photo-1470071459604-3b5ec3a7fe05?auto=format&fit=crop&w=1800&q=80', 'https://images.unsplash.com/photo-1507525428034-b723cf961d3e?auto=format&fit=crop&w=1800&q=80']","['Take a guided tour of the archaeological site to learn about the history and significance of Dholavira', 'Explore the surrounding wetlands and observe the diverse birdlife, including migratory species', 'Visit the nearby villages to experience the traditional Kutchi culture and craftsmanship', 'Engage in photography to capture the unique landscapes and architectural wonders of Dholavira']","['The Grand Staircase, a well-preserved architectural feature of the ancient city', 'The Lower Town, offering a glimpse into the daily lives of the people who lived in Dholavira thousands of years ago', 'The Sunset Point, providing a breathtaking view of the Great Rann of Kutch at dusk']","['Dal Baati Churma', 'Saurashtra Thali', 'Goan Fish Curry']","['Dholavira Kathiyawadi Local Dhaba', 'Dholavira Rajasthani Thali House']",[],Lonavala,23.87501,70.21796
b87bdc22-0502-4ba0-bad5-e4b2d9a82b8d,farrukhnagar,Farrukhnagar,Haryana,Northern India,"Discover Farrukhnagar: A historical retreat nestled in the gentle Aravalli embrace, offering ancient wonders and tranquil nature trails.","Farrukhnagar, a historic town in Haryana's Gurugram district, presents a captivating blend of Mughal-era heritage and the rustic beauty of the Aravalli foothills. Founded in 1732 by Faujdar Khan, the first Nawab, the town was named after Emperor Farrukhsiyar and still boasts impressive structures from its past. While primarily celebrated for its architectural marvels like the exquisite Sheesh Mahal and a magnificent stepwell, Farrukhnagar also serves as a gateway to explore the surrounding semi-arid natural landscape. The local culture is deeply rooted in traditional Haryanvi life, with a strong agricultural base, providing visitors an authentic glimpse into rural customs, cuisine, and the unhurried pace of the countryside. Its strategic location at the edge of the Aravallis allows for unique opportunities to connect with nature and engage in outdoor activities beyond its historical core.","[""Marvel at the intricate glasswork and Mughal architecture of the historic Sheesh Mahal (Glass Palace) built by Faujdar Khan."",""Explore the impressive multi-tiered Faujdar Khan's Baoli (Stepwell), a testament to ancient water conservation and engineering."",""Walk through the surviving majestic Delhi Gate, one of the historic entrances that once guarded the fortified town."",""Engage in birdwatching within the nearby scrub forests and agricultural fields, home to various resident and migratory species, especially during cooler months."",""Experience the authentic charm of a traditional Haryanvi town, observing local life and cultural practices.""]",Trek,"['Nature', 'Adventure', 'Trekking', 'Camping', 'Rock Climbing', 'Bird Watching']",8100,₹8k–₹12k,3,Summer – Spring,"['Summer', 'Spring']",Moderate,Quiet,https://images.unsplash.com/photo-1506461883276-594a12b11db3?q=80&w=1000&auto=format&fit=crop,"['https://images.unsplash.com/photo-1506461883276-594a12b11db3?q=80&w=1000&auto=format&fit=crop', 'https://images.unsplash.com/photo-1464822759023-fed622ff2c3b?auto=format&fit=crop&w=1800&q=80', 'https://images.unsplash.com/photo-1500382017468-9049fed747ef?auto=format&fit=crop&w=1800&q=80', 'https://images.unsplash.com/photo-1470071459604-3b5ec3a7fe05?auto=format&fit=crop&w=1800&q=80', 'https://images.unsplash.com/photo-1507525428034-b723cf961d3e?auto=format&fit=crop&w=1800&q=80']","[""Embark on a Heritage Walk through Farrukhnagar's fortified town, visiting the Sheesh Mahal, Faujdar Khan's Baoli, and the ancient town gates on foot."", 'Undertake gentle hikes into the nearby Aravalli outcrops and foothills, exploring rocky terrains and enjoying panoramic views of the surrounding plains.', 'Savor traditional Haryanvi cuisine at a local dhaba or eatery, indulging in the rich and authentic flavors of the region.', 'Experience the tranquil rural night by camping near the town, enjoying clear views of the starlit sky away from urban light pollution.']","[""Capture the intricate designs and reflective surfaces of the Sheesh Mahal's facade and interiors."", ""Photograph the dramatic symmetry and depth of Faujdar Khan's Baoli from various angles, highlighting its architectural grandeur."", 'Witness and photograph the serene sunset over the Aravalli Foothills from a vantage point just outside the town, casting a golden hue over the rugged landscape.']","['Siddu', 'Pahadi Madra', 'Local Thali']","['Farrukhnagar Pahadi Rasoi Local Kitchen', 'Farrukhnagar Hilltop Cafe & Bistro']",[],Manali,28.46722,76.82537
b885cb78-9fa3-4223-8831-7e54aff3a9db,rangdum,Rangdum,Ladakh,Northern India,"Where the Suru Valley meets Zanskar, Rangdum offers a starkly beautiful high-altitude landscape crowned by an ancient monastery, a haven for tranquility and raw Himalayan grandeur.","Nestled at an elevation of approximately 3,657 meters (11,998 ft) in the remote Suru Valley of Ladakh, Rangdum serves as a cultural and geographical gateway between the Suru and Zanskar regions. Historically, it has been a crucial stop for traders and pilgrims traversing this challenging terrain. The landscape is a breathtaking tableau of high-altitude desert, surrounded by jagged peaks, some glacier-capped, and crisscrossed by the mighty Suru River. The small settlement, predominantly inhabited by semi-nomadic herdsmen during warmer months, exudes a profound sense of isolation and peace, offering a glimpse into a traditional Ladakhi-Zanskari way of life largely untouched by modern influences. The local culture is deeply rooted in Tibetan Buddhism, evident in the prayer flags fluttering in the crisp mountain air and the serene demeanor of its inhabitants.","[""Rangdum Gompa: Explore the 18th-century Buddhist monastery dramatically perched atop a central hillock, offering panoramic views and a profound spiritual experience."",""Proximity to Pensi La: Visit the Pensi La pass, the gateway to Zanskar, which offers spectacular vistas of the Drang-Drung Glacier and surrounding mountain ranges."",""Pristine Suru River Valley: Experience the untamed, vast, and pristine landscapes of the upper Suru River, a significant tributary flowing through Ladakh."",""Traditional Semi-Nomadic Lifestyle: Witness the unique seasonal life of the local inhabitants, their temporary camps, and herds of yaks and sheep, especially during summer."",""High-altitude Flora and Fauna: Observe unique alpine plant life, as well as wildlife like Himalayan marmots, pikas, and various high-altitude birds of prey.""]",Mountain,"['Nature', 'Nature Walks', 'Photography', 'Local Sightseeing', 'Bird Watching']",8100,₹8k–₹12k,3,Summer – Spring,"['Summer', 'Spring']",Moderate,Quiet,https://upload.wikimedia.org/wikipedia/commons/4/49/Rangdum.jpg,"['https://upload.wikimedia.org/wikipedia/commons/4/49/Rangdum.jpg', 'https://images.unsplash.com/photo-1464822759023-fed622ff2c3b?auto=format&fit=crop&w=1800&q=80', 'https://images.unsplash.com/photo-1500382017468-9049fed747ef?auto=format&fit=crop&w=1800&q=80', 'https://images.unsplash.com/photo-1470071459604-3b5ec3a7fe05?auto=format&fit=crop&w=1800&q=80', 'https://images.unsplash.com/photo-1507525428034-b723cf961d3e?auto=format&fit=crop&w=1800&q=80']","['Trek to Rangdum Gompa: Ascend to the 18th-century Rangdum Monastery for spiritual solace and unparalleled views of the surrounding valley.', 'Spot High-Altitude Wildlife: Keep an eye out for unique species like marmots, pikas, and various raptors such as Himalayan Griffons and Lammergeiers in the alpine meadows and rocky outcrops.', 'Experience Nomadic Hospitality: Engage with the local semi-nomadic communities, observe their traditional pastoral lifestyle, and perhaps share a cup of butter tea.', ""Photography of Drang-Drung Glacier from Pensi La: Drive to the Pensi La pass to capture the majestic expanse of one of Ladakh's largest glaciers, a truly awe-inspiring natural wonder.""]","['Rangdum Gompa at sunrise or sunset: Capture the iconic monastery perched on its hillock, bathed in the soft, dramatic light, contrasting with the rugged mountain backdrop.', 'Views from Pensi La Pass: Frame the magnificent Drang-Drung Glacier and the sprawling Zanskar range from the elevated vantage points of the pass.', 'Meandering Suru River: Find a vantage point overlooking the Suru River as it carves its path through the vast, barren landscape, especially where it widens into seasonal wetlands.']","['Siddu', 'Pahadi Madra', 'Local Thali']","['Rangdum Pahadi Rasoi Local Kitchen', 'Rangdum Hilltop Cafe & Bistro']",[],Manali,34.03619,76.372
b9d80294-fc8a-4007-b899-7cec4f8bf7e4,kawal-wildlife-sanctuary,Kawal Wildlife Sanctuary,Telangana,Southern India,"Immerse in the breathtaking natural beauty and rich biodiversity of Kawal Wildlife Sanctuary, Telangana's hidden gem.","Located in the Eastern Ghats of Telangana, India, the Kawal Wildlife Sanctuary is a treasure trove of flora and fauna. Spread across 893 square kilometers, this majestic sanctuary is home to over 400 species of plants, 150 species of birds, and 24 species of mammals, including the majestic tiger. With its rugged terrain, rolling hills, and pristine water bodies, Kawal Wildlife Sanctuary is a haven for nature lovers, photographers, and wildlife enthusiasts. The sanctuary offers a unique opportunity to experience the rich cultural heritage of the surrounding tribal communities and immerse in the tranquil ambiance of the dense forest. The sanctuary also features several waterfalls, including the beautiful Gummadi Guvvala waterfalls, which add to its natural charm.","[""Get up close with the majestic tiger, the symbol of India, in its natural habitat."",""Explore the rich biodiversity of the sanctuary, including its 400 species of plants and 150 species of birds."",""Take a guided nature walk to discover the hidden treasures of the sanctuary, including its unique rock formations and ancient tribal rock paintings."",""Visit the stunning Gummadi Guvvala waterfalls, a breathtaking sight amidst the lush green forest."",""Experience the traditional tribal culture of the surrounding communities at the Kawal Wildlife Sanctuary, a unique opportunity to connect with nature and its inhabitants.""]",Mountain,"['Wildlife', 'Nature Walks', 'Photography', 'Local Sightseeing', 'Bird Watching']",8100,₹8k–₹12k,3,Winter – Spring,"['Winter', 'Spring']",Easy,Quiet,https://upload.wikimedia.org/wikipedia/commons/4/48/Kawal_tiger_reserve.jpg,"['https://upload.wikimedia.org/wikipedia/commons/4/48/Kawal_tiger_reserve.jpg', 'https://images.unsplash.com/photo-1464822759023-fed622ff2c3b?auto=format&fit=crop&w=1800&q=80', 'https://images.unsplash.com/photo-1500382017468-9049fed747ef?auto=format&fit=crop&w=1800&q=80', 'https://images.unsplash.com/photo-1470071459604-3b5ec3a7fe05?auto=format&fit=crop&w=1800&q=80', 'https://images.unsplash.com/photo-1507525428034-b723cf961d3e?auto=format&fit=crop&w=1800&q=80']",['Go on a thrilling Jeep safari to explore the depths of the sanctuary and experience the thrill of spotting wildlife.'],"['The picturesque Gummadi Guvvala waterfalls, a perfect spot for capturing stunning photography and enjoying the tranquil ambiance of the surrounding forest.']","['Traditional Thali', 'Filter Coffee', 'Local Seafood']","['Kawal Wildlife Sanctuary Malgudi Filter Coffee & Tiffin', 'Kawal Wildlife Sanctuary Sree Local Mess']",[],Lonavala,19.11889,78.99897
ba2ff670-f3fa-448c-a038-dd92ce40f6cb,lolegaon,Lolegaon,West Bengal,Eastern India,"Escape into the verdant hills of West Bengal's hidden gem, Lolegaon, where adventure and nature entwine.","Nestled in the rolling hills of the Himalayan foothills, Lolegaon is a tranquil trekking paradise in the northern districts of West Bengal. This quaint village is the gateway to the Singalila Range, offering breathtaking vistas, pristine waterfalls, and a diverse range of flora and fauna. With its lush green forests, meandering rivers, and rugged terrain, Lolegaon is an adventurer's dream come true.","[""Embark on a challenging trek to the Kalimpong Peak, which promises panoramic views of the Himalayas and the Indo-Bhutan border."",""Explore the serene waters of the Reshikhel River, which flows gently through the heart of Lolegaon, offering picnic spots and relaxation."",""Visit the stunning Singalila National Park, home to the endangered red panda and a haven for bird-watchers, with over 200 species of birds."",""Experience the local culture and traditions by visiting the quaint Lepcha villages, where you can learn about the ancient customs and way of life.""]",Trek,"['Nature', 'Adventure', 'Trekking', 'Camping', 'Rock Climbing', 'Bird Watching']",8100,₹8k–₹12k,3,Winter – Spring,"['Winter', 'Spring']",Easy,Quiet,https://upload.wikimedia.org/wikipedia/commons/thumb/6/69/Longwood_%28Shimla%29.jpg/3840px-Longwood_%28Shimla%29.jpg,"['https://upload.wikimedia.org/wikipedia/commons/thumb/6/69/Longwood_%28Shimla%29.jpg/3840px-Longwood_%28Shimla%29.jpg', 'https://images.unsplash.com/photo-1464822759023-fed622ff2c3b?auto=format&fit=crop&w=1800&q=80', 'https://images.unsplash.com/photo-1500382017468-9049fed747ef?auto=format&fit=crop&w=1800&q=80', 'https://images.unsplash.com/photo-1470071459604-3b5ec3a7fe05?auto=format&fit=crop&w=1800&q=80', 'https://images.unsplash.com/photo-1507525428034-b723cf961d3e?auto=format&fit=crop&w=1800&q=80']","['Rock climbing at the Singalila Range, offering a thrilling experience for adrenaline junkies.', 'Bird watching at the Singalila National Park, where you can spot exotic species like the golden langur and the Himalayan monal.', 'Camping under the stars, amidst the tranquil forests and meadows of Lolegaon.', 'Trekking to the beautiful Tiffin Top, a picturesque spot offering stunning views of the surrounding hills.']","['The stunning waterfall at Reshikhel, a picturesque spot perfect for capturing the beauty of nature.', 'The tranquil meadows of Lolegaon, offering breathtaking views of the surrounding hills and valleys.', ""The Singalila Range, a photographers' paradise with its rugged terrain, lush forests, and majestic vistas.""]","['Local Traditional Thali', 'Spicy Curry']","['Lolegaon Bengali Spice Junction', 'Lolegaon Maa Durga Local Hotel']",[],Darjeeling,27.02041,88.56502
bad9c2f9-6338-494c-ab70-5e2c9e46ab62,yousmarg,Yousmarg,Jammu and Kashmir,Northern India,"Discover Yousmarg, the 'Meadow of Jesus,' a serene alpine paradise nestled in Kashmir's Pir Panjal mountains, perfect for tranquil escapes and adventurous treks.","Yousmarg, often translated as the ""Meadow of Jesus,"" is a breathtaking high-altitude meadow in the Budgam district of Jammu and Kashmir. Situated at an elevation of approximately 2,377 meters, it is embraced by the majestic Pir Panjal mountain range, offering panoramic views of snow-capped peaks and verdant valleys. Historically, local legends associate the area with Jesus, believing he once visited and resided here, lending it its unique name. Geographically, Yousmarg is characterized by its expansive green pastures, dense pine and fir forests, and the sparkling Doodhganga river meandering through its landscape.
The local experience is one of profound tranquility and natural beauty, far removed from the bustling city life. While there isn't a prominent cultural village directly within the meadow, the surrounding region is inhabited by local Gujjar and Bakarwal communities, whose nomadic lifestyle and vibrant traditions contribute to the area's authentic charm. Visitors often encounter shepherds with their flocks, adding to the pastoral idyllic scene. Its pristine environment makes it a haven for nature lovers and adventurers seeking solace and exploration in the heart of Kashmir.","[""Nilnag Lake: A beautiful blue-water lake, reflecting the surrounding pine forests, perfect for a peaceful outing and accessible via a pleasant walk."",""Doodhganga River: Observe the unique milky appearance of the Doodhganga River, originating from the Doodhganga glacier, as it flows through the valley."",""Sang-e-Safed (White Rocks) Valley: Embark on a rewarding trek to this pristine valley, renowned for its distinct white rock formations and expansive, untouched meadows."",""Alpine Pastures of Yousmarg: Immerse yourself in the vast, undulating green meadows of Yousmarg itself, bordered by ancient pines and offering breathtaking vistas of the Pir Panjal Range.""]",Trek,"['Nature', 'Adventure', 'Trekking', 'Camping', 'Rock Climbing', 'Bird Watching']",8100,₹8k–₹12k,3,Summer – Spring,"['Summer', 'Spring']",Moderate,Quiet,https://upload.wikimedia.org/wikipedia/commons/thumb/6/63/Yousmarg.jpg/3840px-Yousmarg.jpg,"['https://upload.wikimedia.org/wikipedia/commons/thumb/6/63/Yousmarg.jpg/3840px-Yousmarg.jpg', 'https://images.unsplash.com/photo-1464822759023-fed622ff2c3b?auto=format&fit=crop&w=1800&q=80', 'https://images.unsplash.com/photo-1500382017468-9049fed747ef?auto=format&fit=crop&w=1800&q=80', 'https://images.unsplash.com/photo-1470071459604-3b5ec3a7fe05?auto=format&fit=crop&w=1800&q=80', 'https://images.unsplash.com/photo-1507525428034-b723cf961d3e?auto=format&fit=crop&w=1800&q=80']","['Trekking to Sang-e-Safed: Embark on a trek to the captivating Sang-e-Safed (White Rocks) valley for stunning landscapes.', 'Horse Riding to Nilnag Lake: Enjoy a scenic horse ride through the meadows to the serene Nilnag Lake.', 'Camping under the Stars: Experience overnight camping amidst the tranquil meadows of Yousmarg, enjoying the pristine night sky.', 'Bird Watching along Doodhganga: Explore the banks of the Doodhganga river for opportunities to spot various Himalayan bird species.']","['Nilnag Lake Shore: Capture the clear blue waters of Nilnag Lake reflecting the surrounding dense pine and fir trees.', 'Yousmarg Meadows with Pir Panjal Backdrop: Frame the expansive green meadows with the majestic snow-capped peaks of the Pir Panjal range in the background.', 'Doodhganga River Bend: Photograph the unique milky flow of the Doodhganga River as it carves its path through the lush valley.']","['Siddu', 'Pahadi Madra', 'Local Thali']","['Yousmarg Pahadi Rasoi Local Kitchen', 'Yousmarg Hilltop Cafe & Bistro']",[],Manali,33.83,75.3
bbf6053e-7c4a-4b47-93b6-6dd3d976a68e,ziro-valley,Ziro Valley,Arunachal Pradesh,Northeastern India,"Pine groves, paddy fields and the rhythm of the Apatani.","A gentle saucer of green hidden in the eastern Himalaya, Ziro is home to the Apatani tribe and some of the most musical landscapes in India — terraced rice fields rimmed with bamboo and pine.","[""UNESCO-tentative cultural landscape"",""Home to the legendary Ziro Music Festival"",""Walks through Apatani villages and paddy-cum-fish farms"",""Bird-watching in Talley Valley Wildlife Sanctuary""]",Valley,"['Nature', 'Culture', 'Photography', 'Peaceful Retreat']",14000,₹12k–₹16k,5,March – October,"['Spring', 'Summer', 'Monsoon', 'Autumn']",Easy,Untouched,https://res.cloudinary.com/dizqquqfs/image/upload/q_auto/f_auto/v1781867078/ziro1_gzwqun.jpg,"['https://res.cloudinary.com/dizqquqfs/image/upload/q_auto/f_auto/v1781867078/ziro1_gzwqun.jpg', 'https://res.cloudinary.com/dizqquqfs/image/upload/q_auto/f_auto/v1781867078/ziro4_jcgg8p.jpg', 'https://res.cloudinary.com/dizqquqfs/image/upload/q_auto/f_auto/v1781867078/ziro2_wylczd.jpg', 'https://res.cloudinary.com/dizqquqfs/image/upload/q_auto/f_auto/v1781867078/ziro3_zrorrg.jpg']","['Walk through Hong, the largest Apatani village', 'Visit Talley Valley for cloud-forest treks', 'Cycle through the paddy fields at golden hour', 'Attend the Ziro Music Festival in late September']","['Apatani paddy fields beneath the hills', ""Aerial view of Ziro's green valley"", 'Welcome to Ziro cultural viewpoint']","['Pike Pila (smoked pork with bamboo shoot)', 'Apong (rice beer)', 'Sticky rice in leaf', 'Local trout']","['Takkako Lounge Bar & Cafe', 'Eastern Fusion Kitchen', 'T-Square Restaurant']","['Talley Valley', 'Meghna Cave Temple', 'Dolo Mando viewpoint']",Shillong,27.56981,93.8277
bd1b19bd-8048-4619-8a1a-6a088d085f41,kemmangundi,Kemmangundi,Karnataka,Southern India,"Experience the serene beauty of Kemmangundi, a picturesque hill station in Karnataka, surrounded by lush green forests and rolling hills.","Kemmangundi, located in the Tarikere taluk of Chikmagalur district, is a breathtaking hill station in Karnataka. With a rich history dating back to the 16th century, Kemmangundi was a favorite summer retreat of Krishnaraja Wodeyar IV, the king of Mysore. The region is known for its stunning natural beauty, with the Western Ghats range surrounding it. The hills are covered with lush green forests, and the area is home to a variety of flora and fauna, making it a nature lover's paradise. Visitors can trek through the hills, go bird watching, take leisurely nature walks, and capture the stunning scenery through photography. The region has a pleasant climate throughout the year, making it an ideal destination for those seeking a peaceful getaway from the hustle and bustle of city life.","[""Hebbe Falls, a picturesque waterfall surrounded by lush green forests, offering a stunning view and a serene atmosphere"",""Shantha Falls, a beautiful waterfall that cascades down a rocky slope, creating a misty veil that surrounds the area"",""Kemmangundi Raj Bhavan, a historic summer palace that showcases the region's rich history and architectural heritage"",""Mullayanagiri, the highest peak in Karnataka, offering breathtaking views of the surrounding landscape and a thrilling trekking experience"",""Bababudan Hills, a scenic range that offers stunning views of the surrounding landscape and is home to a variety of flora and fauna""]",Mountain,"['Nature', 'Trekking', 'Bird Watching', 'Nature Walks', 'Photography']",8100,₹8k–₹12k,3,Winter – Spring,"['Winter', 'Spring']",Easy,Quiet,https://upload.wikimedia.org/wikipedia/commons/6/64/Kemmangundi_fog.JPG,"['https://upload.wikimedia.org/wikipedia/commons/6/64/Kemmangundi_fog.JPG', 'https://images.unsplash.com/photo-1464822759023-fed622ff2c3b?auto=format&fit=crop&w=1800&q=80', 'https://images.unsplash.com/photo-1500382017468-9049fed747ef?auto=format&fit=crop&w=1800&q=80', 'https://images.unsplash.com/photo-1470071459604-3b5ec3a7fe05?auto=format&fit=crop&w=1800&q=80', 'https://images.unsplash.com/photo-1507525428034-b723cf961d3e?auto=format&fit=crop&w=1800&q=80']","['Trek to the nearby hills and explore the lush green forests, with trails ranging from easy to challenging', 'Go bird watching and spot a variety of species, including the Malabar whistling thrush and the Indian robin', ""Take a leisurely nature walk and enjoy the stunning scenery, with guided tours available for those who want to learn more about the region's flora and fauna"", 'Visit the nearby coffee plantations and learn about the coffee-making process, with many plantations offering tours and tastings']","['The viewpoint at the top of Mullayanagiri, offering breathtaking views of the surrounding landscape', 'The Hebbe Falls, with its picturesque surroundings and stunning waterfall', 'The sunset point at Kemmangundi, offering a stunning view of the setting sun amidst the rolling hills']","['Traditional Thali', 'Filter Coffee', 'Local Seafood']","['Kemmangundi Malgudi Filter Coffee & Tiffin', 'Kemmangundi Sree Local Mess']",[],Goa,13.51705,75.77137
bd2c3867-4666-4ddf-9b6b-203d8fc1ca0e,lolab-valley,Lolab Valley,Jammu and Kashmir,Northern India,"Experience the unspoiled beauty of Lolab Valley, a hidden gem in Jammu and Kashmir, nestled amidst lush green forests and majestic mountains.","Lolab Valley, situated in the Kupwara district of Jammu and Kashmir, is a picturesque destination known for its breathtaking landscapes, dense forests, and diverse wildlife. The valley is surrounded by the mighty Himalayas and is home to several rivers, including the Lolab River, which flows gently through the valley. With its rich cultural heritage and stunning natural beauty, Lolab Valley offers a unique and enriching experience for visitors, from nature walks and bird watching to photography and local sightseeing. The valley's serene atmosphere, coupled with its stunning scenery, makes it an ideal destination for those seeking a peaceful and rejuvenating getaway.","[""The historic village of Khurramabad, known for its ancient fort and mosque"",""The stunning Kalaroos Cave, a limestone cave with unique formations"",""The scenic Chandigam Lake, a popular spot for picnics and relaxation"",""The beautiful village of Kralpora, famous for its picturesque landscapes and traditional Kashmiri architecture""]",Valley,"['Nature', 'Nature Walks', 'Photography', 'Local Sightseeing', 'Bird Watching']",8100,₹8k–₹12k,3,Summer – Spring,"['Summer', 'Spring']",Moderate,Quiet,https://upload.wikimedia.org/wikipedia/commons/thumb/a/ad/Lolab_Valley-Kupwara.JPG/3840px-Lolab_Valley-Kupwara.JPG,"['https://upload.wikimedia.org/wikipedia/commons/thumb/a/ad/Lolab_Valley-Kupwara.JPG/3840px-Lolab_Valley-Kupwara.JPG', 'https://images.unsplash.com/photo-1464822759023-fed622ff2c3b?auto=format&fit=crop&w=1800&q=80', 'https://images.unsplash.com/photo-1500382017468-9049fed747ef?auto=format&fit=crop&w=1800&q=80', 'https://images.unsplash.com/photo-1470071459604-3b5ec3a7fe05?auto=format&fit=crop&w=1800&q=80', 'https://images.unsplash.com/photo-1507525428034-b723cf961d3e?auto=format&fit=crop&w=1800&q=80']","['Take a guided trek to the nearby mountains, offering breathtaking views of the valley', ""Go bird watching in the valley's lush forests, home to a diverse range of avian species"", 'Explore the local villages, experiencing the unique culture and traditions of the region', 'Enjoy a leisurely walk along the Lolab River, taking in the serene atmosphere and stunning scenery']","['The stunning views from the top of the Bungus Valley, overlooking the Lolab Valley', 'The picturesque village of Kralpora, with its traditional Kashmiri architecture and beautiful landscapes', 'The serene Chandigam Lake, surrounded by lush green forests and majestic mountains']","['Siddu', 'Pahadi Madra', 'Local Thali']","['Lolab Valley Pahadi Rasoi Local Kitchen', 'Lolab Valley Hilltop Cafe & Bistro']",[],Manali,34.50132,74.40525
bd842a8c-393e-4a39-9509-d8f662a0a6cc,roing,Roing,Arunachal Pradesh,Northeastern India,"Immerse in Arunachal's uncharted wilderness at Roing, Asia's Canoeing Capital.","Nestled in the heart of Arunachal Pradesh, Roing - a serene retreat for adventure-seekers and nature lovers alike - is the gateway to the mighty Dibang Valley. Its pristine waters, picturesque landscapes and vast expanse of untouched wilderness make it a true paradise for those who yearn for an adrenaline-fueled escapade. As the Asia's Canoeing Capital, Roing offers an unparalleled experience of paddling along the tranquil Dibang River, with its crystal-clear waters reflecting the beauty of the surrounding landscape. Rich in biodiversity, the area is home to a variety of flora and fauna, including the majestic red panda and the elusive snow leopard. For the intrepid, Roing offers an array of trekking trails that wind through lush forests and offer breathtaking views of the surrounding mountains.","[""Embark on a thrilling whitewater rafting experience down the Dibang River, which flows through rugged gorges and picturesque valleys."",""Discover the tranquil beauty of the Dibang Valley as you hike through lush forests and encounter an array of exotic wildlife."",""Visit the majestic Mai de Deen Village, a traditional Tana village nestled in the heart of the Dibang Valley."",""Get a glimpse of the endangered red panda, an elusive creature found in the pristine forests surrounding Roing."",""Immerse in the rich cultural heritage of the local Monpa community and experience their unique traditions and cuisine.""]",Trek,"['Nature', 'Adventure', 'Trekking', 'Camping', 'Rock Climbing', 'Bird Watching']",8100,₹8k–₹12k,3,Summer – Spring,"['Summer', 'Spring']",Moderate,Quiet,https://upload.wikimedia.org/wikipedia/commons/thumb/6/60/Flag_of_Arunachal_Pradesh.svg/960px-Flag_of_Arunachal_Pradesh.svg.png,"['https://upload.wikimedia.org/wikipedia/commons/thumb/6/60/Flag_of_Arunachal_Pradesh.svg/960px-Flag_of_Arunachal_Pradesh.svg.png', 'https://images.unsplash.com/photo-1464822759023-fed622ff2c3b?auto=format&fit=crop&w=1800&q=80', 'https://images.unsplash.com/photo-1500382017468-9049fed747ef?auto=format&fit=crop&w=1800&q=80', 'https://images.unsplash.com/photo-1470071459604-3b5ec3a7fe05?auto=format&fit=crop&w=1800&q=80', 'https://images.unsplash.com/photo-1507525428034-b723cf961d3e?auto=format&fit=crop&w=1800&q=80']","['Camp under the stars at the picturesque Dibang Valley campsite, surrounded by towering mountains and tranquil rivers.', 'Take a leisurely canoe ride down the serene Dibang River, paddling through crystal-clear waters and pristine forests.', 'Trek through the lush forests of the Dibang Valley, offering breathtaking views of the surrounding mountains and valleys.', 'Go birdwatching and spot exotic species such as the white-winged duck and the critically endangered greater slaty-headed parakeet.']","['The Dibang River confluence view, where the majestic Dibang River meets its tributaries, offering breathtaking views of the surrounding landscape.', 'The Roing Rock View, a vantage point overlooking the picturesque Dibang Valley, perfect for capturing stunning sunsets and sunrises.', 'The Tidding Eco Camp view, a scenic spot nestled in the heart of the Dibang Valley, offering breathtaking views of the surrounding mountains and forests.']","['Smoked Pork with Bamboo Shoot', 'Local Rice Cake', 'Assamese Thali']","['Roing Local Tribal Kitchen', 'Roing The Bamboo Shoot Restaurant']",[],Shillong,28.13685,95.84308
bf388dd1-a6ba-42d7-8acb-20d6b82a0921,courtallam,Courtallam,Tamil Nadu,Southern India,Courtallam - A haven where 10 waterfalls merge into the tranquil Palaruvi River.,"Situated in the Tirunelveli district of Tamil Nadu, Courtallam beckons nature enthusiasts with its 10 breathtaking waterfalls. This stunning mountain getaway offers a medley of thrilling waterfalls, lush green surroundings, and vibrant wildlife. Visitors can trek through the serene forests, take in the enchanting vistas, or simply relax at the base of these captivating waterfalls. The unique blend of Tamil Nadu's rich cultural heritage and Courtallam's majestic natural beauty creates an unforgettable experience.","[""Experience the enchanting beauty of Palaruvi Falls, one of the highest waterfalls in India, cascading 200 meters into a tranquil pool."",""Explore the breathtaking Courtallam Falls, a picturesque cascade surrounded by lush greenery and scenic walkways."",""Embark on a trek to the Seven Steps Falls, a series of cascading waterfalls surrounded by vibrant flowers and lush foliage."",""Marvel at the majestic Agasthyakona Falls, a breathtaking cascade nestled amidst the dense forest of the Western Ghats."",""Visit the Aaliyar Dam, a scenic reservoir perfect for a relaxing boat ride and serene surroundings.""]",Mountain,"['Nature', 'Nature Walks', 'Photography', 'Local Sightseeing', 'Bird Watching']",8100,₹8k–₹12k,3,Winter – Spring,"['Winter', 'Spring']",Easy,Quiet,https://upload.wikimedia.org/wikipedia/commons/f/f5/Courtallam.jpg,"['https://upload.wikimedia.org/wikipedia/commons/f/f5/Courtallam.jpg', 'https://images.unsplash.com/photo-1464822759023-fed622ff2c3b?auto=format&fit=crop&w=1800&q=80', 'https://images.unsplash.com/photo-1500382017468-9049fed747ef?auto=format&fit=crop&w=1800&q=80', 'https://images.unsplash.com/photo-1470071459604-3b5ec3a7fe05?auto=format&fit=crop&w=1800&q=80', 'https://images.unsplash.com/photo-1507525428034-b723cf961d3e?auto=format&fit=crop&w=1800&q=80']","['Participate in the popular tribal dance performances at the local tribal community centre.', ""Indulge in a refreshing trek through the lush forests and scenic pathways surrounding Courtallam's waterfalls."", 'Take a rejuvenating dip in the tranquil waters of Palaruvi Falls, famous for its supposed health benefits.', 'Visit the ancient tribal temple, located at the top of the Courtallam hills, offering panoramic views of the surrounding landscape.']","['Capture the breathtaking majesty of Palaruvi Falls, framed by lush greenery and towering boulders.', 'Take a scenic shot of the Courtallam Falls, surrounded by vibrant wildflowers and picturesque walkways.', 'Panorama the vibrant sunset hues reflected in the rippling waters of the Aaliyar Dam.']","['Traditional Thali', 'Filter Coffee', 'Local Seafood']","['Courtallam Malgudi Filter Coffee & Tiffin', 'Courtallam Sree Local Mess']",[],Lonavala,8.93288,77.27146
c014edf8-9f1e-464a-9bd0-3bcadfd1d18e,bhongir-fort,Bhongir Fort,Telangana,Southern India,"Discover the ancient charm of Telangana's majestic Bhongir Fort, a testament to the region's rich cultural heritage.","Bhongir Fort, a village located in the heart of Telangana, India, is a historical fort and archaeological site that dates back to the 12th century. Built on a single rock monolith, the fort stands as a remarkable architectural wonder, showcasing the ingenuity and craftsmanship of ancient Indian civilizations. As you explore the winding streets and narrow alleys of this quaint village, you are transported to an era of grandeur and mysticism. The surrounding landscape, dotted with rolling hills and lush green forests, offers a serene backdrop for a leisurely nature walk or bird watching excursion.","[""Explore the Bhongir Fort's imposing walls, intricate carvings, and ornate temples"",""Witness the majestic views of the surrounding landscape from the fort's high vantage points"",""Visit the Kusuma Sagara Dam, a serene spot for a picnic or a relaxing boat ride"",""Spot exotic bird species in their natural habitat on a guided bird watching tour""]",Village,"['Culture', 'Nature Walks', 'Photography', 'Local Sightseeing', 'Bird Watching']",8100,₹8k–₹12k,3,Winter – Spring,"['Winter', 'Spring']",Easy,Quiet,https://upload.wikimedia.org/wikipedia/commons/1/1e/Bhongir_Fort_Royal_gate.jpg,"['https://upload.wikimedia.org/wikipedia/commons/1/1e/Bhongir_Fort_Royal_gate.jpg', 'https://images.unsplash.com/photo-1464822759023-fed622ff2c3b?auto=format&fit=crop&w=1800&q=80', 'https://images.unsplash.com/photo-1500382017468-9049fed747ef?auto=format&fit=crop&w=1800&q=80', 'https://images.unsplash.com/photo-1470071459604-3b5ec3a7fe05?auto=format&fit=crop&w=1800&q=80', 'https://images.unsplash.com/photo-1507525428034-b723cf961d3e?auto=format&fit=crop&w=1800&q=80']","['Embark on a leisurely hike through the surrounding hills and forests, offering breathtaking views of the fort and the surrounding landscape', 'Participate in a traditional Telangana cooking class, where you can learn to prepare local delicacies using ancient recipes', 'Visit a local market or a village art studio to explore traditional craftsmanship and handicrafts', 'Relax in a nearby village resort or homestay, offering a tranquil getaway amidst nature']","['The iconic Bhongir Fort at sunrise, when the morning mist casts a mystical aura over the imposing walls', ""The majestic dam, Kusuma Sagara, which reflects the fort's towering silhouette on its still waters"", 'A scenic viewpoint overlooking the rolling hills and lush forests, offering a picturesque panorama of the surrounding landscape']","['Traditional Thali', 'Filter Coffee', 'Local Seafood']","['Bhongir Fort Malgudi Filter Coffee & Tiffin', 'Bhongir Fort Sree Local Mess']",[],Lonavala,17.51489,78.8924
c0874642-6f94-4d60-9b01-47ec246efb93,melukote,Melukote,Karnataka,Southern India,"Experience the serene beauty of Melukote, a picturesque hill town in Karnataka, nestled in the heart of the Eastern Ghats.","Melukote, situated in the Mandya district of Karnataka, is a tranquil hill town that boasts a rich history, cultural significance, and breathtaking natural beauty. This ancient town is home to the famous Cheluvanarayana Swamy Temple, a prominent pilgrimage site, and the Yoganarasimha Temple, which attracts devotees and architecture enthusiasts alike. The town's stunning landscape, with its lush green forests, rolling hills, and scenic valleys, offers a perfect setting for nature walks, photography, and bird watching. With its unique blend of history, culture, and natural beauty, Melukote is an ideal destination for those seeking a peaceful retreat from the hustle and bustle of city life.","[""The Cheluvanarayana Swamy Temple, a 12th-century temple dedicated to Lord Vishnu"",""The Yoganarasimha Temple, a stunning example of Hoysala architecture"",""The Rayagad Fort, a historic fort that offers panoramic views of the surrounding landscape"",""The Kalyani Pond, a serene and tranquil spot for relaxation and photography"",""The Acarya Hill, which offers breathtaking views of the town and the surrounding hills""]",Mountain,"['Nature', 'Nature Walks', 'Photography', 'Local Sightseeing', 'Bird Watching']",8100,₹8k–₹12k,3,Winter – Spring,"['Winter', 'Spring']",Easy,Quiet,https://upload.wikimedia.org/wikipedia/commons/1/11/Melukotetemple.jpg,"['https://upload.wikimedia.org/wikipedia/commons/1/11/Melukotetemple.jpg', 'https://images.unsplash.com/photo-1464822759023-fed622ff2c3b?auto=format&fit=crop&w=1800&q=80', 'https://images.unsplash.com/photo-1500382017468-9049fed747ef?auto=format&fit=crop&w=1800&q=80', 'https://images.unsplash.com/photo-1470071459604-3b5ec3a7fe05?auto=format&fit=crop&w=1800&q=80', 'https://images.unsplash.com/photo-1507525428034-b723cf961d3e?auto=format&fit=crop&w=1800&q=80']","['Take a guided tour of the Cheluvanarayana Swamy Temple and the Yoganarasimha Temple', 'Go on a nature walk in the surrounding forests and hills', 'Engage in bird watching and spot various species of birds in the area', 'Visit the Rayagad Fort and explore its historic significance']","['The viewpoint near the Rayagad Fort, which offers stunning views of the sunset', 'The Kalyani Pond, which is surrounded by lush greenery and offers a serene atmosphere', 'The Acarya Hill, which provides panoramic views of the town and the surrounding landscape']","['Traditional Thali', 'Filter Coffee', 'Local Seafood']","['Melukote Malgudi Filter Coffee & Tiffin', 'Melukote Sree Local Mess']",[],Lonavala,12.66241,76.64965
c26912db-bf06-4ef1-99a5-0032e71cdc4c,osian,Osian,Rajasthan,Western India,"Experience the ancient charm of Osian, a tranquil village in Rajasthan, steeped in history, culture, and natural beauty.","Osian, a quaint village in Rajasthan, is a treasure trove of history, culture, and natural beauty. With its ancient temples, vibrant marketplaces, and picturesque landscapes, Osian offers a unique and immersive experience for visitors. The village is home to several notable temples, including the Sachiya Mata Temple and the Mahavira Temple, which showcase the region's rich architectural heritage. The surrounding landscape, characterized by sand dunes, rugged hills, and sparse vegetation, provides ample opportunities for nature walks, bird watching, and photography. As the sun sets, the village comes alive with the sounds of local musicians and the aroma of traditional cuisine, making Osian an ideal destination for those seeking an authentic rural experience.","[""The Sachiya Mata Temple, a 9th-century temple dedicated to the goddess Sachiya, known for its intricate carvings and stunning architecture"",""The Mahavira Temple, a 8th-century Jain temple featuring exquisite stone carvings and sculptures"",""The Osian Museum, which showcases the region's history, art, and culture through its extensive collection of artifacts and exhibits"",""The ancient Harihara Temple, a 8th-century temple dedicated to Lord Shiva and Lord Vishnu, showcasing the region's rich spiritual heritage""]",Village,"['Culture', 'Nature Walks', 'Photography', 'Local Sightseeing', 'Bird Watching']",8100,₹8k–₹12k,3,Winter – Spring,"['Winter', 'Spring']",Easy,Quiet,https://upload.wikimedia.org/wikipedia/commons/e/e6/Osiyan1_photo_wiki.jpg,"['https://upload.wikimedia.org/wikipedia/commons/e/e6/Osiyan1_photo_wiki.jpg', 'https://images.unsplash.com/photo-1464822759023-fed622ff2c3b?auto=format&fit=crop&w=1800&q=80', 'https://images.unsplash.com/photo-1500382017468-9049fed747ef?auto=format&fit=crop&w=1800&q=80', 'https://images.unsplash.com/photo-1470071459604-3b5ec3a7fe05?auto=format&fit=crop&w=1800&q=80', 'https://images.unsplash.com/photo-1507525428034-b723cf961d3e?auto=format&fit=crop&w=1800&q=80']","['Take a guided tour of the ancient temples and learn about their history and significance', 'Go on a nature walk through the surrounding sand dunes and rugged hills, spotting local wildlife and bird species', 'Explore the vibrant marketplaces and shop for local handicrafts, textiles, and souvenirs', ""Attend a traditional folk music and dance performance at a local venue, experiencing the region's rich cultural heritage""]","['The Sachiya Mata Temple at sunrise, offering breathtaking views of the surrounding landscape', ""The Mahavira Temple's intricately carved stone facade, providing a unique photography opportunity"", 'The sand dunes of Osian, perfect for capturing stunning sunset shots and panoramic views of the surrounding landscape']","['Dal Baati Churma', 'Saurashtra Thali', 'Goan Fish Curry']","['Osian Kathiyawadi Local Dhaba', 'Osian Rajasthani Thali House']",[],Lonavala,26.79095,72.998
c2cbd1db-f0db-456d-a64f-1f5f074f64d6,alchi,Alchi,Ladakh,Northern India,"Alchi: An ancient artistic jewel along the Indus, where centuries-old murals narrate Ladakh's vibrant Buddhist legacy.","Nestled on the banks of the mighty Indus River, approximately 70 kilometers west of Leh, Alchi is a tranquil village renowned for its ancient monastic complex, the Alchi Choskor. Unlike most monasteries perched on hilltops, Alchi Gompa is uniquely situated on flat ground, founded in the 10th-11th century by the great translator Rinchen Zangpo. It stands as a testament to early Tibetan Buddhist art and architecture, notably influenced by Kashmiri styles. The complex is an extraordinary repository of murals and wooden sculptures, many dating back to the 11th and 12th centuries, preserving artistic traditions that have largely vanished elsewhere. The village itself offers a peaceful retreat, with lush apricot and apple orchards contrasting with the stark, majestic Himalayan landscape. Life here is serene, deeply interwoven with Buddhist traditions and agricultural rhythms, providing visitors a profound glimpse into Ladakh's cultural heritage.","[""Alchi Choskor Complex: Explore the exquisite Alchi Monastery complex, a UNESCO World Heritage site known for its flat-ground layout and rare Indo-Tibetan Buddhist art."",""Sumtsek Temple: Marvel at the three-story Sumtsek Temple within the complex, featuring magnificent carved wooden sculptures of Bodhisattvas and vibrant frescoes."",""Dukhang (Assembly Hall): Witness the elaborate murals depicting Mandalas and scenes from Buddha's life in the Dukhang, the oldest structure in the Alchi Choskor."",""Manjushri Temple (Jampe Lhakang): Discover the unique four-sided image of Manjushri and its intricate details, showcasing distinct Kashmiri artistic influences."",""Indus River Serenity: Experience the peaceful ambiance by the banks of the Indus River, offering a serene contrast to the arid mountain backdrop.""]",Mountain,"['Nature', 'Nature Walks', 'Photography', 'Local Sightseeing', 'Bird Watching']",8100,₹8k–₹12k,3,Summer – Spring,"['Summer', 'Spring']",Moderate,Quiet,https://upload.wikimedia.org/wikipedia/commons/thumb/e/ee/Indus_River_in_Ladakh_03.jpg/3840px-Indus_River_in_Ladakh_03.jpg,"['https://upload.wikimedia.org/wikipedia/commons/thumb/e/ee/Indus_River_in_Ladakh_03.jpg/3840px-Indus_River_in_Ladakh_03.jpg', 'https://images.unsplash.com/photo-1464822759023-fed622ff2c3b?auto=format&fit=crop&w=1800&q=80', 'https://images.unsplash.com/photo-1500382017468-9049fed747ef?auto=format&fit=crop&w=1800&q=80', 'https://images.unsplash.com/photo-1470071459604-3b5ec3a7fe05?auto=format&fit=crop&w=1800&q=80', 'https://images.unsplash.com/photo-1507525428034-b723cf961d3e?auto=format&fit=crop&w=1800&q=80']","['Art Exploration at Alchi Choskor: Spend hours deciphering the detailed 11th-century murals and wooden carvings inside the various temples of the Alchi Monastery.', 'Village Walk and Apricot Orchards: Stroll through the charming village, walk among the verdant apricot and apple orchards, and observe local life.', 'Traditional Ladakhi Meal: Savor authentic Ladakhi cuisine at one of the local guesthouses or small eateries, often prepared with locally sourced ingredients.', 'Riverbank Reflection: Find a quiet spot along the Indus River to enjoy the tranquility, engage in bird watching, or simply absorb the stunning natural scenery.']","['Alchi Choskor Exteriors: Capture the unique architecture of the ancient monastery complex against the dramatic backdrop of the barren Ladakhi mountains.', 'Indus River Bend near Alchi: Photograph the majestic Indus River as it carves its way through the valley, offering breathtaking views from vantage points near the village.', 'Ancient Chortens leading to the Gompa: Frame the cluster of historic chortens (stupas) at the entrance of the Alchi complex, often adorned with prayer flags, with the monastery in the background.']","['Siddu', 'Pahadi Madra', 'Local Thali']","['Alchi Pahadi Rasoi Local Kitchen', 'Alchi Hilltop Cafe & Bistro']",[],Manali,34.22363,77.17406
c3d097c4-b2b3-4b3e-8c5b-83eb8ebca0b5,prashar-lake,Prashar Lake,Himachal Pradesh,Northern India,"Discover the mystical blue waters of Prashar Lake, cradled amidst the Dhauladhar ranges, a serene haven for spiritual seekers and nature lovers.","Prashar Lake, nestled at an altitude of approximately 2,730 meters in the Mandi district of Himachal Pradesh, is a breathtaking high-altitude glacial lake steeped in ancient legend and natural beauty. Named after Sage Prashar, who is believed to have meditated on its shores, the lake is renowned for its deep blue waters and a unique floating island that continuously shifts its position, a phenomenon that puzzles scientists and fascinates visitors. Surrounded by the majestic Dhauladhar, Pir Panjal, and Kinnaur mountain ranges, the lake’s serene ambiance is further enhanced by the presence of a three-story Pagoda-style temple dedicated to the sage, a testament to 13th-century Himachali architecture and local craftsmanship. The journey to Prashar Lake, often undertaken as a picturesque trek, offers an authentic glimpse into the rustic charm of Himachali villages and the untouched splendor of the Western Himalayas, making it a revered pilgrimage site and a paradise for trekkers and photographers alike.","[""Witness the enigmatic floating island (Dwip) on Prashar Lake, a unique ecological marvel."",""Explore the ancient three-storied Pagoda-style Prashar Rishi Temple, an architectural gem from the 13th century."",""Experience unparalleled 180-degree panoramic views of the Dhauladhar, Pir Panjal, and Kinnaur mountain ranges."",""Trek through dense forests and picturesque meadows to reach the tranquil high-altitude lake."",""Immerse yourself in the spiritual calm and pristine natural beauty of this sacred site.""]",Mountain,"['Nature', 'Nature Walks', 'Photography', 'Local Sightseeing', 'Bird Watching']",8100,₹8k–₹12k,3,Summer – Spring,"['Summer', 'Spring']",Moderate,Quiet,https://upload.wikimedia.org/wikipedia/commons/thumb/7/75/Prashar_Lake_and_temple_%2CMandi_%2CHimachal_Pardesh.jpg/3840px-Prashar_Lake_and_temple_%2CMandi_%2CHimachal_Pardesh.jpg,"['https://upload.wikimedia.org/wikipedia/commons/thumb/7/75/Prashar_Lake_and_temple_%2CMandi_%2CHimachal_Pardesh.jpg/3840px-Prashar_Lake_and_temple_%2CMandi_%2CHimachal_Pardesh.jpg', 'https://images.unsplash.com/photo-1464822759023-fed622ff2c3b?auto=format&fit=crop&w=1800&q=80', 'https://images.unsplash.com/photo-1500382017468-9049fed747ef?auto=format&fit=crop&w=1800&q=80', 'https://images.unsplash.com/photo-1470071459604-3b5ec3a7fe05?auto=format&fit=crop&w=1800&q=80', 'https://images.unsplash.com/photo-1507525428034-b723cf961d3e?auto=format&fit=crop&w=1800&q=80']","['Embark on the invigorating trek from Baggi or Jwalapur to Prashar Lake.', 'Offer prayers and admire the unique architecture of the Prashar Rishi Temple.', 'Engage in bird watching amidst the surrounding Himalayan forests.', 'Camp overnight near the lake to witness spectacular sunrises and starry night skies.']","['The view of Prashar Lake with the floating island and the Pagoda temple against the backdrop of snow-capped mountains.', 'The ridge walk above the lake offering expansive views of the surrounding Himalayan ranges.', 'Detailed shots of the intricate wooden architecture of the Prashar Rishi Temple.']","['Siddu', 'Pahadi Madra', 'Local Thali']","['Prashar Lake Pahadi Rasoi Local Kitchen', 'Prashar Lake Hilltop Cafe & Bistro']",[],Manali,31.75448,77.10164
c3e6eb39-f2f0-4a13-b7dc-440a41898348,turtuk,Turtuk,Ladakh,Northern India,"Discover Turtuk, a captivating Balti village nestled in Ladakh's Nubra Valley, offering a glimpse into a unique culture at India's frontier.","Turtuk is a hidden gem in Ladakh, one of the northernmost villages in India, situated in the breathtaking Nubra Valley, very close to the Line of Control with Pakistan. This charming hamlet was part of Pakistan-occupied Kashmir until 1971 when it was reclaimed by India. Its unique history has preserved a distinct Balti culture, language, and traditions, making it a living museum. Unlike most of Ladakh, Turtuk is lush green, blessed by the Shyok River, with abundant apricot orchards and fields of buckwheat, creating an oasis in the high-altitude desert.

The village offers a rare opportunity to experience a culture that has blended Tibetan, Indian, and Central Asian influences. The hospitality of its inhabitants, their simple yet vibrant way of life, and the stunning natural beauty characterized by towering peaks, glacial meltwater streams, and fertile terraced fields, make Turtuk an unforgettable destination for those seeking authenticity and tranquility away from the usual tourist trails. It truly feels like stepping back in time.","[""Experience the unique Balti culture and language, distinct from mainstream Ladakhi culture."",""Explore the 'Last Indian Village' before the Line of Control, offering a significant geographical and historical perspective."",""Wander through vibrant apricot orchards and lush green fields, a rare sight in the arid Ladakh region."",""Visit the historic wooden mosque, a testament to the village's cultural heritage."",""Witness the traditional stone houses and unique architecture of the Balti people.""]",Mountain,"['Nature', 'Nature Walks', 'Photography', 'Local Sightseeing', 'Bird Watching']",8100,₹8k–₹12k,3,Summer – Spring,"['Summer', 'Spring']",Moderate,Quiet,https://upload.wikimedia.org/wikipedia/commons/thumb/1/1a/River_Shyok%2C_Turtuk_Village%2C_Ladakh.JPG/3840px-River_Shyok%2C_Turtuk_Village%2C_Ladakh.JPG,"['https://upload.wikimedia.org/wikipedia/commons/thumb/1/1a/River_Shyok%2C_Turtuk_Village%2C_Ladakh.JPG/3840px-River_Shyok%2C_Turtuk_Village%2C_Ladakh.JPG', 'https://images.unsplash.com/photo-1464822759023-fed622ff2c3b?auto=format&fit=crop&w=1800&q=80', 'https://images.unsplash.com/photo-1500382017468-9049fed747ef?auto=format&fit=crop&w=1800&q=80', 'https://images.unsplash.com/photo-1470071459604-3b5ec3a7fe05?auto=format&fit=crop&w=1800&q=80', 'https://images.unsplash.com/photo-1507525428034-b723cf961d3e?auto=format&fit=crop&w=1800&q=80']","['Interact with local villagers to learn about their Balti traditions and way of life.', 'Trek along the Shyok River and explore the surrounding terraced fields and apricot groves.', 'Visit the local monastery or gompa overlooking the village for panoramic views and spiritual insight.', 'Sample local Balti cuisine, including buckwheat pancakes (Prapu) and apricot-based dishes.']","['The traditional wooden bridge spanning a glacial stream within the village, framed by old Balti houses.', 'Panoramic viewpoint near the monastery, offering sweeping views of Turtuk village, the Shyok River, and surrounding snow-capped peaks.', 'Inside an apricot orchard during harvest season, capturing the lush greenery and traditional life.']","['Siddu', 'Pahadi Madra', 'Local Thali']","['Turtuk Pahadi Rasoi Local Kitchen', 'Turtuk Hilltop Cafe & Bistro']",[],Manali,34.8447,76.82795
c413b303-ed9c-4d27-9c64-826da5be901a,kakolem-beach,Kakolem Beach,Goa,Western India,"Escape to the secluded and serene Kakolem Beach in South Goa, where turquoise waters meet golden sands and majestic cliffs.","Kakolem Beach, nestled in the picturesque coastal village of Kakolem in South Goa, is a tranquil and picturesque destination that embodies the authentic charm of Goa. With its dramatic landscape of towering cliffs, pristine waters, and powdery white sand, Kakolem Beach is an offbeat gem that offers an unparalleled beach experience. This secluded beach is an ideal haven for those seeking solitude, serenity, and an immersive connection with nature. The surrounding landscape is dotted with palm trees, adding to the beach's natural beauty and creating a unique ambiance that is both calming and invigorating.","[""The Kakolem Beach is a turtle nesting site, making it a unique spot for nature lovers and wildlife enthusiasts."",""The beach offers stunning views of the sunset, with the sky turning pink and orange as the day comes to a close."",""The nearby village of Kakolem provides an opportunity to experience the local Goan culture and cuisine."",""The beach is surrounded by rocky cliffs, making it an ideal spot for swimming, sunbathing, and beach walks."",""The Cola Beach, also known as Khola Beach, is located nearby and is accessible via a scenic boat ride.""]",Beach,"['Beach', 'Swimming', 'Sunbathing', 'Beach Walks', 'Boat Ride']",8100,₹8k–₹12k,3,Winter – Spring,"['Winter', 'Spring']",Easy,Quiet,https://upload.wikimedia.org/wikipedia/commons/7/7d/GOA_-_panoramio_%2811%29.jpg,"['https://upload.wikimedia.org/wikipedia/commons/7/7d/GOA_-_panoramio_%2811%29.jpg', 'https://images.unsplash.com/photo-1464822759023-fed622ff2c3b?auto=format&fit=crop&w=1800&q=80', 'https://images.unsplash.com/photo-1500382017468-9049fed747ef?auto=format&fit=crop&w=1800&q=80', 'https://images.unsplash.com/photo-1470071459604-3b5ec3a7fe05?auto=format&fit=crop&w=1800&q=80', 'https://images.unsplash.com/photo-1507525428034-b723cf961d3e?auto=format&fit=crop&w=1800&q=80']","['Take a boat ride to the nearby Cola Beach, exploring the scenic coastline and spotting dolphins.', 'Go swimming and snorkeling in the crystal-clear waters of Kakolem Beach, discovering the marine life.', 'Embark on a leisurely beach walk, taking in the breathtaking views of the Arabian Sea and the surrounding landscape.', 'Visit the nearby village of Kakolem, indulging in local cuisine and experiencing the authentic Goan culture.']","['The rocky cliffs overlooking the Arabian Sea, offering a dramatic backdrop for photographs.', 'The pristine beach at sunrise or sunset, capturing the vibrant colors of the sky and the serene atmosphere.', 'The tranquil lagoon formed by the Cola River, surrounded by palm trees and offering a picturesque setting.']","['Dal Baati Churma', 'Saurashtra Thali', 'Goan Fish Curry']","['Kakolem Beach Kathiyawadi Local Dhaba', 'Kakolem Beach Rajasthani Thali House']",[],Goa,15.07292,73.95484
c4382512-1575-4b63-b030-bb8b5c25d353,patan,Patan,Gujarat,Western India,"Embark on an adrenaline-fueled journey through the historic town of Patan, nestled in the heart of Gujarat, where ancient architecture meets breathtaking natural landscapes.","Patan, a treasured city in Gujarat, is renowned for its rich cultural heritage and thrilling adventure opportunities. This ancient town, founded in 745 AD, is a testament to the region's glorious past, with the magnificent Rani ki Vav, a UNESCO World Heritage Site, showcasing the advanced engineering skills and artistic prowess of the Solanki dynasty. Beyond its historic charm, Patan is surrounded by a diverse geography that includes arid lands, rivers, and wetlands, making it a paradise for nature lovers and adventure seekers. Visitors can immerse themselves in the local culture by exploring the old city, indulging in traditional Gujarati cuisine, and participating in vibrant festivals, while also engaging in trekking, rock climbing, and bird watching amidst the captivating landscapes.","[""Explore the intricately designed Rani ki Vav, an architectural marvel and one of the largest stepwells in India"",""Visit the Sahasralinga Talav, a historic artificial lake featuring over 800 shrines dedicated to Lord Shiva"",""Discover the ancient Jama Masjid, one of the oldest and most beautiful mosques in Gujarat"",""Wander through the ruins of the old city, uncovering remnants of the Solanki era and experiencing the local way of life""]",Trek,"['Nature', 'Adventure', 'Trekking', 'Camping', 'Rock Climbing', 'Bird Watching']",8100,₹8k–₹12k,3,Winter – Spring,"['Winter', 'Spring']",Easy,Quiet,https://upload.wikimedia.org/wikipedia/commons/thumb/a/a5/Rani_ki_vav_02.jpg/3840px-Rani_ki_vav_02.jpg,"['https://upload.wikimedia.org/wikipedia/commons/thumb/a/a5/Rani_ki_vav_02.jpg/3840px-Rani_ki_vav_02.jpg', 'https://images.unsplash.com/photo-1464822759023-fed622ff2c3b?auto=format&fit=crop&w=1800&q=80', 'https://images.unsplash.com/photo-1500382017468-9049fed747ef?auto=format&fit=crop&w=1800&q=80', 'https://images.unsplash.com/photo-1470071459604-3b5ec3a7fe05?auto=format&fit=crop&w=1800&q=80', 'https://images.unsplash.com/photo-1507525428034-b723cf961d3e?auto=format&fit=crop&w=1800&q=80']","['Trek to the top of the surrounding hills to witness breathtaking sunrises and panoramic views of the city', 'Go bird watching at the nearby wetlands, home to a diverse range of migratory and resident bird species', 'Participate in rock climbing and rappelling activities at designated sites, offering an adrenaline rush amidst stunning natural scenery', ""Take a guided tour of the city's historic sites, delving into the history and mythology surrounding each monument""]","['The stepped walls of Rani ki Vav, particularly during sunrise or sunset when the light accentuates the intricate carvings', 'The scenic views from the top of the old city walls, overlooking the modern town and the surrounding landscape', 'The tranquil shores of Sahasralinga Talav, especially during the early morning or late evening when the light is soft and golden']","['Dal Baati Churma', 'Saurashtra Thali', 'Goan Fish Curry']","['Patan Kathiyawadi Local Dhaba', 'Patan Rajasthani Thali House']",[],Lonavala,23.77375,71.67986
c51b1db3-a05b-4150-8720-7398fbe35984,pasighat,Pasighat,Arunachal Pradesh,Northeastern India,"Experience the unspoiled beauty of Pasighat, the gateway to Arunachal Pradesh, surrounded by majestic Himalayan mountain ranges and pristine rivers.","Pasighat, situated in the East Siang district of Arunachal Pradesh, is a charming hill station nestled in the Eastern Himalayas. The town is steeped in history and culture, with evidence of human habitation dating back to the Neolithic period. With its stunning natural beauty, Pasighat is a trekker's paradise, offering breathtaking views of the surrounding mountains and valleys. The town is also a haven for birdwatchers and nature enthusiasts, with its lush forests and diverse wildlife. Visitors can soak in the serene atmosphere, explore the local markets, and experience the unique culture of the Adi tribe, the indigenous inhabitants of the region.","[""Explore the Daying Ering Wildlife Sanctuary, home to a variety of flora and fauna, including the endangered hispid hare and the white-winged wood duck"",""Visit the Pangin River, a tributary of the Brahmaputra, which offers stunning views and exciting opportunities for angling and rafting"",""Trek to the Kekar Monying, a scenic hill that offers breathtaking views of the surrounding landscape"",""Discover the rich cultural heritage of the Adi tribe at the District Museum, which showcases the traditional artifacts and handicrafts of the region"","" Attend the Wancho Festival, a vibrant celebration of the region's music, dance, and cuisine""]",Mountain,"['Nature', 'Trekking', 'Bird Watching', 'Nature Walks', 'Photography']",8100,₹8k–₹12k,3,Summer – Spring,"['Summer', 'Spring']",Moderate,Quiet,https://upload.wikimedia.org/wikipedia/commons/thumb/9/94/Pasighat_Town_-_May2019.jpg/3840px-Pasighat_Town_-_May2019.jpg,"['https://upload.wikimedia.org/wikipedia/commons/thumb/9/94/Pasighat_Town_-_May2019.jpg/3840px-Pasighat_Town_-_May2019.jpg', 'https://images.unsplash.com/photo-1464822759023-fed622ff2c3b?auto=format&fit=crop&w=1800&q=80', 'https://images.unsplash.com/photo-1500382017468-9049fed747ef?auto=format&fit=crop&w=1800&q=80', 'https://images.unsplash.com/photo-1470071459604-3b5ec3a7fe05?auto=format&fit=crop&w=1800&q=80', 'https://images.unsplash.com/photo-1507525428034-b723cf961d3e?auto=format&fit=crop&w=1800&q=80']","['Take a guided trek through the lush forests of the Daying Ering Wildlife Sanctuary', 'Go birdwatching in the Pangin River valley, known for its diverse avifauna', 'Visit the local markets to experience the unique culture and cuisine of the Adi tribe', 'Take a boat ride on the Siang River, which offers stunning views of the surrounding landscape']","['The Pangin River viewpoint, which offers breathtaking views of the surrounding landscape', 'The Kekar Monying hill, which provides panoramic views of the town and the surrounding mountains', 'The Daying Ering Wildlife Sanctuary, which is home to a variety of flora and fauna, including the endangered hispid hare and the white-winged wood duck']","['Smoked Pork with Bamboo Shoot', 'Local Rice Cake', 'Assamese Thali']","['Pasighat Local Tribal Kitchen', 'Pasighat The Bamboo Shoot Restaurant']",[],Goa,28.05897,95.33249
c5d15017-8333-4c21-b68a-416f7e6c79a3,horsley-hills,Horsley Hills,Andhra Pradesh,Southern India,"Escape to the majestic hills of Andhra Pradesh, where serenity meets adventure at Horsley Hills.","Horsley Hills is a picturesque hill station nestled in the eastern part of Andhra Pradesh, approximately 260 kilometers from the state capital, Amaravati. This enchanting destination offers a unique blend of natural beauty, tranquility, and excitement, making it an ideal getaway for nature lovers and adventure seekers. With its lush green forests, rolling hills, and scenic valleys, Horsley Hills provides an idyllic setting for relaxation, exploration, and rejuvenation. The region's rich biodiversity is home to a variety of flora and fauna, including rare species of trees, birds, and animals. Visitors can indulge in a range of activities, such as nature walks, bird watching, and photography, making the most of their vacation in this breathtaking hill station.","[""Visit the famous Mallela Theertham Waterfalls, a majestic spectacle that plunges into a serene pool surrounded by lush forests."",""Explore the picturesque Gundipalem, where rolling hills and meadows offer breathtaking vistas and a perfect spot for nature walks."",""Discover the region's unique flora at the Government Botanical Garden, featuring a wide range of plant species, including orchids, herbs, and trees."",""Capture the essence of the region's wildlife at the Horsley Hills Wildlife Sanctuary, home to a variety of endangered species, including leopards, sambars, and monkeys."",""Visit the picturesque village of Bells Waterfalls, which lies on the border of Horsley Hills and the Nallamala Hills Wildlife Sanctuary""]",Mountain,"['Nature', 'Wildlife', 'Nature Walks', 'Photography', 'Local Sightseeing', 'Bird Watching']",8100,₹8k–₹12k,3,Winter – Spring,"['Winter', 'Spring']",Easy,Quiet,https://images.unsplash.com/photo-1506461883276-594a12b11db3?q=80&w=1000&auto=format&fit=crop,"['https://images.unsplash.com/photo-1506461883276-594a12b11db3?q=80&w=1000&auto=format&fit=crop', 'https://images.unsplash.com/photo-1464822759023-fed622ff2c3b?auto=format&fit=crop&w=1800&q=80', 'https://images.unsplash.com/photo-1500382017468-9049fed747ef?auto=format&fit=crop&w=1800&q=80', 'https://images.unsplash.com/photo-1470071459604-3b5ec3a7fe05?auto=format&fit=crop&w=1800&q=80', 'https://images.unsplash.com/photo-1507525428034-b723cf961d3e?auto=format&fit=crop&w=1800&q=80']","['Embark on a serene nature walk through the dense forests of Horsley Hills, offering an immersive experience amidst the sounds of chirping birds and rustling leaves.', ""Join a guided bird watching tour to spot some of the region's rare and exotic species, including the vibrant Malabar Pied Hornbill and the elegant Grey-headed Fishing Eagle."", ""Capture the region's stunning beauty through photography, with opportunities to shoot the majestic waterfalls, rolling hills, and scenic valleys."", 'Experience the thrill of trekking to the top of the hills, offering panoramic views of the surrounding landscape and a sense of adventure.']","['The Mallela Theertham Waterfalls, with its majestic plunge and serene pool, offers a breathtaking backdrop for photography.', 'The Gundipalem meadow, at the top of the hills, provides a picturesque setting with rolling green hills and a variety of wildflowers.', ""The Horsley Hills Wildlife Sanctuary, with its lush forests and varied wildlife, offers a unique opportunity to capture the essence of the region's biodiversity through photography.""]","['Traditional Thali', 'Filter Coffee', 'Local Seafood']","['Horsley Hills Malgudi Filter Coffee & Tiffin', 'Horsley Hills Sree Local Mess']",[],Lonavala,13.65087,78.39653
c600ab95-3953-429e-9b34-db4efbe189ce,bundi,Bundi,Rajasthan,Western India,"Blue lanes, stepwells and a forgotten fort city.","Often overshadowed by Jaipur and Udaipur, Bundi is one of Rajasthan's most atmospheric towns with murals, stepwells and the imposing Taragarh Fort.","[""Taragarh Fort overlooking the blue town"",""Historic stepwells and palaces"",""Very few crowds compared to Jaipur"",""Photogenic old city streets""]",Village,"['Culture', 'Photography', 'Peaceful Retreat']",10000,₹8k–₹12k,4,October – March,"['Autumn', 'Winter']",Easy,Quiet,https://res.cloudinary.com/dizqquqfs/image/upload/q_auto/f_auto/v1781877130/bundi4_feyahb.jpg,"['https://res.cloudinary.com/dizqquqfs/image/upload/q_auto/f_auto/v1781877130/bundi4_feyahb.jpg', 'https://res.cloudinary.com/dizqquqfs/image/upload/q_auto/f_auto/v1781877125/bundi1_sjbkkv.jpg', 'https://res.cloudinary.com/dizqquqfs/image/upload/q_auto/f_auto/v1781877127/bundi3_auqijq.jpg', 'https://res.cloudinary.com/dizqquqfs/image/upload/q_auto/f_auto/v1781877125/bundi2_v0laqn.jpg']","['Explore Taragarh Fort', 'Visit Rani Ji Ki Baori', 'Walk through Bundi Palace', 'Photograph the blue old town']","['Taragarh Fort overlooking Bundi', 'Rani Ji Ki Baori stepwell', 'Bundi Palace and Nawal Sagar Lake']","['Dal Baati Churma', 'Kachori', 'Laal Maas', 'Gatte Ki Sabzi']","[""Morgan's Place"", 'Rainbow Cafe', 'Tom and Jerry Cafe']","['Garadia Mahadev', 'Kota', 'Chittorgarh']",Udaipur,25.43677,75.73615
c6130752-2238-4465-a3ad-fc2491992a5d,suntalekhola,Suntalekhola,West Bengal,Eastern India,"Immerse yourself in the unspoiled beauty of Suntalekhola, a serene trekking destination in West Bengal's Dooars region","Suntalekhola, nestled in the picturesque Dooars region of West Bengal, is a tranquil trekking haven surrounded by lush green forests and majestic hills. This lesser-known gem offers an unparalleled opportunity to experience the region's pristine natural beauty, with its serene atmosphere, meandering streams, and diverse wildlife. As a trekker's paradise, Suntalekhola provides an ideal setting for adventure-seekers and nature lovers to unwind and reconnect with nature. With its rich cultural heritage and breathtaking landscapes, Suntalekhola is an idyllic destination for those seeking an offbeat and authentic experience in the Eastern Himalayas.","[""Explore the picturesque village of Suntalekhola, with its traditional tribal homes and vibrant local culture"",""Trek to the nearby Jhalong village, situated on the banks of the Jaldhaka River, and witness the stunning sunrise over the Himalayas"",""Visit the Bindu Dam, a popular hydroelectric project located near Suntalekhola, and enjoy the scenic views of the surrounding landscape"",""Marvel at the majestic beauty of the Jaldhaka River, which forms the border between India and Bhutan"",""Discover the diverse flora and fauna of the Neora Valley National Park, a nearby protected area known for its rich biodiversity""]",Trek,"['Nature', 'Adventure', 'Trekking', 'Camping', 'Rock Climbing', 'Bird Watching']",8100,₹8k–₹12k,3,Winter – Spring,"['Winter', 'Spring']",Easy,Quiet,https://upload.wikimedia.org/wikipedia/commons/thumb/5/5b/Suntalekhola.jpg/3840px-Suntalekhola.jpg,"['https://upload.wikimedia.org/wikipedia/commons/thumb/5/5b/Suntalekhola.jpg/3840px-Suntalekhola.jpg', 'https://images.unsplash.com/photo-1464822759023-fed622ff2c3b?auto=format&fit=crop&w=1800&q=80', 'https://images.unsplash.com/photo-1500382017468-9049fed747ef?auto=format&fit=crop&w=1800&q=80', 'https://images.unsplash.com/photo-1470071459604-3b5ec3a7fe05?auto=format&fit=crop&w=1800&q=80', 'https://images.unsplash.com/photo-1507525428034-b723cf961d3e?auto=format&fit=crop&w=1800&q=80']","['Embark on a guided trek through the rolling hills and dense forests of Suntalekhola, spotting exotic birds and wildlife along the way', 'Engage in rock climbing and rappelling activities, with experienced instructors and state-of-the-art equipment', 'Participate in bird watching excursions, with expert guides helping you spot rare species such as the Rufous-necked Hornbill and the Blue-fronted Robin', 'Spend a night or two in a cozy campsite, surrounded by the soothing sounds of nature and the warmth of a campfire']","['The scenic viewpoint near the Suntalekhola village, offering panoramic views of the surrounding hills and valleys', 'The picturesque bridge over the Jaldhaka River, with the majestic Himalayas serving as a breathtaking backdrop', 'The tranquil forest glade near the Bindu Dam, with its vibrant flora and fauna providing a perfect setting for nature photography']","['Local Traditional Thali', 'Spicy Curry']","['Suntalekhola Bengali Spice Junction', 'Suntalekhola Maa Durga Local Hotel']",[],Darjeeling,27.01339,88.78778
c703d475-7fe9-49b6-b9fd-9174c2fa849c,bangaram-island,Bangaram Island,Lakshadweep,Southern India,An uninhabited coral paradise with turquoise lagoons.,"Bangaram is a tiny, tear-shaped, uninhabited island in Lakshadweep, surrounded by a shallow, crystal-clear lagoon. With its white sandy beaches, vibrant coral reefs, and magical bioluminescent shorelines at night, it offers the ultimate secluded tropical escape.","[""Pristine coral diving and snorkeling in clear lagoons"",""Magical bioluminescent waters glowing neon blue at night"",""A completely secluded beach holiday with no crowds"",""Seeing sea turtles and manta rays in their natural habitat""]",Island,"['Beach', 'Nature', 'Luxury', 'Peaceful Retreat']",16000,Above ₹15k,4,October – May,"['Autumn', 'Winter', 'Spring', 'Summer']",Easy,Untouched,https://images.unsplash.com/photo-1507525428034-b723cf961d3e?auto=format&fit=crop&w=800&q=80,"['https://images.unsplash.com/photo-1507525428034-b723cf961d3e?auto=format&fit=crop&w=800&q=80', 'https://images.unsplash.com/photo-1544735716-392fe2489ffa?auto=format&fit=crop&w=800&q=80', 'https://images.unsplash.com/photo-1470071459604-3b5ec3a7fe05?auto=format&fit=crop&w=800&q=80']","['Scuba dive at Bangaram Reef', 'Kayak in the shallow turquoise lagoon', 'Walk on the bioluminescent shore at night', 'Take a day cruise to nearby Thinnakara island']","['Turquoise lagoon meeting white sands', 'Neon blue glowing shoreline at night', 'Sea turtles swimming in shallow waters']","['Freshly caught tuna curry', 'Coconut milk drinks', 'Maldivian-influenced local dishes']","['Beach Resort Restaurant', 'Thinnakara beach stalls', 'Agatti Island cafeteria']","['Agatti Island (12 km)', 'Thinnakara Island (3 km)', 'Kadmat Island (45 km)']",Maldives,10.94,72.28
c8522a75-7f59-480e-a2d5-be275e6fc76e,deogarh-up,Deogarh,Uttar Pradesh,Northern India,Ancient temples and rock-cut caves overlooking Betwa river.,"Deogarh is a historic village in Lalitpur district, situated on the right bank of the Betwa River. Famous for the 6th-century Dashavatara Temple (one of the earliest Hindu stone temples) and a hill fort containing 31 spectacular Jain temples, it offers architectural wonders and stunning river cliffs.","[""See the iconic 6th-century Gupta Dashavatara Temple"",""Explore the fort complex with 31 intricately carved Jain temples"",""Witness ancient rock-cut caves and reliefs at Nahar Ghati"",""Enjoy sunset boat rides on the quiet Betwa River""]",Village,"['Heritage', 'Culture', 'Photography', 'Peaceful Retreat']",6200,Under ₹8k,2,October – March,"['Autumn', 'Winter', 'Spring']",Easy,Quiet,https://images.unsplash.com/photo-1545128485-c400e7702796?auto=format&fit=crop&w=800&q=80,"['https://images.unsplash.com/photo-1545128485-c400e7702796?auto=format&fit=crop&w=800&q=80', 'https://images.unsplash.com/photo-1464822759023-fed622ff2c3b?auto=format&fit=crop&w=800&q=80']","['Photograph the Vishnu Sheshashayi panel', 'Walk the hill fort Jain complex', 'Watch sunset from the Betwa river cliffs', 'Explore the Nahar Ghati cave inscriptions']","['The sleeping Vishnu carving at Dashavatara', 'Golden hour over the Betwa River', 'Forest-clad Jain temple spires in the fort']","['Bundelkhandi Kadhi', 'Aloo Mangodi curry', 'Mawa Bati']","['Local tea shops at the fort base', 'Lalitpur town restaurants (33 km)']","['Lalitpur (33 km)', 'Jhansi (125 km)', 'Chanderi (50 km)']",Khajuraho,24.5222,78.2561
caa4b282-04ca-415c-9e6a-e6bc0b514124,samsing-village,Samsing Village,West Bengal,Eastern India,"Experience the serene beauty of rural West Bengal in Samsing Village, a hidden gem nestled in the foothills of the Himalayas.","Samsing Village is a picturesque destination located in the Darjeeling district of West Bengal, known for its lush green forests, rolling hills, and stunning views of the Himalayas. The village is situated at an altitude of 3000 feet above sea level and is surrounded by dense forests of oak, birch, and pine trees, making it a perfect getaway for nature lovers and photographers. With its tranquil atmosphere, Samsing Village offers a unique opportunity to experience the traditional rural life of West Bengal and connect with nature. The village has a rich cultural heritage, with a mix of Nepali, Bengali, and tribal influences, which is reflected in its architecture, cuisine, and festivals.","[""Explore the scenic beauty of the Neora Valley National Park, which is home to a wide range of flora and fauna, including the red panda, barking deer, and Himalayan black bear."",""Visit the Samsing Tea Garden, which produces some of the finest tea in the region and offers stunning views of the surrounding hills."",""Take a dip in the crystal-clear waters of the Murti River, which flows gently through the village and is perfect for picnics and relaxation."",""Trek to the nearby village of Sunthalekhola, which is known for its stunning views of the Himalayas and its traditional Nepali architecture.""]",Village,"['Nature', 'Nature Walks', 'Photography', 'Local Sightseeing', 'Bird Watching']",8100,₹8k–₹12k,3,Winter – Spring,"['Winter', 'Spring']",Easy,Quiet,https://upload.wikimedia.org/wikipedia/commons/thumb/b/bc/Samsing%2C_Sikkim%2C_near_West_Bengal_border%2C_the_river_and_the_valley_2012.jpg/3840px-Samsing%2C_Sikkim%2C_near_West_Bengal_border%2C_the_river_and_the_valley_2012.jpg,"['https://upload.wikimedia.org/wikipedia/commons/thumb/b/bc/Samsing%2C_Sikkim%2C_near_West_Bengal_border%2C_the_river_and_the_valley_2012.jpg/3840px-Samsing%2C_Sikkim%2C_near_West_Bengal_border%2C_the_river_and_the_valley_2012.jpg', 'https://images.unsplash.com/photo-1464822759023-fed622ff2c3b?auto=format&fit=crop&w=1800&q=80', 'https://images.unsplash.com/photo-1500382017468-9049fed747ef?auto=format&fit=crop&w=1800&q=80', 'https://images.unsplash.com/photo-1470071459604-3b5ec3a7fe05?auto=format&fit=crop&w=1800&q=80', 'https://images.unsplash.com/photo-1507525428034-b723cf961d3e?auto=format&fit=crop&w=1800&q=80']","['Go bird watching in the Neora Valley National Park, which is home to over 200 species of birds, including the satyr tragopan, impeyan pheasant, and Himalayan monal.', 'Take a guided nature walk through the forest, which offers stunning views of the surrounding hills and valleys.', 'Visit the local market, which sells a range of handicrafts, including woven baskets, wooden carvings, and traditional Nepali jewelry.', 'Try your hand at angling in the Murti River, which is home to a range of fish species, including trout and mahseer.']","['The viewpoint at Rocky Island, which offers stunning views of the surrounding hills and valleys.', 'The suspension bridge over the Murti River, which provides a thrilling view of the river below.', 'The tea gardens of Samsing, which offer a picturesque landscape of rolling hills and tea bushes.']","['Local Traditional Thali', 'Spicy Curry']","['Samsing Village Bengali Spice Junction', 'Samsing Village Maa Durga Local Hotel']",[],Darjeeling,26.98917,88.80361
cab3e744-5828-4628-8451-edd6d122cf90,barot,Barot,Himachal Pradesh,Northern India,"Barot: A hidden gem in the Dhauladhar, where the historic Shanan Power Project meets pristine trout-rich waters and serene Himalayan treks.","Nestled in the serene Uhl River Valley within Himachal Pradesh's Dhauladhar ranges, Barot is a captivating destination in the Mandi district. Its history is closely linked to the British-era Shanan Power Project, an engineering marvel completed in the 1920s that continues to harness the river's energy, adding a distinctive industrial heritage to the natural landscape. Geographically, Barot is characterized by its lush deodar and oak forests, terraced fields, and the gushing Uhl River, creating a picturesque setting ideal for nature lovers. The local experience is one of tranquil rural life, where the rhythm is set by the river and the seasons, and interactions with the hospitable Gaddi community offer a glimpse into traditional Himalayan culture.","[""Angling for Mahseer and Rainbow Trout in the Uhl River."",""Exploring the impressive Shanan Power Project, India's first hydroelectric power station."",""Trekking through the rich biodiversity of Nargu Wildlife Sanctuary."",""Experiencing the untouched natural beauty and tranquility of the Uhl River Valley."",""Observing diverse birdlife amidst pristine deodar and oak forests.""]",Trek,"['Nature', 'Adventure', 'Trekking', 'Camping', 'Rock Climbing', 'Bird Watching']",8100,₹8k–₹12k,3,Summer – Spring,"['Summer', 'Spring']",Moderate,Quiet,https://upload.wikimedia.org/wikipedia/commons/c/c2/Barot_Valley_%2CMandi%2CHimachal_Pardesh.jpg,"['https://upload.wikimedia.org/wikipedia/commons/c/c2/Barot_Valley_%2CMandi%2CHimachal_Pardesh.jpg', 'https://images.unsplash.com/photo-1464822759023-fed622ff2c3b?auto=format&fit=crop&w=1800&q=80', 'https://images.unsplash.com/photo-1500382017468-9049fed747ef?auto=format&fit=crop&w=1800&q=80', 'https://images.unsplash.com/photo-1470071459604-3b5ec3a7fe05?auto=format&fit=crop&w=1800&q=80', 'https://images.unsplash.com/photo-1507525428034-b723cf961d3e?auto=format&fit=crop&w=1800&q=80']","[""Indulge in trout fishing (with proper permits) along the Uhl River's banks."", 'Embark on nature walks and short treks into the Nargu Wildlife Sanctuary.', 'Set up camp by the riverside for an immersive stargazing experience.', ""Visit the Shanan Power Project's forebay and the historical haulage trolley track.""]","['The old suspension bridge spanning the Uhl River, offering views of the gushing waters.', 'The serene Shanan Power Project reservoir, reflecting the surrounding deodar forests.', 'Elevated viewpoints along the trek towards Thamsar Pass, providing panoramic vistas of the Uhl Valley.']","['Siddu', 'Pahadi Madra', 'Local Thali']","['Barot Pahadi Rasoi Local Kitchen', 'Barot Hilltop Cafe & Bistro']",[],Manali,32.03773,76.84521
cb09173e-ab89-4197-b6ac-991acea13d1d,telhar-kund,Telhar Kund,Bihar,Eastern India,A majestic waterfall nestled in the lush Kaimur valleys.,"Telhar Kund is a breathtaking waterfall located in the Kaimur district of Bihar. The water cascades down a cliff of about 80 meters into a deep, emerald-green pool nestled within a dense forested valley of the Kaimur Hills, providing a stunning natural retreat away from commercial crowds.","[""See the spectacular 80-meter waterfall gorge"",""Explore the lush valleys of the Kaimur Wildlife Sanctuary"",""Visit the nearby historic Maa Mundeshwari Temple"",""Enjoy pristine, uncrowded forest treks""]",Valley,"['Nature', 'Adventure', 'Photography', 'Waterfalls']",5200,Under ₹8k,2,August – February,"['Monsoon', 'Autumn', 'Winter']",Moderate,Quiet,https://images.unsplash.com/photo-1501785888041-af3ef285b470?auto=format&fit=crop&w=800&q=80,"['https://images.unsplash.com/photo-1501785888041-af3ef285b470?auto=format&fit=crop&w=800&q=80', 'https://images.unsplash.com/photo-1470071459604-3b5ec3a7fe05?auto=format&fit=crop&w=800&q=80']","['Hike down to the waterfall viewpoint', 'Picnic in the lush green valleys of Kaimur', 'Visit the 4th-century Mundeshwari Temple', 'Go birdwatching in the forest trails']","['Waterfall dropping into the emerald green pool', 'The rocky cliffs of Kaimur valley', 'Ancient stone architecture of Mundeshwari']","['Local Sattu parathas', 'Litti Chokha', 'Basundi sweets']","['Local dhabas on Bhabua road', 'Mundeshwari temple food stalls']","['Bhabua (32 km)', 'Sasaram (65 km)', 'Varanasi (90 km)']",Chitrakote Falls,24.9667,83.5833
cbcd2e81-fc7c-4908-ba9b-cb075a315894,little-rann-of-kutch,Little Rann of Kutch,Gujarat,Western India,"Experience the unspoiled wilderness of Gujarat's salt desert landscape at the Little Rann of Kutch, a trekker's paradise","The Little Rann of Kutch, situated in the Gujarat province of India, is a unique and breathtaking trekking destination. This expansive salt desert landscape, stretching over 4,950 square kilometers, is dotted with small islands known as 'bets' and is home to a diverse array of flora and fauna, including the endangered Asiatic Wild Ass. The region's fascinating culture is reflected in its traditional villages, where one can witness the vibrant lifestyles of local tribes such as the Rabari and the Koli. With its vast, undulating expanses of salt flats and its rich wildlife, the Little Rann of Kutch offers an unforgettable trekking experience, punctuated by thrilling rock climbing, bird watching, and camping opportunities under the star-studded night sky.","[""The Wild Ass Sanctuary, a protected area and the last refuge of the endangered Asiatic Wild Ass"",""The historic city of Patan, a former capital of Gujarat, famous for its intricately carved wooden temples and the stunning Rani ki Vav stepwell"",""The Dholavira archaeological site, a major excavated site of the Indus Valley Civilization"",""The picturesque villages of the Kutch district, such as Bhuj and Mandvi, known for their vibrant handicrafts and local cuisine"",""The scenic Kutch Bustard Sanctuary, a haven for birdwatchers and photographers""]",Trek,"['Nature', 'Adventure', 'Trekking', 'Camping', 'Rock Climbing', 'Bird Watching']",8100,₹8k–₹12k,3,Winter – Spring,"['Winter', 'Spring']",Easy,Quiet,https://upload.wikimedia.org/wikipedia/commons/b/b2/Rann_of_Kutch_-_White_Desert.jpg,"['https://upload.wikimedia.org/wikipedia/commons/b/b2/Rann_of_Kutch_-_White_Desert.jpg', 'https://images.unsplash.com/photo-1464822759023-fed622ff2c3b?auto=format&fit=crop&w=1800&q=80', 'https://images.unsplash.com/photo-1500382017468-9049fed747ef?auto=format&fit=crop&w=1800&q=80', 'https://images.unsplash.com/photo-1470071459604-3b5ec3a7fe05?auto=format&fit=crop&w=1800&q=80', 'https://images.unsplash.com/photo-1507525428034-b723cf961d3e?auto=format&fit=crop&w=1800&q=80']","[""Take a guided trek across the Little Rann's salt flats to explore its unique geological formations and spot rare wildlife"", ""Embark on a rock climbing adventure at the Kutch's scenic hills and rocky outcrops"", 'Go bird watching at the Kutch Bustard Sanctuary, home to the endangered Great Indian Bustard', 'Participate in a camping expedition under the star-studded night sky of the Little Rann']","['The sunset over the salt flats of the Little Rann, offering breathtaking panoramic views', 'The scenic views of the Kutch Hills, particularly from the top of the Kalo Dungar (Black Hill) viewpoint', 'The picturesque village of Mandvi, with its ancient shipbuilding yard and historic beachside palace']","['Dal Baati Churma', 'Saurashtra Thali', 'Goan Fish Curry']","['Little Rann of Kutch Kathiyawadi Local Dhaba', 'Little Rann of Kutch Rajasthani Thali House']",[],Lonavala,23.36334,71.07183
cc0b1cdb-78c3-431d-bb19-0fc4f37bfd78,dandeli,Dandeli,Karnataka,Southern India,"Discover the untamed beauty of Dandeli, a trekker's paradise in Karnataka, where lush forests, sparkling rivers, and majestic wildlife converge.","Dandeli, situated in the Uttara Kannada district of Karnataka, is a haven for adventure seekers and nature lovers. With its dense forests, teeming with wildlife, and the Kali River flowing gently through it, Dandeli offers an unforgettable experience. The region is known for its rich biodiversity, and the Dandeli Wildlife Sanctuary, which is home to animals like the black panther, elephant, and bison. The sanctuary is also a bird watcher's delight, with over 200 species of birds, including the rare hornbill. Visitors can explore the forest's depths by trekking through its numerous trails, which offer breathtaking views of the surrounding landscape.","[""Explore the Dandeli Wildlife Sanctuary, a haven for wildlife enthusiasts and bird watchers"",""Visit the Syntheri Rock, a 300-foot tall monolithic granite structure, surrounded by lush forests and the Kali River"",""Trek to the Kavala Caves, a labyrinthine network of limestone caves, featuring stunning rock formations"",""Experience the thrill of white water rafting on the Kali River, which offers rapids of varying difficulty levels"",""Relax amidst nature at the Kulgi Nature Camp, which offers stunning views of the surrounding landscape""]",Trek,"['Nature', 'Adventure', 'Trekking', 'Camping', 'Rock Climbing', 'Bird Watching']",8100,₹8k–₹12k,3,Winter – Spring,"['Winter', 'Spring']",Easy,Quiet,https://upload.wikimedia.org/wikipedia/commons/5/53/Dandeli_1.jpg,"['https://upload.wikimedia.org/wikipedia/commons/5/53/Dandeli_1.jpg', 'https://images.unsplash.com/photo-1464822759023-fed622ff2c3b?auto=format&fit=crop&w=1800&q=80', 'https://images.unsplash.com/photo-1500382017468-9049fed747ef?auto=format&fit=crop&w=1800&q=80', 'https://images.unsplash.com/photo-1470071459604-3b5ec3a7fe05?auto=format&fit=crop&w=1800&q=80', 'https://images.unsplash.com/photo-1507525428034-b723cf961d3e?auto=format&fit=crop&w=1800&q=80']","['Go trekking through the Dandeli Wildlife Sanctuary, exploring its numerous trails and spotting wildlife', 'Try your hand at rock climbing at the Syntheri Rock, which offers challenging routes for experienced climbers', 'Take a guided tour of the Kavala Caves, which features stunning rock formations and ancient fossils', 'Enjoy a relaxing coracle ride on the Kali River, which offers breathtaking views of the surrounding landscape']","['The Syntheri Rock, which offers stunning views of the surrounding landscape and the Kali River', 'The Kulgi Nature Camp, which features breathtaking views of the surrounding hills and valleys', 'The Dandeli Wildlife Sanctuary, which is home to a wide variety of wildlife and offers stunning views of the forest landscape']","['Traditional Thali', 'Filter Coffee', 'Local Seafood']","['Dandeli Malgudi Filter Coffee & Tiffin', 'Dandeli Sree Local Mess']",[],Lonavala,15.24903,74.6236
cc4f7df0-5770-4ae1-9294-43c8d0c26873,bhoramdeo-temple,Bhoramdeo Temple,Chhattisgarh,Central India,"Experience the mystical elegance of ancient India at this 10th-century temple, nestled in the heart of Chhattisgarh's dense forests.","Located in a serene valley, the Bhoramdeo Temple is an enchanting 10th-century shrine that exemplifies the majestic architecture of the Kalchuri dynasty. Situated in the remote region of Chhattisgarh, this temple has withstood the test of time and the wrath of nature. The temple's entrance is adorned with intricately carved stone structures and delicate frescoes that tell the stories of Hindu mythology. The tranquil surroundings of the temple invite pilgrims to meditate, reflect, and connect with their spiritual selves. A leisurely Heritage Walk around the temple allows visitors to absorb the intricate details and history etched on every stone and pillar. For photography enthusiasts, the temple's captivating architecture and picturesque surroundings offer endless opportunities to capture breathtaking moments.","[""Marvel at the ancient craftsmanship of the temple's intricately carved stone pillars and doorways"",""Behold the majestic 40-cell Chaunsat yogini shrine, an exemplary piece of ancient Indian architecture"",""Explore the serene and picturesque surroundings of the temple, perfect for meditation and spiritual reflection"",""Uncover the enchanting stories of Hindu mythology etched on the temple's frescoes and carvings"",""Capture the captivating architecture and stunning surroundings of the temple through your lens""]",Village,"['Spiritual', 'Meditation', 'Temple Visit', 'Heritage Walk', 'Photography']",8100,₹8k–₹12k,3,Winter – Spring,"['Winter', 'Spring']",Easy,Quiet,https://upload.wikimedia.org/wikipedia/commons/b/b1/Bhoramdeo_Temple%2C_Kawardha.jpg,"['https://upload.wikimedia.org/wikipedia/commons/b/b1/Bhoramdeo_Temple%2C_Kawardha.jpg', 'https://images.unsplash.com/photo-1464822759023-fed622ff2c3b?auto=format&fit=crop&w=1800&q=80', 'https://images.unsplash.com/photo-1500382017468-9049fed747ef?auto=format&fit=crop&w=1800&q=80', 'https://images.unsplash.com/photo-1470071459604-3b5ec3a7fe05?auto=format&fit=crop&w=1800&q=80', 'https://images.unsplash.com/photo-1507525428034-b723cf961d3e?auto=format&fit=crop&w=1800&q=80']","['Take a leisurely Heritage Walk around the temple and its surroundings to explore its history and architecture', 'Practice yoga and meditation in the serene and picturesque surroundings of the temple', 'Observe the local artisans and craftsmen creating intricate stone carvings and frescoes', ""Participate in a traditional Hindu puja ceremony and immerse yourself in the temple's spiritual atmosphere""]","['Capture the majestic entrance of the temple, adorned with intricately carved stone structures', 'Photograph the 40-cell Chaunsat yogini shrine, an exemplary piece of ancient Indian architecture', 'Capture the stunning surroundings of the temple, including the nearby forest and valleys']","['Local Traditional Thali', 'Spicy Curry']","['Bhoramdeo Temple Bundelkhandi Kitchen', 'Bhoramdeo Temple Malwa Food Court']",[],Lonavala,22.11544,81.14826
cc9e1de8-f243-4d68-abf1-d91d3282078d,bhaderwah,Bhaderwah,Jammu and Kashmir,Northern India,"Bhaderwah, often hailed as 'Mini Kashmir', captivates with its verdant valleys, dense alpine forests, and a serene blend of adventure and cultural heritage in the heart of the Himalayas.","Nestled in the Pir Panjal range of the Himalayas, Bhaderwah is an ancient town in the Doda district of Jammu and Kashmir, celebrated for its breathtaking natural beauty and often affectionately called 'Mini Kashmir'. Its geography is characterized by lush green valleys, gurgling streams, and towering snow-capped peaks that create a picturesque landscape. Historically, Bhaderwah holds significant cultural roots, having been a part of various kingdoms and empires, with influences from Dogra and Kashmiri cultures evident in its local traditions, festivals, and architecture. The local experience is one of tranquil pastoral life, where the air is crisp, and the slow pace allows visitors to truly connect with nature and the warm hospitality of its inhabitants, making it a perfect retreat for those seeking peace, adventure, and a glimpse into authentic Himalayan life.","[""Trek to the sacred Kailash Kund, a high-altitude glacial lake revered by devotees and adventurers alike, offering unparalleled views."",""Explore the expansive and verdant Padri Meadow, a popular stop on the Bhaderwah-Chamba road, ideal for picnics and panoramic vistas."",""Experience the serene beauty and camping opportunities at Jai Valley, a picturesque valley known for its lush meadows and gushing stream."",""Visit the ancient Vasuki Nag Temple, dedicated to the serpent god, showcasing unique architecture and local folklore."",""Discover Seoj Meadow (Seoj Dhar), a stunning alpine grassland that serves as a base for treks and offers breathtaking views of the surrounding mountains.""]",Trek,"['Nature', 'Adventure', 'Trekking', 'Camping', 'Rock Climbing', 'Bird Watching']",8100,₹8k–₹12k,3,Summer – Spring,"['Summer', 'Spring']",Moderate,Quiet,https://upload.wikimedia.org/wikipedia/commons/5/5f/Bhaderwahi_folk.jpg,"['https://upload.wikimedia.org/wikipedia/commons/5/5f/Bhaderwahi_folk.jpg', 'https://images.unsplash.com/photo-1464822759023-fed622ff2c3b?auto=format&fit=crop&w=1800&q=80', 'https://images.unsplash.com/photo-1500382017468-9049fed747ef?auto=format&fit=crop&w=1800&q=80', 'https://images.unsplash.com/photo-1470071459604-3b5ec3a7fe05?auto=format&fit=crop&w=1800&q=80', 'https://images.unsplash.com/photo-1507525428034-b723cf961d3e?auto=format&fit=crop&w=1800&q=80']","['Embark on challenging multi-day treks to high-altitude meadows like Seoj Dhar and the sacred Kailash Kund.', 'Indulge in camping under the stars amidst the pristine landscapes of Jai Valley or Padri Meadow.', 'Explore the dense pine and deodar forests surrounding Bhaderwah for bird watching, spotting various Himalayan species.', 'Experience rock climbing and bouldering opportunities on the natural rock faces found in the region, suitable for various skill levels.']","['The vast expanse of Padri Meadow, especially during spring and summer when wildflowers bloom, with the backdrop of snow-capped peaks.', 'Panoramic views from Gurdanda, offering a sweeping vista of Bhaderwah Valley and the surrounding Himalayan ranges.', 'The serene and vibrant landscapes of Jai Valley, capturing its meandering stream, lush meadows, and towering deodar trees.']","['Siddu', 'Pahadi Madra', 'Local Thali']","['Bhaderwah Pahadi Rasoi Local Kitchen', 'Bhaderwah Hilltop Cafe & Bistro']",[],Manali,32.97837,75.71856
ccc4fbc0-15ad-40a6-9c9b-177aaec98132,sangti-valley,Sangti Valley,Arunachal Pradesh,Northeastern India,"Experience the serene beauty of Sangti Valley, a hidden gem in Arunachal Pradesh nestled amidst the Eastern Himalayas.","Sangti Valley, situated in the West Kameng district of Arunachal Pradesh, is a scenic valley surrounded by the towering Himalayas, offering breathtaking views and a tranquil atmosphere. The valley is home to the Sangti River, which flows gently through the landscape, providing a picturesque setting for nature lovers and photographers. The region is known for its rich biodiversity, with a wide range of flora and fauna, including several species of birds, making it a paradise for bird watchers. The valley's unique culture and traditional villages add to its charm, providing visitors with an opportunity to experience the local way of life and hospitality.","[""The Sangti River, which offers stunning views and opportunities for fishing and boating"",""The Dirang Dzong, a historic fort that showcases the region's rich cultural heritage"",""The scenic village of Dirang, known for its beautiful monasteries and traditional architecture"",""The Eaglenest Wildlife Sanctuary, a haven for bird watchers and nature enthusiasts"",""The stunning views of the Himalayas from the valley, perfect for photography and trekking""]",Valley,"['Nature', 'Nature Walks', 'Photography', 'Local Sightseeing', 'Bird Watching']",8100,₹8k–₹12k,3,Summer – Spring,"['Summer', 'Spring']",Moderate,Quiet,https://upload.wikimedia.org/wikipedia/commons/2/21/Sangti_river.jpg,"['https://upload.wikimedia.org/wikipedia/commons/2/21/Sangti_river.jpg', 'https://images.unsplash.com/photo-1464822759023-fed622ff2c3b?auto=format&fit=crop&w=1800&q=80', 'https://images.unsplash.com/photo-1500382017468-9049fed747ef?auto=format&fit=crop&w=1800&q=80', 'https://images.unsplash.com/photo-1470071459604-3b5ec3a7fe05?auto=format&fit=crop&w=1800&q=80', 'https://images.unsplash.com/photo-1507525428034-b723cf961d3e?auto=format&fit=crop&w=1800&q=80']","['Take a leisurely walk along the Sangti River and enjoy the scenic views', 'Go bird watching in the Eaglenest Wildlife Sanctuary, home to several rare species', ""Visit the Dirang Dzong and learn about the region's history and culture"", 'Explore the traditional villages and experience the local way of life']","['The confluence of the Sangti and Dirang rivers, offering stunning views of the surrounding landscape', 'The Dirang Dzong, with its historic architecture and picturesque surroundings', 'The Eaglenest Wildlife Sanctuary, with its lush forests and diverse wildlife']","['Smoked Pork with Bamboo Shoot', 'Local Rice Cake', 'Assamese Thali']","['Sangti Valley Local Tribal Kitchen', 'Sangti Valley The Bamboo Shoot Restaurant']",[],Shillong,27.40345,92.2764
cd4ec58d-a634-4b97-8c91-53cb063f9c51,mccluskieganj,McCluskieganj,Jharkhand,Eastern India,A historic colonial Anglo-Indian village frozen in time.,"McCluskieganj is a quiet, nostalgic village located 60 km from Ranchi. Established in the 1930s by Ernest Timothy McCluskie as a homeland for Anglo-Indians, it was once home to over 400 families. Today, it features old British-style bungalows, brick chimneys, and lush fruit orchards, surrounded by forests and rivers.","[""Explore historic 1930s British stone bungalows"",""Stroll along the silent, tree-lined village lanes"",""Picnic by the serene Dulhi River and watch local life"",""Visit the unique Jagriti Vihar and colonial churches""]",Village,"['Heritage', 'Culture', 'Peaceful Retreat', 'Photography']",6000,Under ₹8k,2,September – March,"['Autumn', 'Winter', 'Spring']",Easy,Untouched,https://images.unsplash.com/photo-1544735716-392fe2489ffa?auto=format&fit=crop&w=800&q=80,"['https://images.unsplash.com/photo-1544735716-392fe2489ffa?auto=format&fit=crop&w=800&q=80', 'https://images.unsplash.com/photo-1507525428034-b723cf961d3e?auto=format&fit=crop&w=800&q=80']","['Take a walking tour of the colonial bungalows', 'Sit by the sandbanks of the Dulhi River', 'Interact with the resident Anglo-Indian families', 'Explore the nearby Chhati river and hills']","['Ivy-covered old British porches', 'Sunset reflection on the Dulhi River', 'Nostalgic brick chimneys framed by woods']","['Anglo-Indian styled roast chicken', 'Jharkhandi Duska', 'Home baked fruit cakes']","[""Gordon's Heritage Kitchen"", 'Local village tea stalls', 'Railway station dhabas']","['Ranchi (60 km)', 'Khalari (15 km)', 'Patratu Valley (45 km)']",Pondicherry,23.6667,84.9833
ce5f920f-8246-4a87-853d-8619dbb8eb02,shekhawati,Shekhawati,Rajasthan,Western India,"Discover the open-air art gallery of India in Shekhawati, Rajasthan, where historic forts, temples, and frescoed havelis await trekking enthusiasts amidst a unique landscape of semi-arid wilderness.","Shekhawati, a region in northeastern Rajasthan, is renowned for its stunning frescoed havelis, majestic forts, and a plethora of temples, showcasing a blend of Rajput and Mughal architectural styles. The semi-arid landscape, dotted with undulating hills and vast expanses of desert, presents a unique trekking terrain, punctuated by the occasional sighting of exotic birds and wildlife. As a trekker, Shekhawati offers an unparalleled opportunity to immerse in its natural beauty, cultural heritage, and historical significance, with each trail revealing a new facet of this captivating region. From the intricate frescoes adorning the walls of Dundlod and Nawalgarh to the imposing Mukungarh Fort, every aspect of Shekhawati is a testament to its rich history and the craftsmanship of its people.","[""Explore the frescoed havelis of Mandawa, which have been meticulously restored to their former glory, offering a glimpse into the lives of the region's erstwhile nobility."",""Visit the Dundlod Fort, a 17th-century structure that stands as a sentinel to the region's history, with its imposing walls and beautifully landscaped gardens."",""Discover the ancient temple of Harsh Nath, perched atop a hill in the midst of a dense forest, providing a serene and tranquil atmosphere for reflection and meditation."",""Trek to the Mukungarh Fort, which offers breathtaking views of the surrounding landscape, with its unique rock formations and diverse wildlife."",""Witness the spectacular sunset at the Satto Dhar, a scenic viewpoint that showcases the region's natural beauty in all its glory.""]",Trek,"['Nature', 'Adventure', 'Trekking', 'Camping', 'Rock Climbing', 'Bird Watching']",8100,₹8k–₹12k,3,Winter – Spring,"['Winter', 'Spring']",Easy,Quiet,https://upload.wikimedia.org/wikipedia/commons/thumb/0/0c/Front_Facade_View_of_Shahpura_House%2C_Shekhawati%2C_Rajputana.jpg/3840px-Front_Facade_View_of_Shahpura_House%2C_Shekhawati%2C_Rajputana.jpg,"['https://upload.wikimedia.org/wikipedia/commons/thumb/0/0c/Front_Facade_View_of_Shahpura_House%2C_Shekhawati%2C_Rajputana.jpg/3840px-Front_Facade_View_of_Shahpura_House%2C_Shekhawati%2C_Rajputana.jpg', 'https://images.unsplash.com/photo-1464822759023-fed622ff2c3b?auto=format&fit=crop&w=1800&q=80', 'https://images.unsplash.com/photo-1500382017468-9049fed747ef?auto=format&fit=crop&w=1800&q=80', 'https://images.unsplash.com/photo-1470071459604-3b5ec3a7fe05?auto=format&fit=crop&w=1800&q=80', 'https://images.unsplash.com/photo-1507525428034-b723cf961d3e?auto=format&fit=crop&w=1800&q=80']","['Embark on a guided trek through the hills and valleys of Shekhawati, taking in the unique rock formations, diverse flora, and fauna of the region.', 'Engage in bird watching, as Shekhawati is a haven for bird enthusiasts, with over 200 species documented in the area, including the majestic Indian bustard and the elegant Sarus crane.', ""Participate in rock climbing, with the region's unique rock formations offering a challenging and exhilarating experience for adventure seekers."", ""Set up camp in the wilderness, under the star-studded sky, and experience the beauty of Shekhawati's nocturnal landscape, with the sound of crickets and the occasional hooting of an owl.""]","[""The stepwell at Jhunjhunu, which is adorned with intricate stone carvings and offers a unique perspective on the region's architectural heritage."", ""The Fresco Gallery at Nawalgarh, which showcases some of the finest examples of Shekhawati's fresco art, with vivid depictions of mythological themes and everyday life."", 'The panoramic viewpoint at the Satto Dhar, which offers a breathtaking 360-degree view of the surrounding landscape, with the sun casting a golden glow over the hills and valleys.']","['Dal Baati Churma', 'Saurashtra Thali', 'Goan Fish Curry']","['Shekhawati Kathiyawadi Local Dhaba', 'Shekhawati Rajasthani Thali House']",[],Lonavala,28.05389,75.1517
ce892c6f-1e4f-4df3-b2f0-b8a6a9ba9d13,mandvi-beach,Mandvi Beach,Gujarat,Western India,"Unwind on the majestic shores of Mandvi Beach, a pristine gem in Gujarat where the Arabian Sea's waves caress the land","Mandvi Beach, situated in the Kutch district of Gujarat, is a haven of tranquility and natural beauty. With its expansive shoreline and gentle waves, it offers the perfect setting for relaxation and rejuvenation. The beach is lined with palm trees and boasts a picturesque view of the sunset, especially during the months of October to March when the weather is pleasant. The history of Mandvi dates back to the 16th century when it was a major port for the shipbuilding industry, and remnants of this past can still be seen in the form of old shipyards and the Vijay Vilas Palace, which overlooks the beach. The local culture is a vibrant blend of traditional Gujarati hospitality and the laid-back atmosphere of a coastal town.","[""To soak in the serene atmosphere and enjoy water activities like swimming and sunbathing"",""To explore the historic Vijay Vilas Palace, which showcases an exquisite blend of Rajput and Victorian architectural styles"",""To visit the centuries-old shipbuilding yard and witness the traditional craftsmanship of local shipbuilders"",""To experience the local seafood and traditional Gujarati cuisine at one of the many restaurants along the beach""]",Beach,"['Beach', 'Swimming', 'Sunbathing', 'Beach Walks', 'Boat Ride']",8100,₹8k–₹12k,3,Winter – Spring,"['Winter', 'Spring']",Easy,Quiet,https://upload.wikimedia.org/wikipedia/commons/a/af/Mandvi_Beach.jpg,"['https://upload.wikimedia.org/wikipedia/commons/a/af/Mandvi_Beach.jpg', 'https://images.unsplash.com/photo-1464822759023-fed622ff2c3b?auto=format&fit=crop&w=1800&q=80', 'https://images.unsplash.com/photo-1500382017468-9049fed747ef?auto=format&fit=crop&w=1800&q=80', 'https://images.unsplash.com/photo-1470071459604-3b5ec3a7fe05?auto=format&fit=crop&w=1800&q=80', 'https://images.unsplash.com/photo-1507525428034-b723cf961d3e?auto=format&fit=crop&w=1800&q=80']","['Take a leisurely walk along the beach at sunrise or sunset to enjoy the tranquil ambiance', 'Go on a boat ride into the Arabian Sea to witness dolphins and other marine life', 'Visit the nearby port to see the traditional fishing boats and learn about the local fishing community', 'Engage in water sports such as kayaking, paddleboarding, or even try your hand at sailing']","['The sunset point near the Vijay Vilas Palace, which offers a breathtaking view of the beach and the palace', 'The historic shipbuilding yard, with its wooden ships and skilled craftsmen', 'The beach itself, especially during the early morning or late evening when the light is golden and the crowds are fewer']","['Dal Baati Churma', 'Saurashtra Thali', 'Goan Fish Curry']","['Mandvi Beach Kathiyawadi Local Dhaba', 'Mandvi Beach Rajasthani Thali House']",[],Goa,22.82561,69.33807
ceadcfac-9c92-49e0-9ed6-a7509b6c0f21,thattekad-bird-sanctuary,Thattekad Bird Sanctuary,Kerala,Southern India,"Discover the tropical paradise of south India's largest bird sanctuary, teeming with avian life amidst lush Kerala forests.","Thattekad Bird Sanctuary, a part of the Western Ghats mountain range, is Kerala's first bird sanctuary established in 1983. This mountainous haven shelters over 270 varieties of birds and offers breathtaking views of the surrounding region. The sanctuary is set amidst dense Shola forests, teeming with a rich biodiversity. The serene atmosphere and diverse landscape create an enchanting experience for nature lovers, ornithologists, and photographers alike. Exploring the sanctuary's winding trails, one can unravel the secrets of the region's unique ecosystem, amidst the sweet songs of its avian inhabitants.","[""Spot the majestic Great Hornbill, the largest hornbill species in the world, amidst the sanctuary's lush forests."",""Embark on a thrilling bird watching experience, with an array of species, including the Nilgiri Woodpigeon and the Broad-tailed Grassbird."",""Explore the region's rich biodiversity, with a visit to the Kallarkutty Wildlife Sanctuary, a haven for rare and endemic species."",""Take part in a guided nature walk, led by experienced ornithologists to uncover the hidden gems of Thattekad's ecosystems."",""Capture the stunning beauty of Thattekad's Shola forests, teeming with exotic floral species and picturesque landscapes, perfect for nature photography.""]",Mountain,"['Wildlife', 'Nature Walks', 'Photography', 'Local Sightseeing', 'Bird Watching']",8100,₹8k–₹12k,3,Winter – Spring,"['Winter', 'Spring']",Easy,Quiet,https://upload.wikimedia.org/wikipedia/commons/4/4d/Ocyceros_griseus_-India-8a.jpg,"['https://upload.wikimedia.org/wikipedia/commons/4/4d/Ocyceros_griseus_-India-8a.jpg', 'https://images.unsplash.com/photo-1464822759023-fed622ff2c3b?auto=format&fit=crop&w=1800&q=80', 'https://images.unsplash.com/photo-1500382017468-9049fed747ef?auto=format&fit=crop&w=1800&q=80', 'https://images.unsplash.com/photo-1470071459604-3b5ec3a7fe05?auto=format&fit=crop&w=1800&q=80', 'https://images.unsplash.com/photo-1507525428034-b723cf961d3e?auto=format&fit=crop&w=1800&q=80']","[""Embark on a trek to the sanctuary's highest point, offering panoramic views of the surrounding landscape."", 'Take a guided tour to spot the elusive and rare bird species that call this sanctuary home.', 'Experience the rich heritage of rural Kerala, with a visit to a nearby village and its ancient temples.', ""Participate in community-led reforestation initiatives, to help preserve the sanctuary's biodiversity.""]","['Perumpanni viewpoint, which offers a stunning panorama of the surrounding valley.', ""The scenic Kallar River, which flows gently through the sanctuary's lush forests and offers a picturesque backdrop for photography."", 'The sunset point, overlooking the rolling hills of the Western Ghats, creating a breathtaking view amidst the warm glow of the setting sun.']","['Traditional Thali', 'Filter Coffee', 'Local Seafood']","['Thattekad Bird Sanctuary Malgudi Filter Coffee & Tiffin', 'Thattekad Bird Sanctuary Sree Local Mess']",[],Lonavala,10.12785,76.71943
cf946e35-02a5-49f3-823e-90e7f2fc1d63,mana-village,Mana Village,Uttarakhand,Northern India,"Discover Mana Village, the mythical last Indian hamlet, where ancient legends meet breathtaking Himalayan vistas and the serene Saraswati River.","Nestled in the pristine Himalayas of Uttarakhand, Mana Village holds the unique distinction of being the last inhabited village on the Indian side before the Indo-China border. Situated at an altitude of approximately 3,200 meters, just 3 km from the revered Badrinath Temple, its geographical location offers stunning panoramic views of snow-capped peaks and the roaring Alaknanda River. Mana is deeply steeped in Hindu mythology, believed to be the place where the sage Vyasa dictated the Mahabharata to Lord Ganesha, with caves bearing their names serving as ancient relics. Culturally, Mana is home to the indigenous Bhotia community, whose traditional lifestyle and architecture blend seamlessly with the rugged mountain terrain. Visitors can experience their warm hospitality, observe their unique customs, and find local handicrafts, particularly woolens made from sheep and yak wool. The village's serene atmosphere, combined with its profound historical and mythological significance, offers a profound glimpse into India's spiritual and natural heritage.","[""Vyas Gufa (Vyasa Cave): The legendary cave where Sage Vyasa is believed to have composed the Mahabharata."",""Ganesh Gufa (Ganesha Cave): Adjacent to Vyas Gufa, where Lord Ganesha is said to have transcribed the epic."",""Bhima Pul: A natural stone bridge over the roaring Saraswati River, fabled to have been placed by Bhima to cross the river."",""Origin of Saraswati River: Witness the emergence of the mythical Saraswati River from the mountain, a rare and revered sight."",""Vasudhara Falls Trek: An enchanting 5 km trek from Mana leads to this spectacular 400-ft cascading waterfall, surrounded by vibrant alpine flowers during season.""]",Trek,"['Nature', 'Adventure', 'Trekking', 'Camping', 'Rock Climbing', 'Bird Watching']",8100,₹8k–₹12k,3,Summer – Spring,"['Summer', 'Spring']",Moderate,Quiet,https://images.unsplash.com/photo-1589308078059-be1415eab4c3?auto=format&fit=crop&w=1200&q=85,"['https://images.unsplash.com/photo-1589308078059-be1415eab4c3?auto=format&fit=crop&w=1200&q=85', 'https://images.unsplash.com/photo-1464822759023-fed622ff2c3b?auto=format&fit=crop&w=1800&q=80', 'https://images.unsplash.com/photo-1500382017468-9049fed747ef?auto=format&fit=crop&w=1800&q=80', 'https://images.unsplash.com/photo-1470071459604-3b5ec3a7fe05?auto=format&fit=crop&w=1800&q=80', 'https://images.unsplash.com/photo-1507525428034-b723cf961d3e?auto=format&fit=crop&w=1800&q=80']","['Trek to Vasudhara Falls: Embark on the picturesque 5 km trek to experience the majestic waterfall and surrounding Himalayan beauty.', 'Explore Mythological Caves: Visit Vyas Gufa and Ganesh Gufa to immerse yourself in ancient Hindu legends and spiritual ambiance.', ""Visit 'India's Last Tea Shop': Enjoy a hot beverage and local snacks at this famously named tea stall, marking the frontier."", 'Shop for Bhotia Handicrafts: Purchase authentic woolen shawls, carpets, and traditional items made by the local Bhotia community.']","['Bhima Pul with Saraswati River: Capture the dramatic natural bridge spanning the nascent Saraswati River, set against the Himalayan backdrop.', 'Vasudhara Falls Vista: Photograph the powerful cascade of Vasudhara Falls and the sweeping views of the surrounding valley during the trek.', 'Mana Village Gateway: Frame the traditional stone houses and vibrant prayer flags at the entrance to Mana Village, with towering peaks in the distance.']","['Siddu', 'Pahadi Madra', 'Local Thali']","['Mana Village Pahadi Rasoi Local Kitchen', 'Mana Village Hilltop Cafe & Bistro']",[],Manali,30.96712,79.41097
d0c2cb56-84de-4eb0-9576-7418bd39d693,mukteshwar,Mukteshwar,Uttarakhand,Northern India,"Nestled in the Kumaon Himalayas, Mukteshwar is a pristine getaway where nature's splendor meets spiritual essence.","Perched at an altitude of 2,300 meters, Mukteshwar is a lesser-known but fascinating hill station in the district of Nainital in Uttarakhand. The town gained prominence with the establishment of an ashram based on the Shiva shrine. A blend of nature, architecture, and spirituality, Mukteshwar enthralls visitors with scenic walks, majestic Himalayan landscapes, and picturesque views of the Nanda Devi, Trisul, and Nandikund peaks. Whether you're seeking solace in the peaceful surroundings or adventure in the majestic hills, Mukteshwar has it all. This offbeat destination is an ideal getaway for nature lovers who want to indulge in breathtaking scenery, serene ambiance, and unadulterated tranquility.","[""Visit the iconic Mukteshwar Temple, a 500-year-old Shiva shrine surrounded by breathtaking views of the Himalayas and Nanda Devi peak."",""Explore the 100-Feet High Shiva Statue, an imposing structure carved out of a rocky outcrop and offering stunning views of the surrounding hills."",""Take a hike to the picturesque village of Chauli Ki Jaali, nestled on a hillside amidst lush green forests and offering spectacular views of the snow-capped Himalayas."",""Relish the breathtaking views of Nanda Devi, Trisul, and Nandikund peaks at the Chauli Ki Jaali Viewpoint."",""Embark on a thrilling adventure by trekking to the nearby ridges and taking in the spectacular views of the Himalayan range from the top.""]",Mountain,"['Nature', 'Nature Walks', 'Photography', 'Local Sightseeing', 'Bird Watching']",8100,₹8k–₹12k,3,Summer – Spring,"['Summer', 'Spring']",Moderate,Quiet,https://upload.wikimedia.org/wikipedia/commons/thumb/f/f0/Chauli_Ki_Jali%2C_Mukteshwar.jpg/3840px-Chauli_Ki_Jali%2C_Mukteshwar.jpg,"['https://upload.wikimedia.org/wikipedia/commons/thumb/f/f0/Chauli_Ki_Jali%2C_Mukteshwar.jpg/3840px-Chauli_Ki_Jali%2C_Mukteshwar.jpg', 'https://images.unsplash.com/photo-1464822759023-fed622ff2c3b?auto=format&fit=crop&w=1800&q=80', 'https://images.unsplash.com/photo-1500382017468-9049fed747ef?auto=format&fit=crop&w=1800&q=80', 'https://images.unsplash.com/photo-1470071459604-3b5ec3a7fe05?auto=format&fit=crop&w=1800&q=80', 'https://images.unsplash.com/photo-1507525428034-b723cf961d3e?auto=format&fit=crop&w=1800&q=80']","['Take a leisurely walk around the scenic town, observing the intricate architecture of the ancient temples and admiring the stunning views of the surrounding hills.', 'Visit a local orchard, where you can indulge in some shopping of fresh fruits, local handicrafts, and handmade souvenirs.', 'Explore the nearby village markets, which offer an assortment of local handicrafts, handicapped goods, and traditional Raj Putti embroidery.', 'Enjoy a guided bird-watching tour with experienced guides to spot over 100 species of migratory and native birds, including the critically endangered Himalayan Monal and the Himalayan Quail.']","['Capture the vibrant colors of the sunset at the Chauli Ki Jaali Viewpoint, with the Nanda Devi and Trisul peaks set as a picturesque backdrop.', 'Click pictures of the Shiva statue set amidst lush greenery, surrounded by an ethereal glow when illuminated at night.', 'Snap the stunning vistas of the snow-capped mountains, lush forests, and serene valleys from one of the many viewpoints around the town.']","['Siddu', 'Pahadi Madra', 'Local Thali']","['Mukteshwar Pahadi Rasoi Local Kitchen', 'Mukteshwar Hilltop Cafe & Bistro']",[],Manali,29.47208,79.64804
d24f57e2-10e9-466c-8cd2-468c40a3f67e,mandawa,Mandawa,Rajasthan,Western India,"Experience the rugged charm of Rajasthan's Shekhawati region in Mandawa, where ancient forts, frescoed havelis, and vast desert landscapes await adventurous trekkers.","Mandawa, a quaint town in Rajasthan's Jhunjhunu district, is a treasure trove of history, culture, and natural beauty. Founded in the 18th century, Mandawa is known for its stunning architecture, including the majestic Mandawa Fort, which showcases a blend of Rajput and Mughal styles. The town's landscape is dotted with intricately frescoed havelis, each telling a story of its own. As a trekking destination, Mandawa offers a unique experience, with its rugged terrain, rocky outcrops, and vast expanses of the desert, perfect for camping, rock climbing, and bird watching. The town's proximity to the Aravalli Range makes it an ideal spot for trekking and exploring the region's natural beauty.","[""Mandawa Fort, a 200-year-old architectural marvel"",""The iconic Hanuman Prasad Goenka Haveli, known for its exquisite frescoes"",""The rugged trails of the Aravalli Range, perfect for trekking and rock climbing"",""The local bazaars, where you can find traditional Rajasthani handicrafts and souvenirs""]",Trek,"['Nature', 'Adventure', 'Trekking', 'Camping', 'Rock Climbing', 'Bird Watching']",8100,₹8k–₹12k,3,Winter – Spring,"['Winter', 'Spring']",Easy,Quiet,https://upload.wikimedia.org/wikipedia/commons/0/0b/Haveli_mandawa.jpg,"['https://upload.wikimedia.org/wikipedia/commons/0/0b/Haveli_mandawa.jpg', 'https://images.unsplash.com/photo-1464822759023-fed622ff2c3b?auto=format&fit=crop&w=1800&q=80', 'https://images.unsplash.com/photo-1500382017468-9049fed747ef?auto=format&fit=crop&w=1800&q=80', 'https://images.unsplash.com/photo-1470071459604-3b5ec3a7fe05?auto=format&fit=crop&w=1800&q=80', 'https://images.unsplash.com/photo-1507525428034-b723cf961d3e?auto=format&fit=crop&w=1800&q=80']","['Trek to the nearby Dundlod Hills, offering breathtaking views of the surrounding landscape', ""Take a guided tour of the town's frescoed havelis, showcasing the region's rich cultural heritage"", 'Go bird watching in the nearby forests, home to a variety of bird species', 'Camping under the stars in the desert, with the sound of traditional Rajasthani music echoing in the distance']","['The sunset point at the Mandawa Fort, offering a panoramic view of the town', 'The rugged landscape of the Aravalli Range, perfect for capturing dramatic rock formations', 'The intricately frescoed courtyard of the Murmuria Haveli, a masterpiece of Rajasthani architecture']","['Dal Baati Churma', 'Saurashtra Thali', 'Goan Fish Curry']","['Mandawa Kathiyawadi Local Dhaba', 'Mandawa Rajasthani Thali House']",[],Lonavala,28.05584,75.14839
d2e23a5e-fc57-492f-8219-94ee03b6920d,rakchham,Rakchham,Himachal Pradesh,Northern India,"Explore the serene beauty of Rakchham, a secluded hamlet in Kinnaur's Bhabha Valley.","Tucked away in the picturesque Bhabha Valley of Kinnaur, Rakchham is a charming hamlet that offers an otherworldly experience. This hidden gem is a haven for nature lovers and adventure seekers who seek solace in the majestic Himalayas. Renowned for its lush meadows, ancient temples, and diverse avifauna, Rakchham is an unforgettable destination for those in search of tranquility and awe-inspiring vistas.","[""Experience the tranquility of Rakchham's lush meadows and pristine streams."",""Explore the centuries-old Raghupur Temple and soak in its spiritual aura."",""Embark on a thrilling bird-watching adventure to spot rare species like the Brown Dipper."",""Walk through the lush forests of the Tirthan Gorge and marvel at the scenic beauty."",""Witness the breathtaking sunrise from the Rakchham Village viewpoint, which offers panoramic views of the surrounding mountains.""]",Mountain,"['Nature', 'Nature Walks', 'Photography', 'Local Sightseeing', 'Bird Watching']",8100,₹8k–₹12k,3,Summer – Spring,"['Summer', 'Spring']",Moderate,Quiet,https://upload.wikimedia.org/wikipedia/commons/d/d2/Rakchham_Village%2C_Sangla_Valley.JPG,"['https://upload.wikimedia.org/wikipedia/commons/d/d2/Rakchham_Village%2C_Sangla_Valley.JPG', 'https://images.unsplash.com/photo-1464822759023-fed622ff2c3b?auto=format&fit=crop&w=1800&q=80', 'https://images.unsplash.com/photo-1500382017468-9049fed747ef?auto=format&fit=crop&w=1800&q=80', 'https://images.unsplash.com/photo-1470071459604-3b5ec3a7fe05?auto=format&fit=crop&w=1800&q=80', 'https://images.unsplash.com/photo-1507525428034-b723cf961d3e?auto=format&fit=crop&w=1800&q=80']","[""Go on a guided nature walk through Rakchham's lush meadows and villages."", 'Try your hand at angling in the crystal-clear streams of Rakchham.', 'Take a trip to the nearby Sangla Valley, famous for its apple orchards and breathtaking scenery.', 'Attend the traditional Bon Festival, celebrated by the local inhabitants of Rakchham to mark the beginning of winter.']","['The meadow overlooking Rakchham Village, which offers breathtaking views of the Kinnaur Kailash Range.', 'The suspension bridge across the serene Rakchham River, which provides a picturesque vantage point for photography.', ""The Tirthan Gorge, characterized by its towering cliffs and lush forests, is a photographer's paradise.""]","['Siddu', 'Pahadi Madra', 'Local Thali']","['Rakchham Pahadi Rasoi Local Kitchen', 'Rakchham Hilltop Cafe & Bistro']",[],Manali,31.39234,78.35375
d40d242f-90e2-47a7-b345-bb8fa96b5ef4,mechuka,Mechuka,Arunachal Pradesh,Northeastern India,A hidden Himalayan valley near the China border.,"Tucked away in western Arunachal Pradesh, Mechuka is a stunning valley of wooden houses, Buddhist monasteries, snow-capped peaks and the crystal-clear Siyom River.","[""Remote valley near the China border"",""Traditional Memba tribal culture"",""Snow-capped Himalayan scenery"",""One of Arunachal's least-visited destinations""]",Valley,"['Nature', 'Photography', 'Adventure', 'Peaceful Retreat']",16000,₹14k–₹18k,5,October – April,"['Winter', 'Spring']",Moderate,Untouched,https://res.cloudinary.com/dizqquqfs/image/upload/q_auto/f_auto/v1781878844/mechuka4_wlaq9d.jpg,"['https://res.cloudinary.com/dizqquqfs/image/upload/q_auto/f_auto/v1781878844/mechuka4_wlaq9d.jpg', 'https://res.cloudinary.com/dizqquqfs/image/upload/q_auto/f_auto/v1781878836/mechuka2_iwmuvi.jpg', 'https://res.cloudinary.com/dizqquqfs/image/upload/q_auto/f_auto/v1781878832/mechuka1_jbn7j4.jpg', 'https://res.cloudinary.com/dizqquqfs/image/upload/q_auto/f_auto/v1781878840/mechuka3_jyxjbj.jpg']","['Visit Samten Yongcha Monastery', 'Walk along the Siyom River', 'Explore Dorjeeling Village', 'Photograph the snow-covered peaks']","['Mechuka Valley panorama', 'Wildflower meadows beside the Siyom River', 'Morning mist across Mechuka Valley']","['Thukpa', 'Momos', 'Yak meat dishes', 'Butter tea']","['Mechuka Cafe', 'Mountain View Cafe', 'Siyom Riverside Cafe']","['Dorjeeling Village', 'Hanuman Point', 'Siyom River']",Manali,28.59875,94.13358
d5b88e01-2532-458d-bcbc-d63f26be879e,laknavaram-lake,Laknavaram Lake,Telangana,Southern India,"A tranquil haven amidst the rolling Satveda Hills of Telangana, Laknavaram Lake beckons you to unwind amidst unparalleled natural beauty.","Nestled within the majestic Satveda Hills, Laknavaram Lake stands as a serene sanctuary in the midst of the dense forests of Telangana. This enchanting mountain getaway offers a tranquil escape from the bustling city life, transporting you to an idyllic realm of breathtaking natural beauty. The crystal-clear waters of the lake, set amidst a lush backdrop of vibrant greenery, provide a serene haven for nature enthusiasts. As you unwind amidst the rustic charms of this enchanting destination, the symphony of chirping birds, rustling leaves, and chirping insects creates an unforgettable experience for the senses. With its enchanting scenery, scenic mountain trails, and diverse wildlife, Laknavaram Lake presents a perfect convergence of nature's splendor and serenity.","[""Experience the breathtaking beauty of the majestic Laknavaram Pedda Jalarasi, a giant tree resting on the water, amidst the serene atmosphere of the lake."",""Embark on an enchanting trek through the verdant forests surrounding the Laknavaram Lake, offering a chance to engage in thrilling bird watching experiences."",""Witness the stunning sunsets that light up the skies with hues of gold, orange, and pink, while offering a chance to capture breathtaking photographs."",""Immerse yourself in the tranquil atmosphere by enjoying a serene boat ride across the crystal-clear waters of the lake, providing an opportunity to unwind amidst nature's beauty."",""Explore the enchanting Satveda Hills, which rise majestically from the surrounding landscape, offering a glimpse into the region's geological and natural history.""]",Mountain,"['Nature', 'Nature Walks', 'Photography', 'Local Sightseeing', 'Bird Watching']",8100,₹8k–₹12k,3,Winter – Spring,"['Winter', 'Spring']",Easy,Quiet,https://upload.wikimedia.org/wikipedia/commons/thumb/0/01/Laknavaram_Hanging_Bridge_05.jpg/3840px-Laknavaram_Hanging_Bridge_05.jpg,"['https://upload.wikimedia.org/wikipedia/commons/thumb/0/01/Laknavaram_Hanging_Bridge_05.jpg/3840px-Laknavaram_Hanging_Bridge_05.jpg', 'https://images.unsplash.com/photo-1464822759023-fed622ff2c3b?auto=format&fit=crop&w=1800&q=80', 'https://images.unsplash.com/photo-1500382017468-9049fed747ef?auto=format&fit=crop&w=1800&q=80', 'https://images.unsplash.com/photo-1470071459604-3b5ec3a7fe05?auto=format&fit=crop&w=1800&q=80', 'https://images.unsplash.com/photo-1507525428034-b723cf961d3e?auto=format&fit=crop&w=1800&q=80']","[""Engage in an invigorating trek through the rolling hills surrounding Laknavaram Lake, offering a chance to explore the region's unique flora and fauna."", 'Experience the thrill of spotting exotic bird species, such as the Asian Paradise Flycatcher, Blue-throated Bee-eater, and the Painted Stork, amidst the lush forests surrounding the lake.', 'Immerse yourself in the tranquil atmosphere by practicing yoga or meditation amidst the serene surroundings of the lake.', ""Embark on a guided boat ride across the crystal-clear waters, offering a chance to explore the region's unique geological formations and diverse aquatic life.""]","['The serene Laknavaram Pedda Jalarasi, where a giant tree rests on the water, providing a breathtaking opportunity for nature photography.', 'The majestic Satveda Hills, which rise majestically from the surrounding landscape, offering a unique and awe-inspiring subject for photography.', 'The sunsets at Laknavaram Lake, which light up the skies with hues of gold, orange, and pink, offering a chance to capture unforgettable photographs amidst the serene atmosphere of the lake.']","['Traditional Thali', 'Filter Coffee', 'Local Seafood']","['Laknavaram Lake Malgudi Filter Coffee & Tiffin', 'Laknavaram Lake Sree Local Mess']",[],Lonavala,18.14802,80.06033
d5efdc4b-7125-496d-800c-94bf74bbfe19,cotigao-wildlife-sanctuary,Cotigao Wildlife Sanctuary,Goa,Western India,"Immerse in the untamed beauty of Goa's western ghats at Cotigao Wildlife Sanctuary, a haven for wildlife enthusiasts and nature lovers.","Cotigao Wildlife Sanctuary, nestled in the picturesque Canacona taluka of South Goa, is a treasure trove of biodiversity. Established in 1969, this sanctuary is spread over an area of 86 square kilometers, providing a protected habitat for a wide range of flora and fauna. The sanctuary's terrain is characterized by dense forests, grasslands, and a variety of tree species, including the tall, majestic trees that provide shelter to the inhabitants of this ecosystem. As one of the most serene and less-crowded sanctuaries in Goa, Cotigao offers a unique opportunity for visitors to connect with nature and experience the rich wildlife of the region. With its unique blend of deciduous and evergreen forests, the sanctuary is home to a variety of wildlife, including the Four-horned Antelope, the Gaur, and over 120 species of birds, making it a paradise for birdwatchers and wildlife enthusiasts alike.","[""Explore the sanctuary's scenic forest trails, which offer breathtaking views of the surrounding landscape and the chance to spot exotic wildlife"",""Visit the 25-meter-high watchtower, which provides an excellent vantage point to observe the movements of animals in their natural habitat"",""Witness the unique 'Devil's Canyon', a narrow, steep-sided valley carved out by the streams, offering stunning views and photographic opportunities"",""Spot the diverse array of birds that call the sanctuary home, including the Malabar Hornbill, the Rufous Babbler, and the Blue Mormon Butterfly"",""Take a guided nature walk with an experienced guide, who will help you identify the various plant and animal species that inhabit the sanctuary""]",Mountain,"['Wildlife', 'Nature Walks', 'Photography', 'Local Sightseeing', 'Bird Watching']",8100,₹8k–₹12k,3,Winter – Spring,"['Winter', 'Spring']",Easy,Quiet,https://upload.wikimedia.org/wikipedia/commons/9/9a/Somewhere_in_the_interiors_of_Cotigao.jpg,"['https://upload.wikimedia.org/wikipedia/commons/9/9a/Somewhere_in_the_interiors_of_Cotigao.jpg', 'https://images.unsplash.com/photo-1464822759023-fed622ff2c3b?auto=format&fit=crop&w=1800&q=80', 'https://images.unsplash.com/photo-1500382017468-9049fed747ef?auto=format&fit=crop&w=1800&q=80', 'https://images.unsplash.com/photo-1470071459604-3b5ec3a7fe05?auto=format&fit=crop&w=1800&q=80', 'https://images.unsplash.com/photo-1507525428034-b723cf961d3e?auto=format&fit=crop&w=1800&q=80']","[""Embark on an early-morning bird-watching tour to spot the sanctuary's diverse avifauna"", 'Take a thrilling trek to the nearby hills, offering panoramic views of the surrounding landscape', ""Engage in a photography session, capturing the stunning beauty of the sanctuary's flora and fauna"", ""Participate in a guided nature walk, learning about the unique characteristics of the sanctuary's ecosystem""]","['The watchtower, offering panoramic views of the surrounding landscape and the chance to capture stunning photographs of wildlife', 'The forest trails, with their scenic vistas and opportunities to photograph exotic plant and animal species', ""The 'Devil's Canyon', with its unique landscape and stunning views, providing a photographer's paradise""]","['Dal Baati Churma', 'Saurashtra Thali', 'Goan Fish Curry']","['Cotigao Wildlife Sanctuary Kathiyawadi Local Dhaba', 'Cotigao Wildlife Sanctuary Rajasthani Thali House']",[],Lonavala,14.96116,74.15125
d65f8f83-7fcd-4e4a-b565-2c7aebbf6523,karauli,Karauli,Rajasthan,Western India,"Experience the unspoiled beauty of Rajasthan in Karauli, a hidden gem nestled in the Aravalli ranges, offering a perfect blend of adventure, nature, and culture.","The town's proximity to the Aravalli ranges makes it an ideal base for trekking and rock climbing expeditions. The Timangarh Fort, perched atop a hill, offers breathtaking views of the surrounding landscape and is a must-visit for history buffs and adventure seekers alike. With its unique blend of nature, culture, and adventure, Karauli is an offbeat destination that promises to leave visitors with unforgettable memories.","[""The Timangarh Fort, a 12th-century fort that offers panoramic views of the surrounding landscape"",""The Madan Mohan Ji Temple, a historic temple dedicated to Lord Krishna"",""The Karauli City Palace, a majestic palace that showcases the region's rich history and architecture"",""The Aravalli ranges, which offer several trekking and rock climbing routes for adventure enthusiasts"",""The Kaila Devi Sanctuary, a protected area that is home to a wide range of flora and fauna""]",Trek,"['Nature', 'Adventure', 'Trekking', 'Camping', 'Rock Climbing', 'Bird Watching']",8100,₹8k–₹12k,3,Winter – Spring,"['Winter', 'Spring']",Easy,Quiet,https://images.unsplash.com/photo-1599661046289-e31897846e41?auto=format&fit=crop&w=1200&q=85,"['https://images.unsplash.com/photo-1599661046289-e31897846e41?auto=format&fit=crop&w=1200&q=85', 'https://images.unsplash.com/photo-1464822759023-fed622ff2c3b?auto=format&fit=crop&w=1800&q=80', 'https://images.unsplash.com/photo-1500382017468-9049fed747ef?auto=format&fit=crop&w=1800&q=80', 'https://images.unsplash.com/photo-1470071459604-3b5ec3a7fe05?auto=format&fit=crop&w=1800&q=80', 'https://images.unsplash.com/photo-1507525428034-b723cf961d3e?auto=format&fit=crop&w=1800&q=80']","['Trek to the Timangarh Fort, a challenging hike that rewards visitors with breathtaking views', 'Go bird watching in the Kaila Devi Sanctuary, which is home to over 100 species of birds', 'Explore the Karauli City Palace, which features a unique blend of Rajput and Mughal architecture', 'Take a rock climbing expedition in the Aravalli ranges, which offer several routes for beginners and experienced climbers']","['The Timangarh Fort, which offers panoramic views of the surrounding landscape', 'The Madan Mohan Ji Temple, which features intricate carvings and stunning architecture', 'The Kaila Devi Sanctuary, which is home to a wide range of flora and fauna and offers several scenic viewpoints']","['Dal Baati Churma', 'Saurashtra Thali', 'Goan Fish Curry']","['Karauli Kathiyawadi Local Dhaba', 'Karauli Rajasthani Thali House']",[],Lonavala,26.51583,77.0566
d84584db-60a5-4d7c-9c15-749dcbaba223,munsiyari,Munsiyari,Uttarakhand,Northern India,Experience the majestic grandeur of the Panchchuli Peaks in the serene hamlet of Munsiyari.,"Nestled in the Pithoragarh district of Uttarakhand, Munsiyari is a tiny hamlet that offers breathtaking vistas of the Panchchuli Peaks, a part of the majestic Himalayan range. The region is steeped in natural beauty with lush forests, crystal-clear streams, and verdant meadows that beckon adventure-seekers to this idyllic trekking destination. Munsiyari has emerged as a haven for trekkers and nature enthusiasts, providing an opportunity to unravel the secrets of the Himalayas. The tranquil atmosphere and majestic scenery of this hill town transport visitors to a realm of serenity and peace.","[""Visit the Maheshwaram Temple, a sacred site dedicated to Lord Shiva, nestled amidst a lush forest and offering panoramic views of the surrounding mountains."",""Get a glimpse of the majestic Panchchuli Peaks at Khaliya Top, an ideal vantage point to witness the ethereal beauty of the Himalayas."",""Experience the scenic Bhagiswargarh trek, which offers a mix of stunning vistas, serene waterfalls, and picturesque villages."",""Delight in the picturesque scenery of the Birthi Falls, a serene cascade nestled in the midst of lush forest and verdant meadows."",""Uncover the region's rich culture and traditions by exploring the quaint village of Munsiyari, which offers a glimpse into the lives of the local residents.""]",Trek,"['Nature', 'Adventure', 'Trekking', 'Camping', 'Rock Climbing', 'Bird Watching']",8100,₹8k–₹12k,3,Summer – Spring,"['Summer', 'Spring']",Moderate,Quiet,https://upload.wikimedia.org/wikipedia/commons/3/31/Munsiari_IMG_20160617_132452119_%2832987221606%29.jpg,"['https://upload.wikimedia.org/wikipedia/commons/3/31/Munsiari_IMG_20160617_132452119_%2832987221606%29.jpg', 'https://images.unsplash.com/photo-1464822759023-fed622ff2c3b?auto=format&fit=crop&w=1800&q=80', 'https://images.unsplash.com/photo-1500382017468-9049fed747ef?auto=format&fit=crop&w=1800&q=80', 'https://images.unsplash.com/photo-1470071459604-3b5ec3a7fe05?auto=format&fit=crop&w=1800&q=80', 'https://images.unsplash.com/photo-1507525428034-b723cf961d3e?auto=format&fit=crop&w=1800&q=80']","['Embark on a trek to the Panchchuli Peaks via the Khaliya Top route, which offers breathtaking views of the majestic Himalayas.', 'Explore the tranquil surroundings of Munsiyari by hiking to various viewpoints, including the Maheshwaram Temple and Bhagiswargarh.', 'Take in the serene beauty of the Birthi Falls, a must-visit attraction in Munsiyari.', 'Indulge in camping under the starry night sky, surrounded by the majestic Panchchuli Peaks and lush forests of Munsiyari.']","['Capture the majestic Panchchuli Peaks at Khaliya Top, an ideal vantage point to witness the ethereal beauty of the Himalayas.', 'Click pictures of the serene Bhagiswargarh trek, which offers a mix of stunning vistas, serene waterfalls, and picturesque villages.', 'Snapshot the picturesque scenery of the Birthi Falls, a serene cascade nestled in the midst of lush forest and verdant meadows.']","['Siddu', 'Pahadi Madra', 'Local Thali']","['Munsiyari Pahadi Rasoi Local Kitchen', 'Munsiyari Hilltop Cafe & Bistro']",[],Manali,30.12249,80.24153
d893c329-e9ff-41b2-9c1f-933613dcee03,hmuifang-hills,Hmuifang Hills,Mizoram,Northeastern India,"Experience the serenity of Mizoram's majestic mountains, where nature's splendor and diverse wildlife await discovery.","Located in the heart of Mizoram, Hmuifang Hills is a breathtaking mountain destination that embodies the essence of India's northeastern state. This region is a haven for nature enthusiasts, with lush forests, winding hills, and a diverse range of flora and fauna. As you wander through the hills, you'll be immersed in a world of tranquility, where the sweet songs of birds and the gentle rustle of leaves create a soothing melody. Explore the rolling hills, trek to hidden waterfalls, and capture the essence of this enchanting landscape. Hmuifang Hills offers a unique opportunity to connect with nature and experience the warm hospitality of the Mizo people.","[""Murlen National Park: A protected area that is home to numerous bird species, including the beautiful Blyth's Tragopan."",""Tuihsui Falls: A picturesque waterfall that offers a serene spot for trekking and waterfalls gazing."",""Hmuifang Hills Trek: A challenging yet rewarding hike that takes you through scenic landscapes and offers panoramic views."",""Khawnlung Falls: A beautiful waterfall, surrounded by lush greenery and a perfect spot for photography."",""Zote Khawl: An ancient sacred cave that houses ancient artifacts and holds deep cultural significance for the Mizo people.""]",Mountain,"['Nature', 'Wildlife', 'Nature Walks', 'Photography', 'Local Sightseeing', 'Bird Watching']",8100,₹8k–₹12k,3,Summer – Spring,"['Summer', 'Spring']",Moderate,Quiet,https://upload.wikimedia.org/wikipedia/commons/0/04/Hmuifang_Mountain_Side.jpg,"['https://upload.wikimedia.org/wikipedia/commons/0/04/Hmuifang_Mountain_Side.jpg', 'https://images.unsplash.com/photo-1464822759023-fed622ff2c3b?auto=format&fit=crop&w=1800&q=80', 'https://images.unsplash.com/photo-1500382017468-9049fed747ef?auto=format&fit=crop&w=1800&q=80', 'https://images.unsplash.com/photo-1470071459604-3b5ec3a7fe05?auto=format&fit=crop&w=1800&q=80', 'https://images.unsplash.com/photo-1507525428034-b723cf961d3e?auto=format&fit=crop&w=1800&q=80']","[""Bird Watching Tour: Join a guided tour to spot various bird species, including the iconic Blyth's Tragopan."", 'Jungle Treks: Explore the hills and forests on foot, and discover hidden waterfalls and scenic viewpoints.', ""Picnic by the Waterfall: Enjoy a relaxing picnic by Tuihsui Falls or Khawnlung Falls, surrounded by nature's splendor."", 'Visit Local Villages: Get an insight into the lives of the Mizo people and experience their warm hospitality.']","['Sunrise at Hmuifang Hills Viewpoint: Capture the breathtaking beauty of the sunrise over the hills.', 'Khawnlung Falls Panorama: Frame the picturesque Khawnlung Falls with the lush greenery as a backdrop.', 'Murlen National Park Bird Sanctuary: Snap images of the avian species that inhabit this protected area.']","['Smoked Pork with Bamboo Shoot', 'Local Rice Cake', 'Assamese Thali']","['Hmuifang Hills Local Tribal Kitchen', 'Hmuifang Hills The Bamboo Shoot Restaurant']",[],Shillong,23.44989,92.75769
d8bd5ba9-cec8-45f5-8bd2-862e67c1c819,pobitora-wildlife-sanctuary,Pobitora Wildlife Sanctuary,Assam,Northeastern India,"Experience the majestic one-horned rhinoceros in the picturesque Pobitora Wildlife Sanctuary, a haven of biodiversity in Assam","Pobitora Wildlife Sanctuary, situated in the Morigaon district of Assam, is a treasure trove of natural beauty and wildlife. This sanctuary is renowned for its dense population of the greater one-horned rhinoceros, and its unique landscape of wetlands and grasslands. As a visitor, one can immerse themselves in the serene ambiance of the sanctuary, witnessing the incredible array of flora and fauna that thrive here. The sanctuary's history dates back to 1987, when it was established to protect the dwindling population of the one-horned rhinoceros. Today, it stands as a testament to the conservation efforts of the Indian government and the rich cultural heritage of Assam. Visitors can explore the sanctuary through guided tours, taking in the breathtaking vistas and encountering an incredible range of wildlife, including elephants, wild boars, and over 200 species of birds.","["" Witness the majestic one-horned rhinoceros in its natural habitat"",""Explore the Haduk Hanging Bridge, a stunning example of traditional engineering"",""Visit the nearby Garbhanga Reserve Forest, home to a diverse range of flora and fauna"",""Take a guided tour to spot the Asiatic buffalo, a rare and endangered species found in the sanctuary"","" Marvel at the vibrant birdlife, including the lesser adjutant, open-billed stork, and the Indian pond heron""]",Mountain,"['Wildlife', 'Nature Walks', 'Photography', 'Local Sightseeing', 'Bird Watching']",8100,₹8k–₹12k,3,Summer – Spring,"['Summer', 'Spring']",Moderate,Quiet,https://upload.wikimedia.org/wikipedia/commons/thumb/8/82/Indian_Rhino_in_Pobitora.jpg/3840px-Indian_Rhino_in_Pobitora.jpg,"['https://upload.wikimedia.org/wikipedia/commons/thumb/8/82/Indian_Rhino_in_Pobitora.jpg/3840px-Indian_Rhino_in_Pobitora.jpg', 'https://images.unsplash.com/photo-1464822759023-fed622ff2c3b?auto=format&fit=crop&w=1800&q=80', 'https://images.unsplash.com/photo-1500382017468-9049fed747ef?auto=format&fit=crop&w=1800&q=80', 'https://images.unsplash.com/photo-1470071459604-3b5ec3a7fe05?auto=format&fit=crop&w=1800&q=80', 'https://images.unsplash.com/photo-1507525428034-b723cf961d3e?auto=format&fit=crop&w=1800&q=80']","['Embark on an early morning elephant safari to spot the one-horned rhinoceros and other wildlife', 'Take a guided nature walk through the wetlands and grasslands, discovering the unique plant and animal species', ' Engage in bird watching, with over 200 species to spot and learn about', ""Visit the sanctuary's interpretation center to learn about the conservation efforts and history of the sanctuary""]","['The watchtower near the Haduk Hanging Bridge, offering panoramic views of the sanctuary', 'The wetlands near the Garbhanga Reserve Forest, where one can capture stunning images of birds and wildlife', ""The grasslands near the sanctuary's core area, providing a unique opportunity to photograph the one-horned rhinoceros in its natural habitat""]","['Smoked Pork with Bamboo Shoot', 'Local Rice Cake', 'Assamese Thali']","['Pobitora Wildlife Sanctuary Local Tribal Kitchen', 'Pobitora Wildlife Sanctuary The Bamboo Shoot Restaurant']",[],Shillong,26.2594,91.98477
daba71fe-fb53-4a7e-aef3-427b86b9f002,valparai,Valparai,Tamil Nadu,Southern India,Experience the serenity of the Western Ghats in this quaint hill station.,"Nestled in the Annamalai Hills of Tamil Nadu, Valparai is a picturesque mountain town at an elevation of 2,300 feet. The region is known for its lush tea plantations, sprawling coffee estates, and stunning natural scenery. The area is home to a diverse array of wildlife, including elephants, tigers, and bird species, making it a haven for nature enthusiasts. Valparai offers a range of exciting activities, from leisurely nature walks to thrilling bird-watching expeditions.","[""Toten Valley, a scenic spot with breathtaking views and serene surroundings"",""Aliyar Dam, a serene picnic spot surrounded by lush greenery and scenic waterfalls"",""Valparai Tea Museum, a tribute to the region's rich tea heritage and production process"",""Pachaimalai, a hill peak offering panoramic views of the surrounding tea estates""]",Mountain,"['Wildlife', 'Nature Walks', 'Photography', 'Local Sightseeing', 'Bird Watching']",8100,₹8k–₹12k,3,Winter – Spring,"['Winter', 'Spring']",Easy,Quiet,https://upload.wikimedia.org/wikipedia/commons/thumb/1/12/Tea_Estates_in_Valparai.jpg/3840px-Tea_Estates_in_Valparai.jpg,"['https://upload.wikimedia.org/wikipedia/commons/thumb/1/12/Tea_Estates_in_Valparai.jpg/3840px-Tea_Estates_in_Valparai.jpg', 'https://images.unsplash.com/photo-1464822759023-fed622ff2c3b?auto=format&fit=crop&w=1800&q=80', 'https://images.unsplash.com/photo-1500382017468-9049fed747ef?auto=format&fit=crop&w=1800&q=80', 'https://images.unsplash.com/photo-1470071459604-3b5ec3a7fe05?auto=format&fit=crop&w=1800&q=80', 'https://images.unsplash.com/photo-1507525428034-b723cf961d3e?auto=format&fit=crop&w=1800&q=80']","['Spotting elephants and other wildlife at the Indira Gandhi Wildlife Sanctuary', 'Exploring the vast, misty tea estates on a guided plantation tour', 'Taking a leisurely nature walk along the winding pathways', ""Bird-watching in the early morning to catch a glimpse of the area's diverse avifauna""]","[""The Tea Museum's sprawling tea garden with panoramic views"", 'The tranquil Aliyar Dam surrounded by lush greenery', 'The scenic Toten Valley with its misty, winding paths']","['Traditional Thali', 'Filter Coffee', 'Local Seafood']","['Valparai Malgudi Filter Coffee & Tiffin', 'Valparai Sree Local Mess']",[],Lonavala,10.32799,76.95573
daf0a552-a70e-437f-876a-ce92ea5b8c8c,yercaud,Yercaud,Tamil Nadu,Southern India,"Escape to the serenity of Yercaud, an idyllic getaway amidst the Western Ghats in Tamil Nadu's Shevaroy Hills.","Perched atop the Shevaroy Hills in the Eastern Ghats, Yercaud is a tranquil hill station in Tamil Nadu that has been a popular retreat for centuries. The region's enchanting landscape, rich history, and stunning scenery have captivated travelers and nature enthusiasts alike. At an altitude of about 1,500 meters above sea level, Yercaud offers breathtaking views of the surrounding valleys and hills, which are particularly stunning during the monsoon season. Visitors can explore the region's lush forests, trek through rolling hills, and spot exotic bird species, making it a haven for nature lovers.","[""The Emerald Lake, a picturesque lake surrounded by lush greenery and a walking path."",""The Lady's Seat, a scenic viewpoint that offers panoramic views of the surrounding landscape."",""The Killiyur Falls, a breathtaking waterfall that cascades down a rocky terrain."",""The Yercaud Botanical Garden, a peaceful oasis featuring a diverse array of flora."",""The Bear's Cave, a historic cave believed to have been inhabited by ancient bears.""]",Mountain,"['Nature', 'Nature Walks', 'Photography', 'Local Sightseeing', 'Bird Watching']",8100,₹8k–₹12k,3,Winter – Spring,"['Winter', 'Spring']",Easy,Quiet,https://upload.wikimedia.org/wikipedia/commons/0/0e/Yercaud_lake.jpg,"['https://upload.wikimedia.org/wikipedia/commons/0/0e/Yercaud_lake.jpg', 'https://images.unsplash.com/photo-1464822759023-fed622ff2c3b?auto=format&fit=crop&w=1800&q=80', 'https://images.unsplash.com/photo-1500382017468-9049fed747ef?auto=format&fit=crop&w=1800&q=80', 'https://images.unsplash.com/photo-1470071459604-3b5ec3a7fe05?auto=format&fit=crop&w=1800&q=80', 'https://images.unsplash.com/photo-1507525428034-b723cf961d3e?auto=format&fit=crop&w=1800&q=80']","['Go on a trek through the rolling hills and grasslands of Yercaud, offering stunning views and a chance to spot exotic wildlife.', ""Take a horse ride through the scenic trails of Yercaud, exploring the region's picturesque villages and tea plantations."", 'Indulge in activities like archery, rifle shooting, and boating at the Silver Falls.', 'Visit the local markets to buy spices, coffee, and tea, while also sampling the local cuisine and handicrafts.']","['The Yercaud Lake, a serene lake surrounded by lush greenery and scenic walkways.', 'The Pyramid Peak, a scenic viewpoint that offers panoramic views of the surrounding landscape.', ""The Gregory's Hill, a historic viewpoint that offers stunning views of the surrounding valleys and hills.""]","['Traditional Thali', 'Filter Coffee', 'Local Seafood']","['Yercaud Malgudi Filter Coffee & Tiffin', 'Yercaud Sree Local Mess']",[],Lonavala,11.78521,78.20754
dbc5ec5c-ec9e-49c6-bddf-87ae11fd9d1b,orchha,Orchha,Madhya Pradesh,Central India,"A hidden gem nestled in the Vindhya Mountains, Orchha showcases the perfect blend of spirituality, history, and natural beauty.","Orchha, a mountain town in Madhya Pradesh, India, is a treasure trove of archaeological wonders and tranquil surroundings. Founded by the Bundela Rajput chieftain Rudra Pratap Singh in the 16th century, Orchha boasts a rich history that is visible in its majestic forts, temples, and palaces. The town's strategic location amidst the Vindhya Mountains creates a breathtaking landscape, with lush forests, winding streams, and scenic hills offering endless opportunities for nature lovers and adventure seekers. Visitors can explore the town's many wonders, including the Ram Raja Temple, the Chaturbhuj Temple, and the Jahangir Mahal, all while immersing themselves in the area's diverse wildlife and flora.","[""Visit the stunning Jahangir Mahal, the only palace in Orchha that has been influenced by Mughal architecture."",""Explore the Ram Raja Temple, a unique temple where Lord Ram is worshipped as an incarnation of Vishnu."",""Take a guided trek to the Chhatris, intricately carved cenotaphs that offer panoramic views of the Orchha valley."",""Get up close with the local birdlife at the Orchha Bird Sanctuary, a haven for ornithologists and nature enthusiasts."",""Walk through the lush forest surrounding the town and spot a variety of flora and fauna, including the endangered Bengal fox.""]",Mountain,"['Trekking', 'Bird Watching', 'Nature Walks', 'Photography']",8100,₹8k–₹12k,3,Winter – Spring,"['Winter', 'Spring']",Easy,Quiet,https://upload.wikimedia.org/wikipedia/commons/thumb/4/48/Chaturbhuj_Temple%2C_Orchha.jpg/3840px-Chaturbhuj_Temple%2C_Orchha.jpg,"['https://upload.wikimedia.org/wikipedia/commons/thumb/4/48/Chaturbhuj_Temple%2C_Orchha.jpg/3840px-Chaturbhuj_Temple%2C_Orchha.jpg', 'https://images.unsplash.com/photo-1464822759023-fed622ff2c3b?auto=format&fit=crop&w=1800&q=80', 'https://images.unsplash.com/photo-1500382017468-9049fed747ef?auto=format&fit=crop&w=1800&q=80', 'https://images.unsplash.com/photo-1470071459604-3b5ec3a7fe05?auto=format&fit=crop&w=1800&q=80', 'https://images.unsplash.com/photo-1507525428034-b723cf961d3e?auto=format&fit=crop&w=1800&q=80']","['Take a scenic boat ride on the Betwa River and enjoy the lush green landscape of the Orchha valley.', 'Visit the Orchha Museum, which showcases the history and culture of the Bundela Rajputs.', 'Go trekking in the Vindhya Mountains, with trails ranging from easy to challenging.', 'Join a photography workshop and capture the stunning landscapes and wildlife of Orchha.']","[""The Ram Raja Temple's intricately carved facade, showcasing the perfect blend of Rajput and Mughal styles."", ""The Jahangir Mahal's stunning Mughal-inspired architecture, with its ornate domes and arches."", 'The sunset over the Chhatris, creating a picturesque backdrop of intricate cenotaphs and scenic hills.']","['Local Traditional Thali', 'Spicy Curry']","['Orchha Bundelkhandi Kitchen', 'Orchha Malwa Food Court']",[],Goa,25.35287,78.64025
dc6c22d8-763e-48ff-a71a-5647c38b9018,hope-island,Hope Island,Andhra Pradesh,Southern India,"Escape to Hope Island, Andhra Pradesh, where turquoise waters, powdery white sands, and tranquil beaches await your arrival.","Hope Island, situated off the coast of Andhra Pradesh, is an idyllic beach destination known for its stunning coral reefs and mangrove forests. The island's picturesque landscape of palm-fringed shores and clear blue waters makes it a perfect getaway for beach lovers, offering opportunities for various activities such as swimming, sunbathing, and scenic boat rides. Home to the beautiful Hope Island Beach, this gem in the Bay of Bengal is a haven for tourists and nature enthusiasts alike.","[""Explore the vibrant coral reefs and diverse marine life of the Hope Island Beach while swimming and snorkeling."",""Discover the tranquility of walking on the pristine shores of Hope Island Beach, surrounded by majestic palm trees and the rhythmic sound of waves."",""Take a leisurely boat ride to explore the mangrove forests and spot the rich avifauna of the island."",""Unwind in the sun-kissed sands of Hope Island, with breathtaking views of the endless sea."",""Marvel at the stunning sunsets on Hope Island, painting the sky with hues of gold and crimson.""]",Island,"['Beach', 'Swimming', 'Sunbathing', 'Beach Walks', 'Boat Ride']",8100,₹8k–₹12k,3,Winter – Spring,"['Winter', 'Spring']",Easy,Quiet,https://upload.wikimedia.org/wikipedia/commons/b/bd/Satellite_kkd.jpg,"['https://upload.wikimedia.org/wikipedia/commons/b/bd/Satellite_kkd.jpg', 'https://images.unsplash.com/photo-1464822759023-fed622ff2c3b?auto=format&fit=crop&w=1800&q=80', 'https://images.unsplash.com/photo-1500382017468-9049fed747ef?auto=format&fit=crop&w=1800&q=80', 'https://images.unsplash.com/photo-1470071459604-3b5ec3a7fe05?auto=format&fit=crop&w=1800&q=80', 'https://images.unsplash.com/photo-1507525428034-b723cf961d3e?auto=format&fit=crop&w=1800&q=80']","['Swim and snorkel in the crystal-clear waters of the Hope Island Beach to spot exotic marine life.', ""Go on a scenic boat ride to explore the island's mangrove forests and spot marine birds."", 'Relax and unwind at Hope Island Beach, with powdery white sands and gentle sea breeze.', ""Explore the island's rich biodiversity on a guided nature walk, spotting various species of birds, reptiles, and mammals.""]","[""Hope Island Beach at sunrise or sunset, with the golden light highlighting the island's picturesque landscape."", 'The scenic boat ride to the mangrove forests, with the tranquil waters reflecting the lush greenery of the island.', 'The tranquil shores of Hope Island Beach, with the majestic palm trees swaying gently in the breeze.']","['Traditional Thali', 'Filter Coffee', 'Local Seafood']","['Hope Island Malgudi Filter Coffee & Tiffin', 'Hope Island Sree Local Mess']",[],Goa,16.92362,82.36267
de2896d8-b4d1-4aaa-8d4b-2e9412a5011f,araku-valley,Araku Valley,Andhra Pradesh,Southern India,"Escape into the misty beauty of Araku Valley, where nature's splendor unfolds amidst rolling hills and waterfalls.","Tucked away in the picturesque Eastern Ghats, Araku Valley in Andhra Pradesh is a nature lover's paradise. The valley is renowned for its breathtaking landscapes, picturesque villages, and a rich cultural heritage that reflects the vibrant traditions of the indigenous communities. Explore the majestic Borra Caves, a 100-million-year-old limestone cave formation that offers a glimpse into the valley's ancient past. Take a leisurely walk through the Valley's rolling hills, verdant forests, and meandering streams, offering plenty of opportunities for birdwatching and nature photography. Araku Valley is an enchanting destination that beckons you to unwind amidst its serenity and natural splendor.","[""Borra Caves: A 100 million-year-old limestone cave system adorned with ancient stalactites and stalagmites."",""Chiticoor Falls: A majestic waterfall cascading down the hills, offering breathtaking views and photo opportunities."",""Ananthagiri Tea Gardens: Sip on a steaming cup of tea as you take in the stunning vistas of the tea gardens."",""Padmapuram Garden: A beautiful botanical garden featuring a variety of flowers, trees, and rare plants."",""Ratangiri Viewpoint: A panoramic viewpoint offering a stunning view of the valley's rolling hills, forests, and rivers.""]",Valley,"['Nature', 'Nature Walks', 'Photography', 'Local Sightseeing', 'Bird Watching']",8100,₹8k–₹12k,3,Winter – Spring,"['Winter', 'Spring']",Easy,Quiet,https://upload.wikimedia.org/wikipedia/commons/b/b0/Araku-valley.jpg,"['https://upload.wikimedia.org/wikipedia/commons/b/b0/Araku-valley.jpg', 'https://images.unsplash.com/photo-1464822759023-fed622ff2c3b?auto=format&fit=crop&w=1800&q=80', 'https://images.unsplash.com/photo-1500382017468-9049fed747ef?auto=format&fit=crop&w=1800&q=80', 'https://images.unsplash.com/photo-1470071459604-3b5ec3a7fe05?auto=format&fit=crop&w=1800&q=80', 'https://images.unsplash.com/photo-1507525428034-b723cf961d3e?auto=format&fit=crop&w=1800&q=80']","['Explore the tribal heritage of the Dongria Kondh and Paroja tribes by visiting their villages and experiencing their traditional customs.', ""Embark on a nature walk or trek through the valley's rolling hills, forests, and streams, taking in the breathtaking scenery and spotting a variety of bird species."", 'Visit the Araku Valley Railway Station, a UNESCO World Heritage Site, and take a scenic train ride through the valley.', 'Take a dip in the icy waters of Chiticoor Falls or a nearby stream, offering a refreshing respite from the tropical heat.']","['Ratangiri Viewpoint: Capture the majestic panorama of the Araku Valley from this stunning viewpoint.', 'Chiticoor Falls: Frame the mesmerizing beauty of the falls, surrounded by lush greenery and the majestic Eastern Ghats.', 'Borra Caves: Click the ancient stalactites and stalagmites, creating a timeless visual record of this natural wonder.']","['Traditional Thali', 'Filter Coffee', 'Local Seafood']","['Araku Valley Malgudi Filter Coffee & Tiffin', 'Araku Valley Sree Local Mess']",[],Lonavala,18.32344,82.88058
de78a4f9-5946-40f1-aa49-78437acd9440,barmer,Barmer,Rajasthan,Western India,"Experience the uncharted beauty of Rajasthan at Barmer, where the Great Indian Desert meets ancient traditions and breathtaking landscapes.","As the sun sets over the dunes, the sky is painted with hues of orange, pink, and purple, making it a sight to behold. The local community is warm and welcoming, with a strong emphasis on hospitality. Visitors can experience the traditional way of life, with homestays and rural tourism initiatives available throughout the region. With its unique blend of history, culture, and adventure, Barmer is an offbeat destination that promises to leave visitors with unforgettable memories.","[""Explore the ancient Kiradu temples, a group of five temples dedicated to Lord Shiva, which showcase exquisite architecture and intricate carvings."",""Visit the Nakoda Jain Temple, a beautiful temple dedicated to the first Jain Tirthankara, Adinatha, and known for its stunning architecture and serene surroundings."",""Discover the rich cultural heritage of Barmer at the Barmer Museum, which houses a wide range of artifacts, including ancient sculptures, inscriptions, and traditional handicrafts."",""Take a trip to the Mahabar Sand Dunes, which offer breathtaking views of the vast expanse of the Great Indian Desert and are perfect for trekking, camping, and other adventure activities.""]",Trek,"['Nature', 'Adventure', 'Trekking', 'Camping', 'Rock Climbing', 'Bird Watching']",8100,₹8k–₹12k,3,Winter – Spring,"['Winter', 'Spring']",Easy,Quiet,https://upload.wikimedia.org/wikipedia/commons/5/5e/The_Kiradu_Temples_in_perspective_%28cropped%29.jpg,"['https://upload.wikimedia.org/wikipedia/commons/5/5e/The_Kiradu_Temples_in_perspective_%28cropped%29.jpg', 'https://images.unsplash.com/photo-1464822759023-fed622ff2c3b?auto=format&fit=crop&w=1800&q=80', 'https://images.unsplash.com/photo-1500382017468-9049fed747ef?auto=format&fit=crop&w=1800&q=80', 'https://images.unsplash.com/photo-1470071459604-3b5ec3a7fe05?auto=format&fit=crop&w=1800&q=80', 'https://images.unsplash.com/photo-1507525428034-b723cf961d3e?auto=format&fit=crop&w=1800&q=80']","['Go on a trekking expedition through the rugged terrain of the Great Indian Desert, with experienced guides and state-of-the-art equipment.', 'Take a camel safari across the sand dunes, which offers a unique perspective on the stunning landscape and the opportunity to spot local wildlife.', 'Try your hand at rock climbing at the majestic hills of Barmer, which offer a range of routes for both beginners and experienced climbers.', 'Participate in a traditional folk dance or music performance, which showcases the rich cultural heritage of the region and offers a glimpse into the local way of life.']","['The Mahabar Sand Dunes, which offer breathtaking views of the vast expanse of the Great Indian Desert and are perfect for capturing stunning sunrises and sunsets.', 'The Nakoda Jain Temple, which is known for its stunning architecture and serene surroundings, making it an ideal spot for photography.', ""The Kiradu temples, which showcase exquisite architecture and intricate carvings, and offer a glimpse into the region's rich cultural heritage.""]","['Dal Baati Churma', 'Saurashtra Thali', 'Goan Fish Curry']","['Barmer Kathiyawadi Local Dhaba', 'Barmer Rajasthani Thali House']",[],Lonavala,25.58149,71.19249
debfea6e-1000-49bc-a820-f88ac3ab8747,yumthang-valley,Yumthang Valley,Sikkim,Northeastern India,"Experience the breathtaking beauty of the Himalayas in Yumthang Valley, a hidden gem in Sikkim known for its stunning landscapes, vibrant rhododendron forests, and diverse wildlife.","Yumthang Valley, situated at an altitude of 3,575 meters in the North Sikkim district, is a nature lover's paradise. This picturesque valley is surrounded by majestic mountains and is home to an incredible array of flora and fauna. The valley's unique geography, with its rolling hills and meandering rivers, creates a serene atmosphere that is perfect for those seeking a tranquil retreat from the chaos of city life. As you explore Yumthang Valley, you can immerse yourself in the local culture, witness the vibrant colors of the rhododendron trees, and spot an array of bird species, making it an ideal destination for nature enthusiasts, photographers, and adventure seekers.","[""Witness the stunning beauty of the rhododendron forests, which bloom with vibrant colors in the spring season"",""Explore the Shingba Rhododendron Sanctuary, home to over 40 species of rhododendron trees"",""Spot the majestic yaks and other wildlife, including the Himalayan black bear and the red panda, in their natural habitat"",""Discover the hot springs at Yumthang, which are believed to have healing properties""]",Valley,"['Nature', 'Wildlife', 'Nature Walks', 'Photography', 'Local Sightseeing', 'Bird Watching']",8100,₹8k–₹12k,3,Summer – Spring,"['Summer', 'Spring']",Moderate,Quiet,https://upload.wikimedia.org/wikipedia/commons/d/d7/Yumthang_valley%2C_Lachung_Sikkim_India_2012.jpg,"['https://upload.wikimedia.org/wikipedia/commons/d/d7/Yumthang_valley%2C_Lachung_Sikkim_India_2012.jpg', 'https://images.unsplash.com/photo-1464822759023-fed622ff2c3b?auto=format&fit=crop&w=1800&q=80', 'https://images.unsplash.com/photo-1500382017468-9049fed747ef?auto=format&fit=crop&w=1800&q=80', 'https://images.unsplash.com/photo-1470071459604-3b5ec3a7fe05?auto=format&fit=crop&w=1800&q=80', 'https://images.unsplash.com/photo-1507525428034-b723cf961d3e?auto=format&fit=crop&w=1800&q=80']","['Take a trek to the nearby villages, such as Lachung and Lachen, to experience the local culture and hospitality', 'Go bird watching, with over 100 species of birds documented in the valley, including the blood pheasant and the impeyan pheasant', ""Take a ride on the yak safari, which offers a unique perspective on the valley's landscape"", 'Visit the Yumthang Gurudongmar Trek, which offers breathtaking views of the surrounding mountains and valleys']","['The rhododendron forests, with their vibrant colors and majestic trees', 'The picturesque Yumthang River, which flows gently through the valley', 'The stunning views from the top of the valley, which offer a panoramic perspective on the surrounding mountains and valleys']","['Smoked Pork with Bamboo Shoot', 'Local Rice Cake', 'Assamese Thali']","['Yumthang Valley Local Tribal Kitchen', 'Yumthang Valley The Bamboo Shoot Restaurant']",[],Darjeeling,27.8268,88.6959
e16422d3-5897-4668-a776-affcd0539675,senapati,Senapati,Manipur,Northeastern India,"Embark on a nature-adventure odyssey in eastern Manipur's Senapati district, where lush green hills, crystal lakes, and ancient forests await explorers.","The Senapati district in Manipur is a hidden gem for adventure seekers and nature enthusiasts. The area boasts pristine and scenic hills, crystal-clear lakes, and dense forests that are home to a diverse range of flora and fauna. Visitors can engage in a variety of outdoor activities, including trekking, camping, rock climbing, and bird watching, amidst breathtaking scenery. With its rich cultural heritage and pristine natural environment, Senapati presents an unparalleled opportunity to connect with Mother Nature and experience the beauty of eastern Manipur. 
The district is dotted with several villages, each with its unique cultural identity, offering a glimpse into the traditional lifestyle of the locals. Visitors can experience the warm hospitality of the local people, taste their unique cuisine, and participate in local festivals and events, making Senapati an unforgettable destination for those seeking an authentic travel experience in the heart of Manipur.","[""Kanglasha Waterfall: Trek to the scenic Kanglasha Waterfall, nestled amidst dense forests and crystal-clear rivers, for an unforgettable experience."",""Tuirel Village Trek: Explore the rural charm of Senapati's Tuirel Village, home to traditional Manipuri settlers, and experience their unique culture and cuisine."",""Kangchup Lake: Visit the serene Kangchup Lake, a popular spot for bird watching and angling, and enjoy boating and picnicking amidst the picturesque surroundings."",""Nungba Range: Scale the challenging Nungba Range, offering breathtaking views of the surrounding landscape, for an exhilarating rock climbing experience."",""Kanglasha River: Enjoy a boat cruise on the tranquil Kanglasha River, flowing gently through the heart of the Senapati district, for a tranquil and rejuvenating experience.""]",Trek,"['Nature', 'Adventure', 'Trekking', 'Camping', 'Rock Climbing', 'Bird Watching']",8100,₹8k–₹12k,3,Summer – Spring,"['Summer', 'Spring']",Moderate,Quiet,https://upload.wikimedia.org/wikipedia/commons/b/be/View-of-Senapati.jpg,"['https://upload.wikimedia.org/wikipedia/commons/b/be/View-of-Senapati.jpg', 'https://images.unsplash.com/photo-1464822759023-fed622ff2c3b?auto=format&fit=crop&w=1800&q=80', 'https://images.unsplash.com/photo-1500382017468-9049fed747ef?auto=format&fit=crop&w=1800&q=80', 'https://images.unsplash.com/photo-1470071459604-3b5ec3a7fe05?auto=format&fit=crop&w=1800&q=80', 'https://images.unsplash.com/photo-1507525428034-b723cf961d3e?auto=format&fit=crop&w=1800&q=80']","['Trekking to the Kangchup Waterfall', 'Bird watching at the Kanam Laplume', 'Rock climbing at the Nungba Rock', 'Camping at the Kanglasha River banks']","['Sawombung Waterfall Viewpoint: A picturesque spot to capture stunning views of the scenic Sawombung Waterfall and the surrounding landscape.', 'Kanglashi Riverbank: A serene and tranquil spot to photograph the gentle Kanglasha River flowing through the heart of Senapati.', 'Kanam Laplume Sunset View: Witness the breathtaking sunset at Kanam Laplume, with the backdrop of the majestic Kanam Langol hills, for a truly unforgettable experience.']","['Smoked Pork with Bamboo Shoot', 'Local Rice Cake', 'Assamese Thali']","['Senapati Local Tribal Kitchen', 'Senapati The Bamboo Shoot Restaurant']",[],Shillong,25.39337,94.15018
e18aa71d-c3ff-44da-941e-4a9319493707,mainpat,Mainpat,Chhattisgarh,Central India,"Embark on an adventure where nature and wilderness reign supreme in Mainpat, Chhattisgarh.","Tucked away in the majestic Kanger Ghati National Park, Mainpat is an adventurer's paradise that beckons those who yearn to escape the din of city life and reconnect with Mother Nature. This trekker's delight is nestled amidst lush forests, offering breathtaking vistas of rolling hills, verdant meadows, and crystal-clear streams. Mainpat is a haven for those who love to trek, rock climb, and engage in bird watching, providing an unparalleled experience amidst the unspoiled splendor of the Satpura Range.","[""The Kanger Ghati National Park, home to an incredible array of flora and fauna, including over 100 species of birds and animals such as the majestic Bengal tiger, sloth bear, and leopard."",""The majestic Maa Durga Mandir, a serene sacred site with stunning architecture, offering panoramic views of the surrounding landscape."",""The Taramandal, a sacred site for the Baiga community, featuring stunning architecture and offering panoramic views of the surrounding landscape."",""The scenic Tirth Garh falls, a picturesque spot for a relaxing picnic amidst the lush greenery of the forest."",""The Mainpat Hill, offering breathtaking 360-degree views of the surrounding landscape and a unique rock climbing experience.""]",Trek,"['Nature', 'Adventure', 'Trekking', 'Camping', 'Rock Climbing', 'Bird Watching']",8100,₹8k–₹12k,3,Winter – Spring,"['Winter', 'Spring']",Easy,Quiet,https://upload.wikimedia.org/wikipedia/commons/thumb/7/79/MAINPAT%2CAMBIKAPUR_CG.jpg/3840px-MAINPAT%2CAMBIKAPUR_CG.jpg,"['https://upload.wikimedia.org/wikipedia/commons/thumb/7/79/MAINPAT%2CAMBIKAPUR_CG.jpg/3840px-MAINPAT%2CAMBIKAPUR_CG.jpg', 'https://images.unsplash.com/photo-1464822759023-fed622ff2c3b?auto=format&fit=crop&w=1800&q=80', 'https://images.unsplash.com/photo-1500382017468-9049fed747ef?auto=format&fit=crop&w=1800&q=80', 'https://images.unsplash.com/photo-1470071459604-3b5ec3a7fe05?auto=format&fit=crop&w=1800&q=80', 'https://images.unsplash.com/photo-1507525428034-b723cf961d3e?auto=format&fit=crop&w=1800&q=80']","['Trekking through the rugged terrain of the Kanger Ghati National Park, offering a thrilling adventure through the heart of wilderness.', 'Rock climbing the Mainpat Hill, which offers a unique blend of adventure and scenic splendor.', 'Bird watching and spotting the incredible array of avifauna found within the Kanger Ghati National Park.', 'Camping in the midst of nature, surrounded by the serene beauty of the forest and the sounds of the wild.']","['The scenic Tirth Garh falls, a picturesque spot for capturing stunning images amidst the lush greenery of the forest.', 'The Maa Durga Mandir, offering panoramic views of the surrounding landscape and making for a breathtaking backdrop in photographs.', 'The summit of the Mainpat Hill, offering a 360-degree view of the surrounding landscape, perfect for capturing the grandeur of the natural world.']","['Local Traditional Thali', 'Spicy Curry']","['Mainpat Bundelkhandi Kitchen', 'Mainpat Malwa Food Court']",[],Lonavala,22.79646,83.30619
e1cbed59-524f-4436-9dc2-21413fc5936b,namchi,Namchi,Sikkim,Northeastern India,"Experience the breathtaking splendor of the Eastern Himalayas in Namchi, a quaint town in Sikkim embodying the perfect blend of nature, adventure, and serenity.","Namchi, situated in the South Sikkim district, is a treasure trove of natural beauty and adventure. The town is nestled amidst the picturesque hills and valleys of the Eastern Himalayas, offering a serene and tranquil atmosphere to its visitors. With its stunning landscapes, rich flora and fauna, and vibrant culture, Namchi has become a popular destination for trekking enthusiasts, nature lovers, and adventure seekers. The town is home to several notable landmarks, including the iconic Char Dham temple complex and the majestic Samdruptse Hill, which is adorned with a gigantic statue of Guru Padmasambhava. Visitors to Namchi can indulge in a range of activities, from trekking and rock climbing to bird watching and camping, making it an ideal destination for those seeking an adrenaline-packed vacation.","[""Explore the revered Char Dham temple complex, a stunning architectural marvel that replicates the four sacred abodes of Hinduism"",""Visit the majestic Samdruptse Hill, which is home to a 45-meter-tall statue of Guru Padmasambhava, the patron saint of Sikkim"",""Trek to the scenic Tendong Hill, which offers breathtaking views of the surrounding landscape and is steeped in local legend"",""Discover the vibrant culture and traditions of the local community at the Namchi Bazaar, where you can sample local cuisine and shop for handicrafts"",""Marvel at the stunning vistas of the Teesta River, which flows gently through the town and offers ample opportunities for rafting and kayaking""]",Trek,"['Nature', 'Adventure', 'Trekking', 'Camping', 'Rock Climbing', 'Bird Watching']",8100,₹8k–₹12k,3,Summer – Spring,"['Summer', 'Spring']",Moderate,Quiet,https://upload.wikimedia.org/wikipedia/commons/thumb/5/55/Panoramic_view_of_large_statue_of_Guru_Padmasambhava_%28Guru_Rinpoche%29m_Namchi.jpg/3840px-Panoramic_view_of_large_statue_of_Guru_Padmasambhava_%28Guru_Rinpoche%29m_Namchi.jpg,"['https://upload.wikimedia.org/wikipedia/commons/thumb/5/55/Panoramic_view_of_large_statue_of_Guru_Padmasambhava_%28Guru_Rinpoche%29m_Namchi.jpg/3840px-Panoramic_view_of_large_statue_of_Guru_Padmasambhava_%28Guru_Rinpoche%29m_Namchi.jpg', 'https://images.unsplash.com/photo-1464822759023-fed622ff2c3b?auto=format&fit=crop&w=1800&q=80', 'https://images.unsplash.com/photo-1500382017468-9049fed747ef?auto=format&fit=crop&w=1800&q=80', 'https://images.unsplash.com/photo-1470071459604-3b5ec3a7fe05?auto=format&fit=crop&w=1800&q=80', 'https://images.unsplash.com/photo-1507525428034-b723cf961d3e?auto=format&fit=crop&w=1800&q=80']","['Embark on a thrilling trek to the Maenam Hill, which offers breathtaking views of the surrounding landscape and is home to a stunning variety of flora and fauna', 'Indulge in rock climbing and rappelling at the rugged hills and valleys surrounding Namchi, which offer a range of challenging routes for adventurers', 'Go bird watching in the pristine forests surrounding Namchi, which are home to a stunning array of avian species, including the rare and endangered Himalayan monal', 'Participate in a guided camping expedition in the scenic countryside surrounding Namchi, where you can spend the night under the stars and wake up to breathtaking vistas']","['The Samdruptse Hill, which offers stunning views of the surrounding landscape and is home to the majestic statue of Guru Padmasambhava', 'The Tendong Hill, which provides breathtaking panoramic views of the Teesta River and the surrounding hills and valleys', 'The Char Dham temple complex, which is a stunning architectural marvel and offers ample opportunities for photography and exploration']","['Smoked Pork with Bamboo Shoot', 'Local Rice Cake', 'Assamese Thali']","['Namchi Local Tribal Kitchen', 'Namchi The Bamboo Shoot Restaurant']",[],Darjeeling,27.3031,88.3786
e2c4a458-f812-4231-99e0-da2fde61ee89,umrangso,Umrangso,Assam,Northeastern India,"Immerse in the uncharted wilderness of Assam's Umrangso, where nature's splendor converges with adventure's thrill.","Perched in the verdant expanse of Dima Hasao district in Assam, Umrangso presents an otherworldly trekking experience for the bold and the intrepid. A treasure trove of rich biodiversity, the region boasts a mesmerizing mix of tropical rainforests, rolling hills, and crystal-clear waterfalls. For those seeking an adrenaline rush, Umrangso offers an array of adventure activities, all nestled amidst the grandeur of the Himalayan foothills. Whether you're a seasoned trekker or a nature enthusiast, Umrangso promises to leave you enchanted and rejuvenated.","[""Explore the Umrangso Hill, a majestic peak cloaked in lush green forests, offering a thrilling trekking experience."",""Take in the breathtaking vistas from the Deha Pani Lookout Point, a favorite among trekkers and nature lovers alike."",""Embark on the scenic Umrang River Trek, a gentle yet invigorating stroll through the dense forests and rolling hills."",""Get up close and personal with the majestic Barak River, a lifeline to the region's rich biodiversity and cultural heritage."",""Experience the warmth of the local Kuki community, known for their rich cultural traditions and exquisite handicrafts.""]",Trek,"['Nature', 'Adventure', 'Trekking', 'Camping', 'Rock Climbing', 'Bird Watching']",8100,₹8k–₹12k,3,Summer – Spring,"['Summer', 'Spring']",Moderate,Quiet,https://upload.wikimedia.org/wikipedia/commons/e/ee/NEEPCO_main_avenue.jpg,"['https://upload.wikimedia.org/wikipedia/commons/e/ee/NEEPCO_main_avenue.jpg', 'https://images.unsplash.com/photo-1464822759023-fed622ff2c3b?auto=format&fit=crop&w=1800&q=80', 'https://images.unsplash.com/photo-1500382017468-9049fed747ef?auto=format&fit=crop&w=1800&q=80', 'https://images.unsplash.com/photo-1470071459604-3b5ec3a7fe05?auto=format&fit=crop&w=1800&q=80', 'https://images.unsplash.com/photo-1507525428034-b723cf961d3e?auto=format&fit=crop&w=1800&q=80']","['Trek through the mist-shrouded forests to witness the ethereal beauty of the Umrangso Waterfall, a sight to cherish forever.', 'Participate in a local rock climbing session at the Umrangso Boulders, a thrilling adventure that will test your limits.', ""Indulge in bird watching, where Umrangso's diverse avifauna will mesmerize you with their vibrant plumage and melodic songs."", 'Camp under the star-studded sky, listening to the gentle rustling of leaves as the wind whispers through the dense forests.']","['Capture the stunning panorama of the Umrangso landscape from the top of the Deha Pani Lookout Point, where the sky and earth converge in a majestic display.', 'Photograph the majestic Deha Pani Waterfall, cascading down the hillsides in a torrent of crystal-clear water.', ""Take a snapshot of the local Kuki community engaging in their traditional crafts, an authentic glimpse into the region's cultural heritage.""]","['Smoked Pork with Bamboo Shoot', 'Local Rice Cake', 'Assamese Thali']","['Umrangso Local Tribal Kitchen', 'Umrangso The Bamboo Shoot Restaurant']",[],Shillong,25.5737,92.82166
e3e5aab1-1506-47ac-a2df-4a59fd38ab56,tawang,Tawang,Arunachal Pradesh,Northeastern India,"Discover the hidden gems of Tawang's unspoiled wilderness, nestled in the easternmost reaches of Arunachal Pradesh.","Tawang, a picturesque district in the Himalayan state of Arunachal Pradesh, is a trekker's paradise and a spiritual haven. The region is dotted with majestic monasteries, tranquil lakes, and rolling hills, offering breathtaking vistas and experiences that are deeply rooted in Tibetan Buddhist culture. Visitors can hike through verdant meadows, dense forests, and snow-capped peaks, immersing themselves in the rich history, diverse wildlife, and warm hospitality of the region.","[""Pay a visit to the iconic Tawang Monastery (also known as the Gyangong Ani Gompa), one of the largest and oldest in the region, which boasts an impressive 108-foot-high statue of Lord Buddha."",""Explore the majestic Sela Pass, a breathtaking mountain pass that offers stunning views of the surrounding mountains and a glimpse into the region's rich history."",""Delve into the mysteries of the Madhuri Lake, a serene and picturesque lake nestled in a valley surrounded by majestic mountains."",""Unwind at the Bomdila viewpoint, a stunning vantage point that offers panoramic views of the valley below and the surrounding Himalayan peaks."",""Get up close and personal with the majestic Himalayan Monal, India's national bird, in its natural habitat on the hills surrounding Tawang.""]",Trek,"['Nature', 'Adventure', 'Trekking', 'Camping', 'Rock Climbing', 'Bird Watching']",8100,₹8k–₹12k,3,Summer – Spring,"['Summer', 'Spring']",Moderate,Quiet,https://upload.wikimedia.org/wikipedia/commons/thumb/b/bf/The_Tawang_Monastery.jpg/3840px-The_Tawang_Monastery.jpg,"['https://upload.wikimedia.org/wikipedia/commons/thumb/b/bf/The_Tawang_Monastery.jpg/3840px-The_Tawang_Monastery.jpg', 'https://images.unsplash.com/photo-1464822759023-fed622ff2c3b?auto=format&fit=crop&w=1800&q=80', 'https://images.unsplash.com/photo-1500382017468-9049fed747ef?auto=format&fit=crop&w=1800&q=80', 'https://images.unsplash.com/photo-1470071459604-3b5ec3a7fe05?auto=format&fit=crop&w=1800&q=80', 'https://images.unsplash.com/photo-1507525428034-b723cf961d3e?auto=format&fit=crop&w=1800&q=80']","['Embark on the 6-day trek through the lush valleys and snow-capped peaks of the Sela Pass to Tawang, offering stunning views and experiences of a lifetime.', 'Visit a local nomadic camp and learn about their traditional ways of life, including herding, farming, and cultural practices.', 'Take a guided nature walk through the Singsar Valley, where you can spot rare and exotic species of flowers, trees, and birds.', 'Try your hand at rock climbing and ice climbing on the steep and icy trails of the Himalayas, an experience that will push your limits and test your resolve.']","['Capture the breathtaking view of the Tawang Monastery and the surrounding valley from the hilltop viewpoint.', 'Get a panoramic shot of the Sela Pass and the majestic Himalayan peaks from the Bomdila viewpoint.', 'Snapshot the serenity of the Madhuri Lake, a picturesque lake nestled in a valley surrounded by majestic mountains.']","['Smoked Pork with Bamboo Shoot', 'Local Rice Cake', 'Assamese Thali']","['Tawang Local Tribal Kitchen', 'Tawang The Bamboo Shoot Restaurant']",[],Shillong,27.58792,91.86373
e63e7b68-a441-489d-9aa7-bfe938379c5e,zuluk,Zuluk,Sikkim,Northeastern India,"Nestled at an altitude of 10,000 feet, Zuluk offers an enchanting experience of trekking amidst the majestic Himalayas.","Perched at a height of 10,000 feet above sea level, Zuluk is a picturesque hamlet in Sikkim, nestled in the lap of the Himalayas. This tranquil destination is a haven for adventure seekers and nature lovers alike. The region is adorned with a rich tapestry of alpine forests, verdant meadows, and snow-capped peaks. The trek to Zuluk meanders through the picturesque Thambi Viewpoint, offering breathtaking vistas of the Himalayan range. The journey promises a memorable experience, as trekkers traverse through scenic trails, encountering an incredible array of flora and fauna.","[""Experience the thrill of trekking through the majestic Singalila Ridge, a UNESCO World Heritage Site."",""Catch a glimpse of the awe-inspiring sunrise from Thambi Viewpoint, a vantage point known for its enchanting views."",""Explore the quaint village of Reshi, famous for its picturesque landscapes and serene ambiance."",""Delve into the world of high-altitude birdwatching, spotting species like the red-billed leiotrichis, the white-browed bush robin, and others."",""Take in the enchanting views of the Jelep La Pass, which serves as a historic trade route connecting India and Tibet.""]",Trek,"['Nature', 'Adventure', 'Trekking', 'Camping', 'Rock Climbing', 'Bird Watching']",8100,₹8k–₹12k,3,Summer – Spring,"['Summer', 'Spring']",Moderate,Quiet,https://upload.wikimedia.org/wikipedia/commons/thumb/b/b2/Zuluk_at_dawn.jpg/3840px-Zuluk_at_dawn.jpg,"['https://upload.wikimedia.org/wikipedia/commons/thumb/b/b2/Zuluk_at_dawn.jpg/3840px-Zuluk_at_dawn.jpg', 'https://images.unsplash.com/photo-1464822759023-fed622ff2c3b?auto=format&fit=crop&w=1800&q=80', 'https://images.unsplash.com/photo-1500382017468-9049fed747ef?auto=format&fit=crop&w=1800&q=80', 'https://images.unsplash.com/photo-1470071459604-3b5ec3a7fe05?auto=format&fit=crop&w=1800&q=80', 'https://images.unsplash.com/photo-1507525428034-b723cf961d3e?auto=format&fit=crop&w=1800&q=80']","['Embark on the challenging trek to the Tollo peak, offering breathtaking vistas of the Himalayan range.', 'Engage in thrilling rock climbing and rappelling sessions, amidst the picturesque landscape of the Sikkim Himalayas.', 'Relax and unwind at the campsites, offering tranquil ambiance and opportunities to connect with nature.', 'Join a guided birdwatching tour, spotting species like the Himalayan monal, the golden eagle, and others.']","['Thambi Viewpoint: Capture the mesmerizing sunrise and enchanting vistas of the Himalayan range.', 'Reshi Village: Click photographs of the picturesque landscapes and serene ambiance of this quaint village.', 'Jelep La Pass: Take in the stunning views of the snow-capped peaks and the serene valleys below.']","['Smoked Pork with Bamboo Shoot', 'Local Rice Cake', 'Assamese Thali']","['Zuluk Local Tribal Kitchen', 'Zuluk The Bamboo Shoot Restaurant']",[],Darjeeling,27.25099,88.77502
e7184b71-0662-422f-838d-033facd8e5cd,jibhi,Jibhi,Himachal Pradesh,Northern India,"Jibhi: A tranquil Himalayan hamlet in the Banjar Valley, offering pristine nature, serene streams, and a gateway to hidden treks and cultural marvels.","Nestled amidst the lush green valleys of Himachal Pradesh's Kullu district, Jibhi is a serene and relatively untouched hill station often considered the heart of the Banjar Valley, a charming offshoot of the more famous Tirthan Valley. Situated at an altitude of approximately 5,500 feet, Jibhi is characterized by its dense pine and deodar forests, gurgling streams like the Jibhi Nala, and traditional Himachali wooden houses. Geographically, it's part of the Lesser Himalayas, offering a cool climate and breathtaking mountain vistas. The local culture is deeply rooted in simplicity, agriculture, and traditional Himachali customs, with villagers known for their warm hospitality and sustainable living practices. Jibhi serves as an ideal base for exploring the Great Himalayan National Park (GHNP) buffer zone, attracting those seeking peace, adventure, and an authentic Himachali experience away from commercialized tourist hubs.","[""The mystical Serolsar Lake, a high-altitude lake shrouded in local folklore, accessible via a picturesque trek from Jalori Pass."",""The ancient Chehni Kothi, a magnificent 17th-century tower-fortress showcasing remarkable traditional Himachali architecture."",""The breathtaking panoramic views from Jalori Pass, offering a glimpse of the Dhauladhar and Pir Panjal mountain ranges."",""The tranquil banks of the Tirthan River, famous for trout fishing and riverside camping."",""The authentic charm of traditional Himachali villages, providing a true taste of local life and culture.""]",Trek,"['Nature', 'Adventure', 'Trekking', 'Camping', 'Rock Climbing', 'Bird Watching']",8100,₹8k–₹12k,3,Summer – Spring,"['Summer', 'Spring']",Moderate,Quiet,https://upload.wikimedia.org/wikipedia/commons/1/11/View_from_Main_Banjar_Town.jpg,"['https://upload.wikimedia.org/wikipedia/commons/1/11/View_from_Main_Banjar_Town.jpg', 'https://images.unsplash.com/photo-1464822759023-fed622ff2c3b?auto=format&fit=crop&w=1800&q=80', 'https://images.unsplash.com/photo-1500382017468-9049fed747ef?auto=format&fit=crop&w=1800&q=80', 'https://images.unsplash.com/photo-1470071459604-3b5ec3a7fe05?auto=format&fit=crop&w=1800&q=80', 'https://images.unsplash.com/photo-1507525428034-b723cf961d3e?auto=format&fit=crop&w=1800&q=80']","['Embark on the invigorating trek to Serolsar Lake, passing through dense forests and meadows from Jalori Pass.', 'Explore the architectural marvel of Chehni Kothi, ascending its unique wooden structure and learning about its history.', 'Indulge in trout fishing in the clear waters of the Tirthan River, known for its healthy trout population.', 'Discover a variety of Himalayan birds with dedicated bird-watching excursions in the surrounding deodar forests.', 'Go rock climbing or bouldering on natural rock faces around Jibhi, for an adrenaline rush.']","['The iconic Jibhi Waterfall, often photographed with its charming rustic wooden bridge.', 'The summit of Jalori Pass, providing expansive views of snow-capped peaks and valleys.', 'Chehni Kothi, standing majestically against the backdrop of the mountains, showcasing intricate traditional architecture.']","['Siddu', 'Pahadi Madra', 'Local Thali']","['Jibhi Pahadi Rasoi Local Kitchen', 'Jibhi Hilltop Cafe & Bistro']",[],Manali,31.59228,77.35262
e74ebf52-74f5-4354-bc75-d1374708de03,ranipuram,Ranipuram,Kerala,Southern India,"Experience the serenity of the Western Ghats in the misty hills of Ranipuram, Kerala.","Perched at an altitude of 2,100 feet, Ranipuram is a hill station nestled in the Western Ghats of Kerala. This lesser-known gem is a haven for nature lovers, offering breathtaking landscapes, lush forests, and a diverse range of flora and fauna. With its trekking trails, scenic views, and peaceful atmosphere, Ranipuram is a perfect retreat for those seeking solace from the bustling city life.","[""The Ranipuram Hill, at 2,100 feet, offers panoramic views of the surrounding hills and valleys."",""The forest is home to Malabar giant squirrels, Asian elephants, and many other species of birds and mammals."",""The trek from Kozhikode to Ranipuram is a challenging 13 km hike, but the breathtaking views from the top make it worthwhile."",""The hill station has several campsites, offering the opportunity to spend a night under the stars and experience the sounds of the forest.""]",Mountain,"['Wildlife', 'Nature Walks', 'Photography', 'Local Sightseeing', 'Bird Watching']",8100,₹8k–₹12k,3,Winter – Spring,"['Winter', 'Spring']",Easy,Quiet,https://upload.wikimedia.org/wikipedia/commons/b/b2/Ranipuram.jpg,"['https://upload.wikimedia.org/wikipedia/commons/b/b2/Ranipuram.jpg', 'https://images.unsplash.com/photo-1464822759023-fed622ff2c3b?auto=format&fit=crop&w=1800&q=80', 'https://images.unsplash.com/photo-1500382017468-9049fed747ef?auto=format&fit=crop&w=1800&q=80', 'https://images.unsplash.com/photo-1470071459604-3b5ec3a7fe05?auto=format&fit=crop&w=1800&q=80', 'https://images.unsplash.com/photo-1507525428034-b723cf961d3e?auto=format&fit=crop&w=1800&q=80']","['Take a guided nature walk in the forest to spot the variety of flora and fauna that inhabit this area.', 'Trek to the summit of the Ranipuram Hill to watch the sunrise or sunset over the Western Ghats.', 'Visit the nearby villages to experience the traditional way of life of the local people.', 'Take a short hike to a nearby lake to spot the local water birds and enjoy the scenic view.']","['The Ranipuram View Point, located near the forest office, is a popular photography spot with breathtaking views.', 'The lake near the forest office offers a serene and peaceful backdrop for photos.', ""The sunset at the summit of the Ranipuram Hill is a spectacular sight, making it a photographer's delight.""]","['Traditional Thali', 'Filter Coffee', 'Local Seafood']","['Ranipuram Malgudi Filter Coffee & Tiffin', 'Ranipuram Sree Local Mess']",[],Lonavala,12.41641,75.36398
e7ad2786-4510-45eb-a705-2686434f8048,madhugiri-monolith,Madhugiri Monolith,Karnataka,Southern India,"Embark on an adrenaline-pumping journey to the majestic Madhugiri Monolith, Karnataka's second-largest monolithic hill, nestled in the heart of the Deccan Plateau.","The Madhugiri Monolith, a 3930 feet tall monolithic granite hill, is a trekker's paradise in the Tumkur district of Karnataka. This gigantic rock structure, one of the largest in Asia, has been a focal point of historical and cultural significance. The hill is surrounded by the remains of the Gopalakrishna temple and the Madhugiri Fort, which date back to the 17th century, offering a glimpse into the region's rich history. As visitors ascend the monolith, they are rewarded with breathtaking views of the surrounding landscape, making it an ideal destination for adventure seekers, nature lovers, and those seeking a spiritual connection with the great outdoors.","[""The Madhugiri Fort, which offers panoramic views of the surrounding landscape and the opportunity to explore its historic ruins"",""The Gopalakrishna temple, a sacred site dedicated to Lord Krishna, which attracts pilgrims from across the region"",""The monolithic hill itself, which presents a thrilling challenge for rock climbers and trekkers"",""The surrounding forests and grasslands, which provide a habitat for a wide variety of birdlife, making it a haven for bird watchers""]",Trek,"['Nature', 'Adventure', 'Trekking', 'Camping', 'Rock Climbing', 'Bird Watching']",8100,₹8k–₹12k,3,Winter – Spring,"['Winter', 'Spring']",Easy,Quiet,https://upload.wikimedia.org/wikipedia/commons/6/63/Madhugiri_Fort_1.JPG,"['https://upload.wikimedia.org/wikipedia/commons/6/63/Madhugiri_Fort_1.JPG', 'https://images.unsplash.com/photo-1464822759023-fed622ff2c3b?auto=format&fit=crop&w=1800&q=80', 'https://images.unsplash.com/photo-1500382017468-9049fed747ef?auto=format&fit=crop&w=1800&q=80', 'https://images.unsplash.com/photo-1470071459604-3b5ec3a7fe05?auto=format&fit=crop&w=1800&q=80', 'https://images.unsplash.com/photo-1507525428034-b723cf961d3e?auto=format&fit=crop&w=1800&q=80']","['Trekking to the summit of the Madhugiri Monolith, which offers breathtaking views of the surrounding landscape', 'Rock climbing, which provides an adrenaline-pumping experience for adventure seekers', 'Bird watching, which allows visitors to spot a wide variety of bird species in their natural habitat', 'Camping at the base of the hill, which offers a unique opportunity to connect with nature']","['The viewpoint from the Madhugiri Fort, which offers a panoramic view of the surrounding landscape', 'The summit of the Madhugiri Monolith, which provides a breathtaking 360-degree view of the surrounding landscape', 'The Gopalakrishna temple, which offers a unique blend of history, culture, and architecture']","['Traditional Thali', 'Filter Coffee', 'Local Seafood']","['Madhugiri Monolith Malgudi Filter Coffee & Tiffin', 'Madhugiri Monolith Sree Local Mess']",[],Lonavala,13.66,77.21
e8c30f95-038a-4511-947e-dc76efda7da9,peerumade,Peerumade,Kerala,Southern India,"Experience the untamed beauty of Peerumade's Western Ghats, where rugged terrain, misty hills, and tranquil forests await adventurous spirits.","Peerumade, nestled in the lush Western Ghats, is a trekker's paradise. This tranquil hill station in Idukki district of Kerala is blessed with an array of attractions, from mist-shrouded hills to tranquil waterfalls and lush forests that offer a kaleidoscope of experiences – hiking, rock climbing, bird watching, and camping amidst nature's splendor. Explore the region's rich biodiversity and experience the thrill of offbeat trekking in an unspoiled haven.","[""Kuruvan and Kurathikali Waterfalls: Trek to the twin waterfalls where the gentle Kuruvan Waterfall and the gushing Kurathikali Waterfall await adventurers."",""Peerumade Trekking Hub: Get your trekking fix at this base camp for various trekking trails in the region, including the Periyar Tiger Reserve."",""Munarnthal Wildlife Sanctuary: Explore the sanctuary's forest trails and spot exotic wildlife like deer, elephants, and various bird species."",""Grampi Campsite: Pitch a tent at this serene campsite surrounded by the sights and sounds of nature."",""Akkamala: Trek to the top of this hill station, which offers breathtaking 360-degree views of the surrounding landscape.""]",Trek,"['Nature', 'Adventure', 'Trekking', 'Camping', 'Rock Climbing', 'Bird Watching']",8100,₹8k–₹12k,3,Winter – Spring,"['Winter', 'Spring']",Easy,Quiet,https://upload.wikimedia.org/wikipedia/commons/b/bb/Tea_Estate.jpg,"['https://upload.wikimedia.org/wikipedia/commons/b/bb/Tea_Estate.jpg', 'https://images.unsplash.com/photo-1464822759023-fed622ff2c3b?auto=format&fit=crop&w=1800&q=80', 'https://images.unsplash.com/photo-1500382017468-9049fed747ef?auto=format&fit=crop&w=1800&q=80', 'https://images.unsplash.com/photo-1470071459604-3b5ec3a7fe05?auto=format&fit=crop&w=1800&q=80', 'https://images.unsplash.com/photo-1507525428034-b723cf961d3e?auto=format&fit=crop&w=1800&q=80']","['Guided Forest Trek: Explore the rich biodiversity of the area on a guided trek through the forest trails.', 'Rock Climbing: Scale the rugged terrain at one of the many rock climbing spots in Peerumade.', 'Bird Watching: Spot a range of bird species, from the great Indian hornbill to the Nilgiri flycatcher, in their natural habitat.', 'Camping: Spend a night under the stars in one of the many campsites, where you can enjoy campfire, local cuisine, and stargazing.']","['Peerumedu Lake Viewpoint: Capture the tranquil beauty of the lake from the viewpoint, where you can spot local fishermen and birdlife.', 'Kuruvan Waterfall Viewpoint: Snap a photo of the breathtaking twin waterfalls from a safe and thrilling viewpoint.', 'Grampi Hills: Hike to the top of the hills around Grampi Campsite for a panoramic view of the surrounding landscape.']","['Traditional Thali', 'Filter Coffee', 'Local Seafood']","['Peerumade Malgudi Filter Coffee & Tiffin', 'Peerumade Sree Local Mess']",[],Lonavala,9.52298,77.14348
e8ee91a9-bccb-46f3-954b-7cee87cf6546,daringbadi,Daringbadi,Odisha,Eastern India,Experience the 'Kashmir of Odisha' where lush hills and rolling valleys meet the thrill of adventure.,"Daringbadi, a picturesque hill station nestled in the Kandhamal district of Odisha, has earned the nickname 'Kashmir of Odisha' for its stunning resemblance to the Kashmir Valley. Perched at an elevation of 915 meters above sea level, this trekker's paradise offers breathtaking views of rolling hills, verdant valleys, and serene waterfalls. With its pleasant climate, Daringbadi is an ideal destination for adventure seekers and nature lovers alike. The area is teeming with an array of flora and fauna, and a trekker's trail through its lush forests and hill tops is an experience not to be missed. Daringbadi's unspoiled beauty, coupled with its tranquil atmosphere, makes it a must-visit destination for those seeking to reconnect with nature.","[""The scenic 'Khatiguda Waterfalls', a stunning trekking destination that drops approximately 100 meters, making it an ideal spot for nature lovers to unwind and rejuvenate."",""The 'Daringbadi Hill Top', an panoramic vantage point offering breathtaking views of the surrounding hills and valleys, perfect for a thrilling rock climbing experience."",""The 'Deomali Peak', a challenging trekking trail that demands determination and skill, but offers an unforgettable experience with its breathtaking vistas."",""The 'Kandhmal Forest', a lush and diverse forest, home to a wide range of flora and fauna, providing an exciting bird watching experience for nature enthusiasts."",""The 'Daringbadi Valley', a serene and picturesque valley, famous for its breathtaking sunrises and sunsets, a perfect spot to unwind and soak in the tranquility of nature.""]",Trek,"['Nature', 'Adventure', 'Trekking', 'Camping', 'Rock Climbing', 'Bird Watching']",8100,₹8k–₹12k,3,Winter – Spring,"['Winter', 'Spring']",Easy,Quiet,https://upload.wikimedia.org/wikipedia/commons/5/5e/Lover%27s_point%2C_Daringbadi.jpg,"['https://upload.wikimedia.org/wikipedia/commons/5/5e/Lover%27s_point%2C_Daringbadi.jpg', 'https://images.unsplash.com/photo-1464822759023-fed622ff2c3b?auto=format&fit=crop&w=1800&q=80', 'https://images.unsplash.com/photo-1500382017468-9049fed747ef?auto=format&fit=crop&w=1800&q=80', 'https://images.unsplash.com/photo-1470071459604-3b5ec3a7fe05?auto=format&fit=crop&w=1800&q=80', 'https://images.unsplash.com/photo-1507525428034-b723cf961d3e?auto=format&fit=crop&w=1800&q=80']","[""Explore the rolling hills and valleys of Daringbadi on a thrilling trek, taking in the area's diverse flora and fauna."", 'Indulge in a challenging rock climbing experience at the Daringbadi Hill Top, which offers breathtaking views of the surrounding hills and valleys.', 'Engage in a memorable bird watching experience in the Kandhmal Forest, where a wide range of species can be spotted.', 'Take in the tranquility of nature at the Daringbadi Valley, famous for its breathtaking sunrises and sunsets.']","['The Khatiguda Waterfalls, which drops approximately 100 meters, creating a mesmerizing sight for photographers.', 'The Deomali Peak, a challenging trek leading to a summit offering breathtaking vistas, ideal for panoramic photography.', 'The sun-kissed meadows of the Daringbadi Valley, an idyllic spot to capture the serenity of nature at any time of the day.']","['Local Traditional Thali', 'Spicy Curry']","['Daringbadi Bengali Spice Junction', 'Daringbadi Maa Durga Local Hotel']",[],Manali,19.91608,84.11649
e9ebbd66-e0f3-400e-8040-5ff105c6d50c,patalkot-valley,Patalkot Valley,Madhya Pradesh,Central India,A deep horseshoe-shaped valley rich in tribal heritage and rare herbs.,"Patalkot Valley is a deep, horseshoe-shaped valley located in the Chhindwara district of Madhya Pradesh. Carved out by the Dudhi River, the valley is located at a depth of nearly 1,200 to 1,500 feet, making it so remote that its tribal inhabitants (mostly Bharia and Gond tribes) lived in complete isolation for centuries. Patalkot is renowned for its spectacular landscape, rich tribal culture, and as a treasure trove of rare medicinal plants.","[""Spectacular views of the horseshoe valley from the top edge"",""Authentic Bharia and Gond tribal villages untouched by modern urbanization"",""Incredible collection of rare medicinal herbs and traditional remedies"",""Lush forest cover, deep gorges, and steep winding trails""]",Valley,"['Nature', 'Culture', 'Adventure']",8100,₹8k–₹12k,3,October to March & July to September (monsoon lushness),"['Winter', 'Spring']",Easy,Quiet,https://images.unsplash.com/photo-1506461883276-594a12b11db3?q=80&w=1000&auto=format&fit=crop,"['https://images.unsplash.com/photo-1506461883276-594a12b11db3?q=80&w=1000&auto=format&fit=crop', 'https://images.unsplash.com/photo-1464822759023-fed622ff2c3b?auto=format&fit=crop&w=1800&q=80', 'https://images.unsplash.com/photo-1500382017468-9049fed747ef?auto=format&fit=crop&w=1800&q=80', 'https://images.unsplash.com/photo-1470071459604-3b5ec3a7fe05?auto=format&fit=crop&w=1800&q=80', 'https://images.unsplash.com/photo-1507525428034-b723cf961d3e?auto=format&fit=crop&w=1800&q=80']","['Trekking down into the valley to visit tribal hamlets like Gaildubba', 'Learning about traditional tribal medicine from local healers (Bhumkas)', 'Attending local tribal markets and witnessing traditional dance forms', 'Landscape photography of the steep valleys and misty cliffs']","['Patalkot Valley viewpoint at sunrise', 'Steep winding walkways disappearing into the valley fog', 'Traditional tribal mud huts with local artwork']","['Local Traditional Thali', 'Spicy Curry']","['Patalkot Valley Bundelkhandi Kitchen', 'Patalkot Valley Malwa Food Court']",[],Lonavala,22.46,78.73
ea51b727-ae92-4b00-ad7a-a87ba0e161a1,ramgarh,Ramgarh,Rajasthan,Western India,"Experience the unspoiled beauty of Rajasthan's Aravalli range in Ramgarh, a trekker's paradise with its rugged terrain and breathtaking vistas.","Ramgarh, nestled in the Aravalli range of Rajasthan, is a trekker's haven with its unique rock formations, dense forests, and diverse wildlife. The region boasts a rich cultural heritage, with the historic Ramgarh Fort and the ancient Khandar Fort standing as testaments to its storied past. Visitors can immerse themselves in the local WAY OF LIFE, exploring quaint villages and experiencing the warm hospitality of the region's inhabitants. With its varied landscapes and abundant natural beauty, Ramgarh offers a unique and unforgettable experience for adventure seekers and nature enthusiasts alike. The best time to visit Ramgarh is during the winter months, from October to February, when the weather is pleasant and ideal for trekking and outdoor activities.","[""The majestic Ramgarh Fort, a 16th-century structure that showcases the region's architectural heritage"",""The scenic Todgarh Raod, which offers breathtaking views of the surrounding landscape"",""The historic Khandar Fort, a 16th-century fort that stands as a testament to the region's rich history"",""The picturesque Ajabgarh village, known for its ancient temples and stunning natural beauty""]",Trek,"['Nature', 'Adventure', 'Trekking', 'Camping', 'Rock Climbing', 'Bird Watching']",8100,₹8k–₹12k,3,Winter – Spring,"['Winter', 'Spring']",Easy,Quiet,https://upload.wikimedia.org/wikipedia/commons/thumb/4/4b/Assembly_constituencies_of_Rajasthan-67-Ramgarh.svg/1280px-Assembly_constituencies_of_Rajasthan-67-Ramgarh.svg.png,"['https://upload.wikimedia.org/wikipedia/commons/thumb/4/4b/Assembly_constituencies_of_Rajasthan-67-Ramgarh.svg/1280px-Assembly_constituencies_of_Rajasthan-67-Ramgarh.svg.png', 'https://images.unsplash.com/photo-1464822759023-fed622ff2c3b?auto=format&fit=crop&w=1800&q=80', 'https://images.unsplash.com/photo-1500382017468-9049fed747ef?auto=format&fit=crop&w=1800&q=80', 'https://images.unsplash.com/photo-1470071459604-3b5ec3a7fe05?auto=format&fit=crop&w=1800&q=80', 'https://images.unsplash.com/photo-1507525428034-b723cf961d3e?auto=format&fit=crop&w=1800&q=80']","['Trek to the summit of Todgarh, the highest peak in the Aravalli range', 'Explore the rugged terrain of Ramgarh on a guided rock climbing expedition', 'Go bird watching in the surrounding forests, home to a diverse range of avian species', 'Set up camp in the wilderness and enjoy a night under the stars']","['The sunrise viewpoint at Todgarh, which offers panoramic views of the surrounding landscape', 'The ancient Khandar Fort, with its unique architecture and stunning natural backdrop', 'The Ramgarh Lake, a picturesque waterbody surrounded by lush green forests']","['Dal Baati Churma', 'Saurashtra Thali', 'Goan Fish Curry']","['Ramgarh Kathiyawadi Local Dhaba', 'Ramgarh Rajasthani Thali House']",[],Lonavala,28.1707,74.97769
eb58a128-2a95-4491-8863-e96541b5896b,vagamon,Vagamon,Kerala,Southern India,"Experience the unspoiled beauty of Kerala's Western Ghats in Vagamon, a tranquil trekking haven nestled amidst lush forests and rolling hills.","Vagamon, situated in the Idukki district of Kerala, is a picturesque hill station that boasts of breathtaking landscapes and an array of exciting outdoor activities. With its rolling hills, lush green forests, and sparkling streams, Vagamon offers the perfect setting for trekking, camping, and other adventure sports. The region is also home to a wide variety of flora and fauna, making it a haven for nature lovers and bird watchers. The cool climate and serene atmosphere of Vagamon make it an ideal destination for those seeking to escape the chaos of city life and reconnect with nature.","[""Explore the stunning Meenachil River and its surrounding landscape"",""Visit the Thangal Para, a massive rocky hill that offers breathtaking views of the surroundings"",""Discover the rich flora and fauna of the Kurisumala Ashram, a renowned spiritual center"",""Trek to the top of the Murugan Hill, which offers panoramic views of the valley below""]",Trek,"['Nature', 'Adventure', 'Trekking', 'Camping', 'Rock Climbing', 'Bird Watching']",8100,₹8k–₹12k,3,Winter – Spring,"['Winter', 'Spring']",Easy,Quiet,https://upload.wikimedia.org/wikipedia/commons/e/eb/Vagamon_meadows.JPG,"['https://upload.wikimedia.org/wikipedia/commons/e/eb/Vagamon_meadows.JPG', 'https://images.unsplash.com/photo-1464822759023-fed622ff2c3b?auto=format&fit=crop&w=1800&q=80', 'https://images.unsplash.com/photo-1500382017468-9049fed747ef?auto=format&fit=crop&w=1800&q=80', 'https://images.unsplash.com/photo-1470071459604-3b5ec3a7fe05?auto=format&fit=crop&w=1800&q=80', 'https://images.unsplash.com/photo-1507525428034-b723cf961d3e?auto=format&fit=crop&w=1800&q=80']","['Embark on a guided trek through the forests and grasslands of Vagamon', 'Indulge in rock climbing and rappelling at the Thangal Para', 'Go bird watching and spot exotic species like the Nilgiri pipit and the Kerala laughing thrush', 'Take a camping trip and spend the night under the stars in the tranquil surroundings of Vagamon']","['The Kurisumala Ashram, with its stunning views of the surrounding hills and valleys', 'The Thangal Para, which offers panoramic views of the landscape', 'The Vagamon Meadows, a picturesque spot with rolling hills and lush green grasslands']","['Traditional Thali', 'Filter Coffee', 'Local Seafood']","['Vagamon Malgudi Filter Coffee & Tiffin', 'Vagamon Sree Local Mess']",[],Lonavala,9.6886,76.90686
ed4af4d0-e583-4dce-ba6c-075aea0bd005,burhanpur,Burhanpur,Madhya Pradesh,Central India,"Discover the uncharted charm of Burhanpur, a tranquil haven amidst the Tapti River in southern Madhya Pradesh.","Burhanpur, nestled in the eastern slopes of the Satpura Range, is a serene hill station awaiting exploration. This quaint town has been a gateway between Maharashtra and Madhya Pradesh for centuries, boasting a rich history that reflects in its architectural marvels and archaeological remnants. As you wander through Burhanpur's lush forests and picturesque villages, immerse yourself in the local culture, and experience the simple joys of rural life. The mountainous terrain and surrounding wilderness make it an ideal destination for trekkers, nature enthusiasts, and photographers alike.","[""The Kala Kheria Bird Sanctuary, a treasure trove of avifauna, where over 200 species of birds find refuge."",""The 17th-century Bhadresvar Temple, an impressive example of Maratha and Burhanpur-style architecture."",""The ancient Dara Shikoh Raika Tomb, a poignant tribute to Mughal royalty."",""The scenic Tapti River, offering a glimpse into Burhanpur's lush forests and rolling hills.""]",Mountain,"['Trekking', 'Bird Watching', 'Nature Walks', 'Photography']",8100,₹8k–₹12k,3,Winter – Spring,"['Winter', 'Spring']",Easy,Quiet,https://upload.wikimedia.org/wikipedia/commons/8/8c/Dargah-e-Hakimi_%28Burhanpur%29%2C_February_2015.jpg,"['https://upload.wikimedia.org/wikipedia/commons/8/8c/Dargah-e-Hakimi_%28Burhanpur%29%2C_February_2015.jpg', 'https://images.unsplash.com/photo-1464822759023-fed622ff2c3b?auto=format&fit=crop&w=1800&q=80', 'https://images.unsplash.com/photo-1500382017468-9049fed747ef?auto=format&fit=crop&w=1800&q=80', 'https://images.unsplash.com/photo-1470071459604-3b5ec3a7fe05?auto=format&fit=crop&w=1800&q=80', 'https://images.unsplash.com/photo-1507525428034-b723cf961d3e?auto=format&fit=crop&w=1800&q=80']","['Embark on a trek to the picturesque village of Chikhaldara, perched on a hilltop, offering breathtaking vistas.', 'Take a guided nature walk through the forest, discovering the hidden gems of the region, including medicinal plants and local wildlife.', 'Visit the local market, where you can sample local delicacies, purchase handicrafts, and interact with the friendly locals.', 'Capture the essence of Burhanpur through photography, with scenic vistas of the surrounding hills and valleys.']","[""The Kala Kheria Bird Sanctuary's dawn bird-watching session, when the sky comes alive with chirping birds."", ""The Tapti River's sunset views from the riverbank, as the horizon transforms into a kaleidoscope of colors."", ""The Bhadresvar Temple's majestic facade, reflecting the intricate craftsmanship of the region's artisans.""]","['Local Traditional Thali', 'Spicy Curry']","['Burhanpur Bundelkhandi Kitchen', 'Burhanpur Malwa Food Court']",[],Goa,21.33487,76.37088
ee06a085-d9df-4cbb-8ba5-d209464254e3,lachen,Lachen,Sikkim,Northeastern India,"Experience the serenity of the Himalayas in the picturesque village of Lachen, nestled in the heart of Sikkim.","Perched at an elevation of 2,750 meters, Lachen is a quaint mountain village in North Sikkim. The region's stunning landscapes, rich cultural heritage, and breathtaking views have drawn visitors from across the globe. Lachen offers a mix of spirituality, adventure, and nature's splendor, making it an ideal destination for those seeking an offbeat Himalayan experience.","[""The Lachen Monastery: A majestic 200-year-old monastery adorned with colorful prayer flags, sacred thangkas, and serene chants."",""Chopta Valley: An unforgettable destination for nature enthusiasts, featuring verdant meadows, crystal-clear streams, and the majestic Lachen Chu river."",""Green Lake: A picturesque lake located in the Shingba Rhododendron Sanctuary, offering breathtaking views of the surrounding mountains and an opportunity to spot the rare Black-necked Crane."",""Thangu Valley: A tranquil, verdant valley adorned with beautiful wildflowers, perfect for a serene nature walk or photography session."",""Yumesamdong (Zero Point): A gateway to the high-altitude areas of North Sikkim, offering breathtaking views of the surrounding snow-capped peaks and meadows.""]",Mountain,"['Nature', 'Nature Walks', 'Photography', 'Local Sightseeing', 'Bird Watching']",8100,₹8k–₹12k,3,Summer – Spring,"['Summer', 'Spring']",Moderate,Quiet,https://upload.wikimedia.org/wikipedia/commons/c/c0/Bundesarchiv_Bild_135-KA-02-055%2C_Tibetexpedition%2C_Lachen%2C_Dorf.jpg,"['https://upload.wikimedia.org/wikipedia/commons/c/c0/Bundesarchiv_Bild_135-KA-02-055%2C_Tibetexpedition%2C_Lachen%2C_Dorf.jpg', 'https://images.unsplash.com/photo-1464822759023-fed622ff2c3b?auto=format&fit=crop&w=1800&q=80', 'https://images.unsplash.com/photo-1500382017468-9049fed747ef?auto=format&fit=crop&w=1800&q=80', 'https://images.unsplash.com/photo-1470071459604-3b5ec3a7fe05?auto=format&fit=crop&w=1800&q=80', 'https://images.unsplash.com/photo-1507525428034-b723cf961d3e?auto=format&fit=crop&w=1800&q=80']","['Embark on a guided trek to the Shingba Rhododendron Sanctuary, home to the rare and majestic Black-necked Crane.', 'Visit the local Lachen village, where you can experience the warm hospitality of the Tibetan and Lepcha communities.', 'Explore the rich wildlife and unique biodiversity of Lachen, including rare bird species and Himalayan flora.', 'Drive to the scenic Thangu Valley and marvel at the breathtaking views of the surrounding meadows and snow-capped peaks.']","['The serene banks of the Lachen Chu river, perfect for capturing the majestic scenery and spotting rare Himalayan birds.', 'The stunning vista of the Chopta Valley, with its verdant meadows and towering peaks, making it an ideal spot for photography enthusiasts.', 'The picturesque Green Lake, nestled within the Shingba Rhododendron Sanctuary, offering breathtaking views and an opportunity to capture the rare Black-necked Crane.']","['Smoked Pork with Bamboo Shoot', 'Local Rice Cake', 'Assamese Thali']","['Lachen Local Tribal Kitchen', 'Lachen The Bamboo Shoot Restaurant']",[],Darjeeling,27.73061,88.5495
ee0a187f-9822-4e28-92e5-8c811fd5296e,kolli-hills,Kolli Hills,Tamil Nadu,Southern India,"Where towering mountains meet eternal mist, and serenity reigns supreme.","Tucked away in the Panniyar Range of the Eastern Ghats, the Kolli Hills stand as an untouched paradise in Tamil Nadu. The hills' misty climate, rolling hills, and verdant forests have captivated travelers for centuries. The area is home to various species of birds, butterflies, and even rare orchids, creating an enchanting atmosphere for those seeking a tranquil getaway. From leisurely treks to photography expeditions, Kolli Hills offers a diverse experience for adventure-seekers and nature enthusiasts alike.","[""Explore the Kalakkanatha Temple, a 18th-century masterpiece showcasing South Indian architecture."",""Hike to the Kolli Malai viewpoint for panoramic vistas of the surrounding hills and valleys."",""Spot rare birds such as the Nilgiri Flycatcher and the Red-whiskered Bulbul amidst the lush green forests."",""Discover the mystical Kolli Hills' waterfalls, cascading down the rocky terrain, creating a soothing melody."",""Get a glimpse of a traditional tribal community living in harmony with nature at the tribal habitations.""]",Mountain,"['Nature', 'Nature Walks', 'Photography', 'Local Sightseeing', 'Bird Watching']",8100,₹8k–₹12k,3,Winter – Spring,"['Winter', 'Spring']",Easy,Quiet,https://upload.wikimedia.org/wikipedia/commons/b/bf/Kollimalai_milagu_Thottam.JPG,"['https://upload.wikimedia.org/wikipedia/commons/b/bf/Kollimalai_milagu_Thottam.JPG', 'https://images.unsplash.com/photo-1464822759023-fed622ff2c3b?auto=format&fit=crop&w=1800&q=80', 'https://images.unsplash.com/photo-1500382017468-9049fed747ef?auto=format&fit=crop&w=1800&q=80', 'https://images.unsplash.com/photo-1470071459604-3b5ec3a7fe05?auto=format&fit=crop&w=1800&q=80', 'https://images.unsplash.com/photo-1507525428034-b723cf961d3e?auto=format&fit=crop&w=1800&q=80']","['Embark on a guided nature walk to traverse the winding trails of the Kolli Hills Forest and encounter unique flora.', 'Take a relaxing dip in the serene waters of the Kumbakarai Falls, a perfect spot to unwind and recharge.', 'Indulge in bird-watching excursions to identify and study the diverse avifauna inhabiting the hills.', ""Join a local photography workshop to capture the region's enchanting landscapes and wildlife through your lens.""]","['Sunrise at the Kalakkanatha Temple, capturing the warm hues of dawn on the ancient architecture.', 'Panoramic views from the Kolli Malai viewpoint as dawn breaks, with the mist-shrouded hills below.', 'A waterfall cascade, frozen in time, amidst the dense foliage of the Kolli Hills Forest.']","['Traditional Thali', 'Filter Coffee', 'Local Seafood']","['Kolli Hills Malgudi Filter Coffee & Tiffin', 'Kolli Hills Sree Local Mess']",[],Lonavala,11.32213,78.39351
f0b50347-b49c-4709-9338-b5165dbabd6e,jawai-bandh,Jawai Bandh,Rajasthan,Western India,"Experience the unspoiled wilderness and majestic landscapes of Jawai Bandh, a hidden gem in Rajasthan's Pali district.","Jawai Bandh, nestled in the Pali district of Rajasthan, is a tranquil haven that offers a unique blend of wildlife, nature, and culture. The location is surrounded by the Aravalli hills and is home to a diverse range of flora and fauna, including the majestic leopard. With its rugged landscape, picturesque villages, and abundant wildlife, Jawai Bandh is an ideal destination for those seeking an offbeat adventure. The area is also steeped in history, with ancient temples, forts, and traditional villages waiting to be explored. Visitors can immerse themselves in the local culture by interacting with the Bhil and Garasia tribes, who have inhabited this region for centuries.","[""Witness the majestic leopards of Jawai in their natural habitat"",""Explore the ancient temples of Ranakpur and Kumbhalgarh, nearby Jawai Bandh"",""Visit the picturesque village of Bera, known for its traditional architecture and warm hospitality"",""Take a safari through the Jawai Dam, a haven for birdwatchers and wildlife enthusiasts"",""Discover the vibrant culture of the Bhil and Garasia tribes, who have lived in harmony with nature for generations""]",Mountain,"['Wildlife', 'Nature Walks', 'Photography', 'Local Sightseeing', 'Bird Watching']",8100,₹8k–₹12k,3,Winter – Spring,"['Winter', 'Spring']",Easy,Quiet,https://upload.wikimedia.org/wikipedia/commons/6/6e/Jawai_Leopard_Hills_Safari-02.jpg,"['https://upload.wikimedia.org/wikipedia/commons/6/6e/Jawai_Leopard_Hills_Safari-02.jpg', 'https://images.unsplash.com/photo-1464822759023-fed622ff2c3b?auto=format&fit=crop&w=1800&q=80', 'https://images.unsplash.com/photo-1500382017468-9049fed747ef?auto=format&fit=crop&w=1800&q=80', 'https://images.unsplash.com/photo-1470071459604-3b5ec3a7fe05?auto=format&fit=crop&w=1800&q=80', 'https://images.unsplash.com/photo-1507525428034-b723cf961d3e?auto=format&fit=crop&w=1800&q=80']","['Go on a leopard safari in the hills and forests surrounding Jawai Bandh', 'Take a guided nature walk to explore the unique flora and fauna of the region', 'Visit the Jawai Dam, a popular spot for birdwatching and picnicking', 'Explore the ancient ruins and temples of the nearby Kumbhalgarh Fort']","['The sunrise point at Jawai Bandh, offering breathtaking views of the surrounding hills', 'The Jawai Dam, with its stunning views of the lake and the surrounding landscape', 'The village of Bera, with its picturesque architecture and vibrant culture']","['Dal Baati Churma', 'Saurashtra Thali', 'Goan Fish Curry']","['Jawai Bandh Kathiyawadi Local Dhaba', 'Jawai Bandh Rajasthani Thali House']",[],Lonavala,25.11438,73.14748
f1919ca0-7475-474a-b222-2cac96ab47b4,pangot,Pangot,Uttarakhand,Northern India,Pangot: A tranquil Himalayan hamlet renowned as a birder's paradise nestled amidst the lush Kumaon hills.,"Nestled at an elevation of approximately 6,500 feet in the Kumaon Himalayas, just 15 kilometers from the bustling town of Nainital, Pangot offers a serene escape into pristine nature. This picturesque hamlet is famed for its rich avian diversity, making it a prime destination for birdwatchers and nature enthusiasts alike. The landscape is characterized by dense oak, pine, and rhododendron forests, crisscrossed by streams and narrow trails. The local culture is deeply intertwined with the natural environment, with a quiet, unhurried pace of life typical of remote mountain villages. There isn't a rich documented history of significant events, but rather a story of a quiet forest village gradually gaining recognition for its ecological importance and tranquil charm, offering a refreshing contrast to its more commercial neighbor.","[""Unparalleled Birdwatching Opportunities: Home to over 250 species of birds, including the Himalayan Griffon, Lammergeier, Blue-winged Minla, and Cheer Pheasant."",""Kilbury Bird Sanctuary: A dedicated avian haven adjacent to Pangot, providing excellent opportunities for spotting rare Himalayan birds in their natural habitat."",""Trek to Naina Peak (China Peak): Embark on a rewarding trek through dense forests to the highest peak in Nainital district, offering breathtaking panoramic views of the Himalayas and the Nainital valley."",""Serene Forest Trails: Explore numerous unspoiled walking trails winding through old-growth oak and rhododendron forests, perfect for nature walks and wildlife spotting."",""Tranquil Himalayan Retreat: Experience the peaceful village life and escape the urban hustle, immersing yourself in the quiet beauty of the Kumaon hills.""]",Mountain,"['Nature', 'Wildlife', 'Nature Walks', 'Photography', 'Local Sightseeing', 'Bird Watching']",8100,₹8k–₹12k,3,Summer – Spring,"['Summer', 'Spring']",Moderate,Quiet,https://upload.wikimedia.org/wikipedia/commons/3/39/Blue-fronted_Redstart_%28male%29.JPG,"['https://upload.wikimedia.org/wikipedia/commons/3/39/Blue-fronted_Redstart_%28male%29.JPG', 'https://images.unsplash.com/photo-1464822759023-fed622ff2c3b?auto=format&fit=crop&w=1800&q=80', 'https://images.unsplash.com/photo-1500382017468-9049fed747ef?auto=format&fit=crop&w=1800&q=80', 'https://images.unsplash.com/photo-1470071459604-3b5ec3a7fe05?auto=format&fit=crop&w=1800&q=80', 'https://images.unsplash.com/photo-1507525428034-b723cf961d3e?auto=format&fit=crop&w=1800&q=80']","['Guided Birdwatching Tours: Join expert naturalists to identify and observe the diverse avian species of the region in their natural habitat.', 'Trekking to Cheena Peak: Hike through picturesque oak and pine forests to reach Cheena Peak, offering stunning vistas of the Himalayas.', 'Wildlife Photography: Capture the rich biodiversity, from vibrant birds to elusive mammals and lush Himalayan flora.', 'Nature Walks through Kilbury Forest: Enjoy leisurely strolls along the tranquil forest paths, breathing in the fresh mountain air and appreciating the natural beauty.']","['Naina Peak (Cheena Peak) Summit: For sweeping panoramic views of the Himalayan range and the dense forests below.', 'Kilbury Forest Trails: Ideal for capturing diverse bird species in their natural habitat and the intricate beauty of oak and rhododendron forests.', 'Sunrise Point near Ghughu Kham: A known local spot for breathtaking sunrise vistas illuminating the valleys and distant peaks.']","['Siddu', 'Pahadi Madra', 'Local Thali']","['Pangot Pahadi Rasoi Local Kitchen', 'Pangot Hilltop Cafe & Bistro']",[],Manali,29.42413,79.42704
f2b62d70-5d67-4b00-b067-7f4ac8de33b4,querim-beach,Querim Beach,Goa,Western India,"Unwind on the pristine shores of Querim Beach, a serene gem in northern Goa.","Querim Beach, situated in the northernmost part of Goa, is a tranquil and picturesque destination that offers a glimpse into the state's unspoiled beauty. With its expansive stretch of golden sand, swaying palm trees, and crystal-clear waters, this beach is an ideal spot for those seeking relaxation and solitude. The beach is surrounded by lush green hills and is dotted with a few shacks and cafes that serve fresh seafood and local cuisine. Visitors can soak up the sun, take a dip in the ocean, or simply sit back and enjoy the breathtaking views of the Arabian Sea. Querim Beach is also a great spot for nature lovers, with its diverse flora and fauna, and the nearby Tiracol River, which offers opportunities for boat rides and birdwatching. The beach is steeped in history, with the 17th-century Tiracol Fort standing guard over the shoreline, a testament to the region's rich cultural heritage.","[""The 17th-century Tiracol Fort, a historic landmark that offers stunning views of the Arabian Sea"",""The pristine shores and crystal-clear waters, perfect for swimming and sunbathing"",""The nearby Tiracol River, which offers opportunities for boat rides and birdwatching"",""The traditional Goan villages, such as Keri and Tiracol, which provide a glimpse into the local culture and way of life""]",Beach,"['Beach', 'Swimming', 'Sunbathing', 'Beach Walks', 'Boat Ride']",8100,₹8k–₹12k,3,Winter – Spring,"['Winter', 'Spring']",Easy,Quiet,https://upload.wikimedia.org/wikipedia/commons/thumb/f/f9/The_Terekhol_River_and_Querim_Beach%2C_panoramic_view%2C_Goa%2C_India.jpg/3840px-The_Terekhol_River_and_Querim_Beach%2C_panoramic_view%2C_Goa%2C_India.jpg,"['https://upload.wikimedia.org/wikipedia/commons/thumb/f/f9/The_Terekhol_River_and_Querim_Beach%2C_panoramic_view%2C_Goa%2C_India.jpg/3840px-The_Terekhol_River_and_Querim_Beach%2C_panoramic_view%2C_Goa%2C_India.jpg', 'https://images.unsplash.com/photo-1464822759023-fed622ff2c3b?auto=format&fit=crop&w=1800&q=80', 'https://images.unsplash.com/photo-1500382017468-9049fed747ef?auto=format&fit=crop&w=1800&q=80', 'https://images.unsplash.com/photo-1470071459604-3b5ec3a7fe05?auto=format&fit=crop&w=1800&q=80', 'https://images.unsplash.com/photo-1507525428034-b723cf961d3e?auto=format&fit=crop&w=1800&q=80']","['Take a leisurely walk along the beach and enjoy the tranquil atmosphere', 'Go swimming or sunbathing on the pristine shores', 'Take a boat ride along the Tiracol River and spot local birdlife', 'Explore the nearby villages and experience the traditional Goan culture']","['The Tiracol Fort, which offers breathtaking views of the Arabian Sea', 'The Querim Beach shoreline, with its swaying palm trees and crystal-clear waters', 'The Tiracol River, which offers stunning views of the surrounding landscape']","['Dal Baati Churma', 'Saurashtra Thali', 'Goan Fish Curry']","['Querim Beach Kathiyawadi Local Dhaba', 'Querim Beach Rajasthani Thali House']",[],Goa,15.71279,73.6916
f3124c09-6fdf-47e8-9307-46f6a2bd16b1,chorao-island,Chorao Island,Goa,Western India,"Experience the serene beauty of Chorao Island, a hidden gem in Goa, where nature's harmony and tranquility await.","Chorao Island, situated along the Mandovi River in Goa, is a tranquil and picturesque destination that boasts a rich history and diverse wildlife. The island, which is home to the famous Dr. Salim Ali Bird Sanctuary, is a haven for nature lovers and birdwatchers, with over 400 species of birds documented. With its stunning beaches, lush green forests, and mangrove swamps, Chorao Island offers a unique and unforgettable experience for visitors. The island's culture is heavily influenced by its Portuguese heritage, which is evident in the architecture, cuisine, and traditions of the local community.","[""The Dr. Salim Ali Bird Sanctuary, a renowned haven for birdwatchers and nature enthusiasts"",""The Church of St. Bartholomew, a historic church that dates back to the 16th century"",""The island's pristine beaches, such as Morjim and Ashvem, which offer a serene and peaceful atmosphere"",""The opportunity to take a boat ride along the Mandovi River and explore the island's mangrove swamps""]",Island,"['Nature', 'Beach', 'Swimming', 'Sunbathing', 'Beach Walks', 'Boat Ride']",8100,₹8k–₹12k,3,Winter – Spring,"['Winter', 'Spring']",Easy,Quiet,https://images.unsplash.com/photo-1507525428034-b723cf961d3e?auto=format&fit=crop&w=1200&q=85,"['https://images.unsplash.com/photo-1507525428034-b723cf961d3e?auto=format&fit=crop&w=1200&q=85', 'https://images.unsplash.com/photo-1464822759023-fed622ff2c3b?auto=format&fit=crop&w=1800&q=80', 'https://images.unsplash.com/photo-1500382017468-9049fed747ef?auto=format&fit=crop&w=1800&q=80', 'https://images.unsplash.com/photo-1470071459604-3b5ec3a7fe05?auto=format&fit=crop&w=1800&q=80', 'https://images.unsplash.com/photo-1507525428034-b723cf961d3e?auto=format&fit=crop&w=1800&q=80']","['Take a guided tour of the Dr. Salim Ali Bird Sanctuary to spot rare and exotic bird species', ""Go swimming or sunbathing on the island's beautiful beaches"", ""Embark on a boat ride along the Mandovi River to explore the island's mangrove swamps and spot dolphins"", ""Visit the local villages to experience the island's unique culture and traditions""]","['The picturesque Church of St. Bartholomew, with its stunning architecture and beautiful surroundings', ""The stunning views of the Mandovi River and the surrounding landscape from the island's highest point"", 'The beautiful and serene beaches, such as Morjim and Ashvem, which offer a tranquil atmosphere and breathtaking sunsets']","['Dal Baati Churma', 'Saurashtra Thali', 'Goan Fish Curry']","['Chorao Island Kathiyawadi Local Dhaba', 'Chorao Island Rajasthani Thali House']",[],Goa,15.53939,73.88467
f49b80fd-5f48-47e5-b103-bcc1952feaf1,kisama-heritage-village,Kisama Heritage Village,Nagaland,Northeastern India,"Experience the rich cultural heritage of Nagaland at Kisama Heritage Village, a hub of traditional Anglo-Naga architecture and vibrant tribal festivities.","Kisama Heritage Village, situated about 10 kilometers from Kohima, is a symbolic hub that showcases the traditional and cultural practices of the 16 tribes of Nagaland. The village is a part of the Hornbill Festival, a major tourist attraction that celebrates the rich heritage of the state. With its traditional Anglo-Naga architecture, the village offers a glimpse into the history and culture of Nagaland, making it an ideal destination for those interested in exploring the authentic tribal way of life. The surrounding landscape, with its lush green hills and valleys, provides a serene backdrop for a cultural retreat, allowing visitors to immerse themselves in the natural beauty and heritage of the region.","["" Witness the vibrant Hornbill Festival, which takes place in December, and experience the unique traditions and customs of the Naga tribes."",""Explore the traditional morungs, which are ceremonial halls that serve as repositories of Naga culture and traditions."",""Visit the World War II Museum, dedicated to the history of the war in the region and the role of the Naga people in it."",""Discover the diverse flora and fauna of the region, including the endangered species that are found in the surrounding hills and forests.""]",Village,"['Culture', 'Nature Walks', 'Photography', 'Local Sightseeing', 'Bird Watching']",8100,₹8k–₹12k,3,Summer – Spring,"['Summer', 'Spring']",Moderate,Quiet,https://upload.wikimedia.org/wikipedia/commons/thumb/9/93/Kisama_main_arena_Hornbill_Festival_2019.jpg/3840px-Kisama_main_arena_Hornbill_Festival_2019.jpg,"['https://upload.wikimedia.org/wikipedia/commons/thumb/9/93/Kisama_main_arena_Hornbill_Festival_2019.jpg/3840px-Kisama_main_arena_Hornbill_Festival_2019.jpg', 'https://images.unsplash.com/photo-1464822759023-fed622ff2c3b?auto=format&fit=crop&w=1800&q=80', 'https://images.unsplash.com/photo-1500382017468-9049fed747ef?auto=format&fit=crop&w=1800&q=80', 'https://images.unsplash.com/photo-1470071459604-3b5ec3a7fe05?auto=format&fit=crop&w=1800&q=80', 'https://images.unsplash.com/photo-1507525428034-b723cf961d3e?auto=format&fit=crop&w=1800&q=80']","['Take a guided tour of the village to learn about the history, culture, and traditions of the Naga people.', 'Attend a traditional Naga dance performance, which is an integral part of the cultural heritage of the state.', 'Try the local cuisine, which includes exotic dishes such as smoked pork, fermented soya beans, and wild edibles.', 'Go for a nature walk in the surrounding hills and forests, which offer breathtaking views and a chance to spot rare bird species.']","['The ceremonial halls or morungs, which are adorned with traditional Naga artifacts and offer a glimpse into the rich cultural heritage of the region.', 'The scenic viewpoint near the village, which offers stunning views of the surrounding hills and valleys.', 'The World War II Museum, which has a collection of historic photographs and artifacts that showcase the role of the Naga people in the war.']","['Smoked Pork with Bamboo Shoot', 'Local Rice Cake', 'Assamese Thali']","['Kisama Heritage Village Local Tribal Kitchen', 'Kisama Heritage Village The Bamboo Shoot Restaurant']",[],Shillong,25.61571,94.11398
f76445a4-626b-47ee-be8f-7b88e19b41d6,velas-beach,Velas Beach,Maharashtra,Western India,"Experience the tranquil beauty of Velas Beach, a hidden gem on Maharashtra's coastline where turtles nest and serenity awaits","Velas Beach, nestled in the Ratnagiri district of Maharashtra, is a picturesque coastal destination known for its stunning sunrises, soft sandy shores, and the unique opportunity to witness the nesting of Olive Ridley turtles. The beach is surrounded by lush greenery and offers a serene atmosphere, perfect for those looking to escape the chaos of city life. With its gentle waves and shallow waters, Velas Beach is an ideal spot for swimming and sunbathing, while the nearby village offers a glimpse into traditional Maharashtrian culture and cuisine.","[""The Velas Beach Turtle Festival, a conservation effort that allows visitors to participate in the release of turtle hatchlings into the sea"",""The historic Bankot Fort, a 17th-century fort that offers breathtaking views of the Arabian Sea"",""The Shri Bhagwant Temple, a sacred site dedicated to Lord Ganesha, situated near the beach"",""The Harihareshwar Temple, another nearby sacred site known for its stunning architecture and serene surroundings""]",Beach,"['Beach', 'Swimming', 'Sunbathing', 'Beach Walks', 'Boat Ride']",8100,₹8k–₹12k,3,Winter – Spring,"['Winter', 'Spring']",Easy,Quiet,https://images.unsplash.com/photo-1506461883276-594a12b11db3?q=80&w=1000&auto=format&fit=crop,"['https://images.unsplash.com/photo-1506461883276-594a12b11db3?q=80&w=1000&auto=format&fit=crop', 'https://images.unsplash.com/photo-1464822759023-fed622ff2c3b?auto=format&fit=crop&w=1800&q=80', 'https://images.unsplash.com/photo-1500382017468-9049fed747ef?auto=format&fit=crop&w=1800&q=80', 'https://images.unsplash.com/photo-1470071459604-3b5ec3a7fe05?auto=format&fit=crop&w=1800&q=80', 'https://images.unsplash.com/photo-1507525428034-b723cf961d3e?auto=format&fit=crop&w=1800&q=80']","['Take a boat ride along the coast to explore the nearby islands and marine life', 'Go for a swim or try your hand at water sports like kayaking or paddleboarding', 'Embark on a leisurely beach walk to enjoy the sunrise or sunset', 'Visit the nearby village to experience the local culture and try traditional Maharashtrian cuisine']","['The Velas Beach shoreline at sunrise, with the sky painted in hues of pink and orange', 'The turtle nesting sites, where visitors can capture the moment of turtle hatchlings making their way to the sea', 'The Bankot Fort, with its majestic structure and stunning views of the Arabian Sea']","['Dal Baati Churma', 'Saurashtra Thali', 'Goan Fish Curry']","['Velas Beach Kathiyawadi Local Dhaba', 'Velas Beach Rajasthani Thali House']",[],Goa,17.94194,73.03155
f818dab3-6554-47c5-a3c0-2132bfbe6ca6,janjehli,Janjehli,Himachal Pradesh,Northern India,Janjehli: Himachal's untouched trekking paradise offering pristine meadows and challenging trails amidst breathtaking Himalayan vistas.,"Nestled in the serene Seraj Valley of Himachal Pradesh's Mandi district, Janjehli is an unspoiled haven for trekkers and nature lovers, situated at an approximate altitude of 2150 meters. This pristine region is characterized by vast emerald meadows, dense forests of deodar, pine, and oak, and panoramic views of the Dhauladhar and Pir Panjal ranges. Far from the bustling tourist hubs, Janjehli offers an authentic Himalayan experience, where time seems to slow down amidst traditional Himachali villages and the gentle rhythm of pastoral life. The local culture is deeply intertwined with nature, with villagers practicing sustainable living and preserving ancient customs, making it a true retreat into the heart of the mountains. It serves as a gateway to several high-altitude treks, attracting adventurers seeking solitude and raw natural beauty.","[""Trek to the ancient Shikari Devi Temple, perched atop a hill at 3359 meters, offering unparalleled 360-degree views of the surrounding Himalayan peaks."",""Explore the sacred Kamrunag Lake and Temple, a revered site surrounded by dense deodar forests, believed to be the abode of a rain deity."",""Experience the vast, undulating Thachru meadows, a popular campsite and a visual treat, especially during spring and autumn."",""Discover the rich biodiversity and untouched wilderness of the Great Himalayan National Park's buffer zone, home to diverse flora and fauna.""]",Trek,"['Nature', 'Adventure', 'Trekking', 'Camping', 'Rock Climbing', 'Bird Watching']",8100,₹8k–₹12k,3,Summer – Spring,"['Summer', 'Spring']",Moderate,Quiet,https://upload.wikimedia.org/wikipedia/commons/1/1f/Mandi_town.jpg,"['https://upload.wikimedia.org/wikipedia/commons/1/1f/Mandi_town.jpg', 'https://images.unsplash.com/photo-1464822759023-fed622ff2c3b?auto=format&fit=crop&w=1800&q=80', 'https://images.unsplash.com/photo-1500382017468-9049fed747ef?auto=format&fit=crop&w=1800&q=80', 'https://images.unsplash.com/photo-1470071459604-3b5ec3a7fe05?auto=format&fit=crop&w=1800&q=80', 'https://images.unsplash.com/photo-1507525428034-b723cf961d3e?auto=format&fit=crop&w=1800&q=80']","['Embark on challenging multi-day treks to Shikari Devi and Kamrunag, navigating through dense forests and high-altitude pastures.', 'Indulge in overnight camping under a starry sky in the sprawling Thachru or Gadagusaini meadows.', 'Go bird watching along the forest trails of Chehri, spotting Himalayan monals, tragopans, and other elusive species.', 'Immerse yourself in local culture by visiting traditional Himachali villages, interacting with residents, and savoring authentic mountain cuisine.']","['The summit point near Shikari Devi Temple, providing breathtaking panoramic vistas of the Dhauladhar, Pir Panjal, and other ranges.', 'The expansive Thachru meadows, perfect for capturing wide-angle shots of rolling grasslands with grazing sheep and distant peaks.', 'The serene Kamrunag Lake, with its sacred temple and reflections of the surrounding deodar forests, ideal for tranquil landscape photography.']","['Siddu', 'Pahadi Madra', 'Local Thali']","['Janjehli Pahadi Rasoi Local Kitchen', 'Janjehli Hilltop Cafe & Bistro']",[],Manali,31.52411,77.22089
f8209c7e-9b0b-4ecc-8f20-370f77dbb748,mayong-village,Mayong Village,Assam,Northeastern India,"Experience the mystical charm of Mayong Village, a picturesque hamlet in Assam, steeped in history, nature, and ancient traditions.","Mayong Village, nestled in the Morigaon district of Assam, is a treasure trove of history, culture, and natural beauty. The village is often referred to as the 'Land of Black Magic' due to its rich history of witchcraft and sorcery, which dates back to the medieval period. Mayong is surrounded by lush green forests, rolling hills, and the majestic Brahmaputra River, making it an ideal destination for nature lovers and those seeking a tranquil retreat. The village is home to several ancient temples, monasteries, and historical sites, which showcase its rich cultural heritage. Visitors can immerse themselves in the local way of life, explore the vibrant markets, and experience the warm hospitality of the Assamese people.","[""Explore the Pobitora Wildlife Sanctuary, a renowned habitat for the Indian rhinoceros, located just a short distance from Mayong Village."",""Visit the Mayong Central Museum and Emporium, which showcases a unique collection of artifacts and exhibits related to black magic and witchcraft."",""Discover the ancient temples and monasteries, such as the Mayong Temple and the Sukreswar Temple, which are steeped in history and mythology."",""Take a stroll along the banks of the Brahmaputra River, which offers breathtaking views and a glimpse into the local fishing communities.""]",Village,"['Nature', 'Nature Walks', 'Photography', 'Local Sightseeing', 'Bird Watching']",8100,₹8k–₹12k,3,Summer – Spring,"['Summer', 'Spring']",Moderate,Quiet,https://images.unsplash.com/photo-1506461883276-594a12b11db3?q=80&w=1000&auto=format&fit=crop,"['https://images.unsplash.com/photo-1506461883276-594a12b11db3?q=80&w=1000&auto=format&fit=crop', 'https://images.unsplash.com/photo-1464822759023-fed622ff2c3b?auto=format&fit=crop&w=1800&q=80', 'https://images.unsplash.com/photo-1500382017468-9049fed747ef?auto=format&fit=crop&w=1800&q=80', 'https://images.unsplash.com/photo-1470071459604-3b5ec3a7fe05?auto=format&fit=crop&w=1800&q=80', 'https://images.unsplash.com/photo-1507525428034-b723cf961d3e?auto=format&fit=crop&w=1800&q=80']","['Embark on a guided nature walk through the surrounding forests, which offer a chance to spot exotic birds, butterflies, and other wildlife.', 'Take a boat ride along the Brahmaputra River, which provides a unique perspective on the village and its surroundings.', 'Attend a traditional Bihu dance performance, which is an integral part of Assamese culture and heritage.', 'Visit a local tea garden, where you can learn about the art of tea production and sample some of the finest Assamese teas.']","['The scenic viewpoints along the Brahmaputra River, which offer stunning views of the sunset and the surrounding landscape.', 'The picturesque Pobitora Wildlife Sanctuary, which is home to a wide variety of flora and fauna.', 'The ancient Mayong Temple, which features intricate carvings and sculptures that make for great photography subjects.']","['Smoked Pork with Bamboo Shoot', 'Local Rice Cake', 'Assamese Thali']","['Mayong Village Local Tribal Kitchen', 'Mayong Village The Bamboo Shoot Restaurant']",[],Shillong,26.25915,92.04132
f8413be6-7943-4292-9cd1-f052ab9f4d02,bhedaghat,Bhedaghat,Madhya Pradesh,Central India,"Discover the majestic beauty of Bhedaghat's marble gorge, nestled amidst the rolling hills of central India.","Bhedaghat, located on the Narmada River in Madhya Pradesh, India, is a treasure trove of natural wonders and adventure activities. The town is famous for its stunning marble gorge, where the Narmada River carves its way through a 30-kilometer stretch of marble rock formations, creating an awe-inspiring spectacle. The scenic beauty of Bhedaghat and the surrounding landscape make it a haven for trekkers and nature lovers. Visitors can explore the tranquil waters of the Narmada River, hike through the picturesque valleys and hills, and experience the rich cultural heritage of the region.","[""Witness the breathtaking view of the marble gorge from the Dhuandhar Falls, a 30-meter waterfall that plunges into the Narmada River"",""Trek to the top of the Bhedaghat Plateau, offering panoramic views of the surrounding hills and valleys"",""Explore the ancient temple of Chausathi Yogini, a 10th-century site of great historical significance and architectural beauty"",""Marvel at the unique marble formations and geological wonders at the Bhedaghat Marble Caves"",""Take a boat ride or row through the serene waters of the Narmada River to immerse yourself in the local culture""]",Trek,"['Nature', 'Adventure', 'Trekking', 'Camping', 'Rock Climbing', 'Bird Watching']",8100,₹8k–₹12k,3,Winter – Spring,"['Winter', 'Spring']",Easy,Quiet,https://upload.wikimedia.org/wikipedia/commons/6/68/India-5749_-_Visvanatha_Temple_-_Flickr_-_archer10_%28Dennis%29.jpg,"['https://upload.wikimedia.org/wikipedia/commons/6/68/India-5749_-_Visvanatha_Temple_-_Flickr_-_archer10_%28Dennis%29.jpg', 'https://images.unsplash.com/photo-1464822759023-fed622ff2c3b?auto=format&fit=crop&w=1800&q=80', 'https://images.unsplash.com/photo-1500382017468-9049fed747ef?auto=format&fit=crop&w=1800&q=80', 'https://images.unsplash.com/photo-1470071459604-3b5ec3a7fe05?auto=format&fit=crop&w=1800&q=80', 'https://images.unsplash.com/photo-1507525428034-b723cf961d3e?auto=format&fit=crop&w=1800&q=80']","[""Go bird-watching in the nearby forests and valleys to spot rare species of birds and get a glimpse of the region's rich biodiversity"", 'Experience the thrill of rock climbing or rappelling along the marble gorge, a challenging and exciting activity for adventure seekers', 'Camp under the stars on the Bhedaghat Plateau, amidst the peaceful surroundings and stunning natural beauty', 'Visit a local village to learn about the traditional farming practices, crafts, and folk culture of the region']","[' Capture the majestic beauty of the marble gorge at sunset, when the rocks turn a golden hue and the Narmada River sparkles in the fading light', 'Snap a photo of the stunning Dhuandhar Falls from a distance, capturing the spray and mist rising from the 30-meter waterfall', 'Take a panoramic shot of the Bhedaghat Plateau, showcasing the vast expanse of hills and valleys stretching out as far as the eye can see']","['Local Traditional Thali', 'Spicy Curry']","['Bhedaghat Bundelkhandi Kitchen', 'Bhedaghat Malwa Food Court']",[],Lonavala,23.13175,79.80099
f8c206d1-a51a-46ae-9436-4ec2e5241f32,shivanasamudra-falls,Shivanasamudra Falls,Karnataka,Southern India,"Experience the mesmerizing beauty of Shivanasamudra Falls, a majestic waterfall on the Kaveri River in Karnataka, surrounded by lush green forests and steep rocks.","Shivanasamudra Falls, located in the Mandya district of Karnataka, is a breathtaking waterfall that attracts visitors from all over the world. The falls are surrounded by lush green forests, steep rocks, and rolling hills, creating a picturesque landscape that is perfect for nature lovers and adventure seekers. The waterfall is formed by the Kaveri River, which splits into two branches, creating two separate falls, the Gaganachukki and the Bharachukki. The falls are surrounded by a variety of flora and fauna, making it a great spot for bird watching and nature photography. The best time to visit Shivanasamudra Falls is during the monsoon season, when the water level is at its peak and the surrounding landscape is lush and green.","[""Gaganachukki Falls, the western branch of the waterfall, which offers a stunning view of the surrounding landscape"",""Bharachukki Falls, the eastern branch of the waterfall, which is known for its picturesque beauty and serene atmosphere"",""The Ranganathittu Bird Sanctuary, which is located nearby and is home to a variety of bird species"",""The Madhya Ranga Temple, a historic temple dedicated to Lord Vishnu, which is located near the falls"",""The Daria Daulat Bagh, a historic palace that showcases the region's rich cultural heritage""]",Mountain,"['Nature', 'Nature Walks', 'Photography', 'Local Sightseeing', 'Bird Watching']",8100,₹8k–₹12k,3,Winter – Spring,"['Winter', 'Spring']",Easy,Quiet,https://upload.wikimedia.org/wikipedia/commons/5/5c/Bharachukki_Falls_%281%29.jpg,"['https://upload.wikimedia.org/wikipedia/commons/5/5c/Bharachukki_Falls_%281%29.jpg', 'https://images.unsplash.com/photo-1464822759023-fed622ff2c3b?auto=format&fit=crop&w=1800&q=80', 'https://images.unsplash.com/photo-1500382017468-9049fed747ef?auto=format&fit=crop&w=1800&q=80', 'https://images.unsplash.com/photo-1470071459604-3b5ec3a7fe05?auto=format&fit=crop&w=1800&q=80', 'https://images.unsplash.com/photo-1507525428034-b723cf961d3e?auto=format&fit=crop&w=1800&q=80']","['Take a coracle ride on the Kaveri River to get a closer view of the waterfall', ""Go hiking in the surrounding hills and forests to explore the region's flora and fauna"", 'Visit the nearby villages to experience the local culture and cuisine', ""Take a guided tour of the Madhya Ranga Temple and the Daria Daulat Bagh to learn about the region's history and heritage""]","['The viewpoint near the Gaganachukki Falls, which offers a stunning view of the waterfall and the surrounding landscape', 'The Bharachukki Falls viewpoint, which provides a picturesque view of the eastern branch of the waterfall', 'The Ranganathittu Bird Sanctuary, which is a great spot for nature photography and bird watching']","['Traditional Thali', 'Filter Coffee', 'Local Seafood']","['Shivanasamudra Falls Malgudi Filter Coffee & Tiffin', 'Shivanasamudra Falls Sree Local Mess']",[],Lonavala,12.29167,77.175
f8df9137-6d94-4405-b26d-aa9ba192e76b,vantawng-falls,Vantawng Falls,Mizoram,Northeastern India,"Trek through the lush landscapes of Mizoram to discover the majestic Vantawng Falls, a hidden gem in North Eastern India.","Vantawng Falls, located in the Serchhip district of Mizoram, is a mountainous region renowned for its breathtaking waterfalls, serene natural surroundings, and exceptional biodiversity. This enchanting destination offers an exhilarating nature walk experience that takes visitors through a lush landscape of tropical rainforests, rolling hills, and crystal-clear streams. A trek to Vantawng Falls not only provides an opportunity to spot various species of birds, including the majestic hornbill and the stunning silver-crested tit, but it also allows travelers to experience the authentic local culture and lifestyle of the Mizo community. The falls, standing tall at 250 meters, is India's highest and one of the prettiest waterfalls, attracting nature enthusiasts and adventure seekers alike.","[""Witness the majestic roar of India's highest waterfall, standing tall at 250 meters."",""Spot a variety of bird species, including hornbills, silver-crested tits, and blue-winged parrots."",""Experience the rich cultural heritage and authentic local lifestyle of the Mizo community."",""Trek through lush tropical rainforests, rolling hills, and crystal-clear streams."",""Enjoy an unforgettable nature walk experience amidst the breathtaking scenery of Mizoram.""]",Mountain,"['Nature', 'Nature Walks', 'Photography', 'Local Sightseeing', 'Bird Watching']",8100,₹8k–₹12k,3,Summer – Spring,"['Summer', 'Spring']",Moderate,Quiet,https://upload.wikimedia.org/wikipedia/commons/c/c5/Vantawng_Khawhthla.jpg,"['https://upload.wikimedia.org/wikipedia/commons/c/c5/Vantawng_Khawhthla.jpg', 'https://images.unsplash.com/photo-1464822759023-fed622ff2c3b?auto=format&fit=crop&w=1800&q=80', 'https://images.unsplash.com/photo-1500382017468-9049fed747ef?auto=format&fit=crop&w=1800&q=80', 'https://images.unsplash.com/photo-1470071459604-3b5ec3a7fe05?auto=format&fit=crop&w=1800&q=80', 'https://images.unsplash.com/photo-1507525428034-b723cf961d3e?auto=format&fit=crop&w=1800&q=80']","['Participate in a guided nature walk through the lush surroundings of Vantawng Falls.', 'Engage in bird watching with experienced guides to spot rare and exotic species.', 'Visit the Serchhip district to experience the authentic local culture and cuisine of the Mizo people.', 'Trek to the base of the Vantawng Falls for an exhilarating and unforgettable experience.']","['Capture the misty essence of Vantawng Falls from the viewing deck.', 'Snap panoramic shots of the surrounding landscape and the distant ranges of the Meghalaya Hills.', 'Photograph the lush foliage and tropical rainforests during the golden hours of sunrise or sunset.']","['Smoked Pork with Bamboo Shoot', 'Local Rice Cake', 'Assamese Thali']","['Vantawng Falls Local Tribal Kitchen', 'Vantawng Falls The Bamboo Shoot Restaurant']",[],Shillong,23.25692,92.76246
f8f02da2-c38b-4138-ad01-3b049d1ec34a,harike-wetland,Harike Wetland,Punjab,Northern India,"Immerse yourself in Punjab's serene beauty at the Harike Wetland, a haven for nature lovers and bird enthusiasts.","Located in Tarn Taran district of Punjab, the Harike Wetland is a significant shallow wetland, also known as a 'billabong' or 'oxbow lake'. This natural marvel is a result of the Beas River's course change and has become a vital habitat for numerous species of aquatic animals and birds. Visitors can enjoy nature walks, bird watching, and photography opportunities amidst the serene natural surroundings.","[""Witness the majestic migratory birds, such as the Siberian crane, demoiselle crane, and spoon-billed sandpiper, at the Harike Wetland Bird Sanctuary."",""Explore the serene waters of the wetland by taking a boat ride, offering a unique perspective on the region's biodiversity."",""Visit the nearby Sri Hargobindpur, a historic Sikh town, and explore its ancient Gurdwara, temples, and colonial-era architecture."",""Experience the rich cultural heritage of Punjab by attending a traditional folk dance performance or a local food festival nearby."",""Drive through the picturesque village of Tarn Taran, surrounded by agricultural fields and rural landscapes, and witness the simple yet vibrant rural life of Punjab.""]",Mountain,"['Nature', 'Nature Walks', 'Photography', 'Local Sightseeing', 'Bird Watching']",8100,₹8k–₹12k,3,Summer – Spring,"['Summer', 'Spring']",Moderate,Quiet,https://upload.wikimedia.org/wikipedia/commons/thumb/a/a3/Harike.jpg/3840px-Harike.jpg,"['https://upload.wikimedia.org/wikipedia/commons/thumb/a/a3/Harike.jpg/3840px-Harike.jpg', 'https://images.unsplash.com/photo-1464822759023-fed622ff2c3b?auto=format&fit=crop&w=1800&q=80', 'https://images.unsplash.com/photo-1500382017468-9049fed747ef?auto=format&fit=crop&w=1800&q=80', 'https://images.unsplash.com/photo-1470071459604-3b5ec3a7fe05?auto=format&fit=crop&w=1800&q=80', 'https://images.unsplash.com/photo-1507525428034-b723cf961d3e?auto=format&fit=crop&w=1800&q=80']","[""Embark on a guided nature walk along the wetland's periphery, spotting a variety of avifauna and taking in the tranquil atmosphere."", 'Practice your photography skills by capturing the stunning sunrises and sunsets, reflecting off the calm waters of the wetland.', ""Visit the Harike Wetland Bird Sanctuary's Interpretation Center to learn about the region's diverse wildlife and the conservation efforts."", 'Take a relaxing boat ride through the waterways, spotting a variety of fish and aquatic plants along the way.']","['The scenic wetland viewpoint, offering panoramic views of the surrounding landscape and serene waters.', 'The majestic willow tree stand, reflecting beautifully in the calm waters of the wetland at sunrise.', ""The lush green vegetation and wildflowers that line the wetland's periphery, creating a vibrant and colorful scene.""]","['Siddu', 'Pahadi Madra', 'Local Thali']","['Harike Wetland Pahadi Rasoi Local Kitchen', 'Harike Wetland Hilltop Cafe & Bistro']",[],Manali,31.15,74.97
f93f3dc6-4132-4e26-946a-5606834afdf7,poompuhar,Poompuhar,Tamil Nadu,Southern India,"Discover the untamed wilderness of Poompuhar, Tamil Nadu, where ancient secrets mingle with adventure-seekers and nature lovers.","Tucked away in the southernmost tip of Thanjavur district, Poompuhar, also known as Puhar, is a quaint town that holds the remnants of a rich and storied past. Its name is inextricably linked to the legendary Tamil king, Nedunjeliyan, who ruled this land in the 2nd century BCE. The town's history is woven into its scenic landscape, where the tranquil waters of the Bay of Bengal meet the rugged Vellar estuary. Poompuhar is an ideal destination for trekkers, nature enthusiasts, and adventure-seekers, who come to explore its lush mangrove forests, mudflats, and pristine beaches, teeming with diverse marine life and an assortment of bird species.","[""Visit the stunning Vedaranyam Beach, a breathtaking stretch of coastline famous for its sunrise and sunset views, where the Vellar River meets the Bay of Bengal."",""Explore the tranquil waters of the Pichavaram Mangrove Forest, a UNESCO-listed biosphere reserve teeming with crocodiles, monkeys, and exotic birdlife."",""Walk along the scenic Vellar Estuary, where mangrove forests meet the ocean, and witness an array of marine life, including dolphins and whale sharks."",""Visit the Vedaranyam Lighthouse, a majestic structure that stands sentinel over the Poompuhar coastline, offering panoramic views of the surrounding region."",""Take a trek through the Kattarangalaman Canal, a scenic waterway that winds its way through the Pichavaram Mangrove Forest, offering a glimpse into the region's unique ecosystem.""]",Trek,"['Nature', 'Adventure', 'Trekking', 'Camping', 'Rock Climbing', 'Bird Watching']",8100,₹8k–₹12k,3,Winter – Spring,"['Winter', 'Spring']",Easy,Quiet,https://upload.wikimedia.org/wikipedia/commons/thumb/4/41/Constitution-Poompuhar.svg/960px-Constitution-Poompuhar.svg.png,"['https://upload.wikimedia.org/wikipedia/commons/thumb/4/41/Constitution-Poompuhar.svg/960px-Constitution-Poompuhar.svg.png', 'https://images.unsplash.com/photo-1464822759023-fed622ff2c3b?auto=format&fit=crop&w=1800&q=80', 'https://images.unsplash.com/photo-1500382017468-9049fed747ef?auto=format&fit=crop&w=1800&q=80', 'https://images.unsplash.com/photo-1470071459604-3b5ec3a7fe05?auto=format&fit=crop&w=1800&q=80', 'https://images.unsplash.com/photo-1507525428034-b723cf961d3e?auto=format&fit=crop&w=1800&q=80']","['Embark on a guided bird-watching tour to spot the diverse avifauna of the Pochampalli Wetland, a haven for ornithologists and nature enthusiasts.', ""Participate in a traditional mud-banking experience in the Vellar Estuary, where you'll learn the ancient art of building natural seawalls to combat coastal erosion."", ""Engage in a thrilling rock-climbing adventure in the Poompuhar hills, where you'll conquer challenging terrain and bask in the glory of a stunning sunrise."", ""Join a trek through the Pichavaram Forest Reserve, where you'll navigate through mudflats, mangrove forests, and salt marshes, encountering unique wildlife and vegetation along the way.""]","['Capture the breathtaking sunrise over the Vedaranyam Beach, where the sky meets the sea in a kaleidoscope of colors.', 'Take a moment to capture the ethereal beauty of the Pichavaram Mangrove Forest, where twisted roots and tangled vines create a surreal landscape.', 'Click a picture-perfect moment at the Vellar Estuary, where the ocean meets the mangrove forests, creating a stunning backdrop for photography.']","['Traditional Thali', 'Filter Coffee', 'Local Seafood']","['Poompuhar Malgudi Filter Coffee & Tiffin', 'Poompuhar Sree Local Mess']",[],Lonavala,11.14529,79.85373
f9e553c2-07a5-42c8-8e03-264b1bc10b22,dantewada-temples,Dantewada Temples,Chhattisgarh,Central India,"Experience the serenity of ancient temples nestled in the picturesque Dantewada village, a testament to Chhattisgarh's rich spiritual heritage.","Dantewada Temples, a quaint village nestled in the heart of Chhattisgarh, is home to a cluster of ancient temples that reflect the region's rich cultural and spiritual history. The temples, with their intricate carvings and majestic architecture, are a testament to the skill and craftsmanship of India's ancient artisans. The tranquil atmosphere of the village, surrounded by lush forests and rolling hills, makes it an idyllic getaway for those seeking a peaceful retreat from the hustle and bustle of city life. Visitors can explore the temples, participate in meditation sessions, and embark on heritage walks to uncover the hidden gems of this charming village.","[""Marvel at the stunning 9th-century Mahamaya Temple, adorned with intricate carvings and vibrant frescoes."",""Visit the serene Dallawaja Temple, dedicated to the goddess Bhawani, where devotees come to seek blessings and spiritual solace."",""Explore the majestic temples of Bhadrakali, a complex of ancient structures believed to date back to the 11th century."",""Discover the quaint village market, where locals sell traditional handicrafts, handmade pottery, and local spices.""]",Village,"['Spiritual', 'Meditation', 'Temple Visit', 'Heritage Walk', 'Photography']",8100,₹8k–₹12k,3,Winter – Spring,"['Winter', 'Spring']",Easy,Quiet,https://upload.wikimedia.org/wikipedia/commons/thumb/8/82/Mai_ji_mandir_dantewada.jpg/3840px-Mai_ji_mandir_dantewada.jpg,"['https://upload.wikimedia.org/wikipedia/commons/thumb/8/82/Mai_ji_mandir_dantewada.jpg/3840px-Mai_ji_mandir_dantewada.jpg', 'https://images.unsplash.com/photo-1464822759023-fed622ff2c3b?auto=format&fit=crop&w=1800&q=80', 'https://images.unsplash.com/photo-1500382017468-9049fed747ef?auto=format&fit=crop&w=1800&q=80', 'https://images.unsplash.com/photo-1470071459604-3b5ec3a7fe05?auto=format&fit=crop&w=1800&q=80', 'https://images.unsplash.com/photo-1507525428034-b723cf961d3e?auto=format&fit=crop&w=1800&q=80']","['Participate in a guided meditation session amidst the peaceful atmosphere of the temples.', 'Go on a heritage walk to explore the ancient temples and learn about the history of Dantewada village.', 'Watch local artisans demonstrate their skills in weaving, pottery-making, or metalwork at the village craft center.', 'Take a scenic walk through the surrounding forests and hills, spotting rare bird species and flora.']","['Capture the majestic view of the Mahamaya Temple at sunrise, when the temple is bathed in golden light.', 'Take a panoramic shot of the Dallawaja Temple surrounded by lush trees and colorful flowers.', ""Photograph the intricately carved walls of the Bhadrakali Temple, showcasing the region's rich artistic heritage.""]","['Local Traditional Thali', 'Spicy Curry']","['Dantewada Temples Bundelkhandi Kitchen', 'Dantewada Temples Malwa Food Court']",[],Lonavala,18.9,81.339
fa9beb15-e58d-4cf7-9c71-e36e42e26cb3,kausani,Kausani,Uttarakhand,Northern India,"Witness the majestic grandeur of the Himalayan peaks and serene valleys at Kausani, a tranquil retreat often called the 'Switzerland of India'.","Nestled in the Bageshwar district of Uttarakhand, Kausani stands as a serene hill station renowned for its breathtaking 300-km panoramic views of prominent Himalayan peaks including Trishul, Nanda Devi, and Panchachuli. Perched at an altitude of approximately 1890 meters above sea level, its lush pine forests and tranquil surroundings earned it the moniker 'Switzerland of India' from Mahatma Gandhi. The town offers a glimpse into the unhurried pace of Kumaoni life, with terraced fields and simple local hospitality.Historically significant for housing the Anasakti Ashram where Mahatma Gandhi stayed and penned his commentary on the Gita, Kausani embodies a spirit of peace and introspection. Its geography provides a unique blend of majestic mountain vistas and verdant valleys, making it a perfect retreat for nature lovers and those seeking solace amidst stunning natural beauty.","[""Anasakti Ashram (Gandhi Ashram), a place of historical significance and spiritual solace offering magnificent Himalayan views."",""Kausani Tea Estate, an organic tea garden where visitors can learn about tea processing and enjoy the serene landscape."",""Baijnath Temple Complex, a group of ancient 13th-century temples dedicated to Lord Shiva, showcasing exquisite Kumaoni architecture."",""Rudradhari Falls and Caves, a picturesque natural spot combining cascading waterfalls with mystical caves."",""Sumitranandan Pant Gallery, a museum dedicated to the famous Hindi poet Sumitranandan Pant, housing his manuscripts and literary works.""]",Mountain,"['Nature', 'Nature Walks', 'Photography', 'Local Sightseeing', 'Bird Watching']",8100,₹8k–₹12k,3,Summer – Spring,"['Summer', 'Spring']",Moderate,Quiet,https://upload.wikimedia.org/wikipedia/commons/thumb/2/2d/Sunrise_from_Kausani%2C_Almora%2C_Uttarakhand%2C_India.jpg/3840px-Sunrise_from_Kausani%2C_Almora%2C_Uttarakhand%2C_India.jpg,"['https://upload.wikimedia.org/wikipedia/commons/thumb/2/2d/Sunrise_from_Kausani%2C_Almora%2C_Uttarakhand%2C_India.jpg/3840px-Sunrise_from_Kausani%2C_Almora%2C_Uttarakhand%2C_India.jpg', 'https://images.unsplash.com/photo-1464822759023-fed622ff2c3b?auto=format&fit=crop&w=1800&q=80', 'https://images.unsplash.com/photo-1500382017468-9049fed747ef?auto=format&fit=crop&w=1800&q=80', 'https://images.unsplash.com/photo-1470071459604-3b5ec3a7fe05?auto=format&fit=crop&w=1800&q=80', 'https://images.unsplash.com/photo-1507525428034-b723cf961d3e?auto=format&fit=crop&w=1800&q=80']","['Witness a spectacular sunrise or sunset over the formidable Himalayan range from various viewpoints.', 'Explore the Kausani Tea Estate and indulge in organic tea tasting sessions.', 'Embark on nature walks or short treks through the pine and oak forests to discover hidden trails and local villages like Pinnath.', 'Engage in bird watching, as Kausani is home to a diverse array of Himalayan avian species.']","['The terrace of Anasakti Ashram, offering unparalleled panoramic views of Trishul, Nanda Devi, and Panchachuli peaks.', 'Kausani Tea Estate, with its lush terraced tea gardens against a backdrop of snow-capped mountains.', 'The trek route leading to Pinnath Temple, providing expansive vistas of the valley and distant peaks.']","['Siddu', 'Pahadi Madra', 'Local Thali']","['Kausani Pahadi Rasoi Local Kitchen', 'Kausani Hilltop Cafe & Bistro']",[],Manali,29.33757,79.5048
fc87d1e5-5ac9-4065-b77d-06c75bfd97af,bekal,Bekal,Kerala,Southern India,Where lush tropical landscapes meet ancient historical ruins.,"Nestled on the northwestern coast of Kerala, Bekal is a tranquil village steeped in history and immersed in the serene beauty of nature. The Bekal Fort, a 17th-century Dutch and British era citadel, stands majestically on a hillock overlooking the vast Arabian Sea. The village is an ideal destination for those seeking a tranquil retreat and a unique cultural experience. Explore the lush spice plantations, winding village roads, and the majestic fort, and immerse yourself in the rich cultural heritage and the breathtaking natural beauty of Bekal.","[""Marvel at the majestic Bekal Fort, a 35-acre fortified complex with 40 bastions and a lighthouse."",""Visit the stunning Kappil Beach, a secluded cove with pristine waters, powdery sand, and breathtaking sunsets."",""Take a stroll through the lush, verdant rice fields, where the scent of fresh earth and paddy fields will transport you to a serene rural world."",""Drive to the nearby Palakkayam Village for some of the most breathtaking vistas of Bekal, and indulge in local cuisine and shopping at the bustling Palakkayam Market.""]",Village,"['Culture', 'Nature Walks', 'Photography', 'Local Sightseeing', 'Bird Watching']",8100,₹8k–₹12k,3,Winter – Spring,"['Winter', 'Spring']",Easy,Quiet,https://upload.wikimedia.org/wikipedia/commons/d/d1/Bakel_Fort_Beach_Kasaragod7.jpg,"['https://upload.wikimedia.org/wikipedia/commons/d/d1/Bakel_Fort_Beach_Kasaragod7.jpg', 'https://images.unsplash.com/photo-1464822759023-fed622ff2c3b?auto=format&fit=crop&w=1800&q=80', 'https://images.unsplash.com/photo-1500382017468-9049fed747ef?auto=format&fit=crop&w=1800&q=80', 'https://images.unsplash.com/photo-1470071459604-3b5ec3a7fe05?auto=format&fit=crop&w=1800&q=80', 'https://images.unsplash.com/photo-1507525428034-b723cf961d3e?auto=format&fit=crop&w=1800&q=80']","['Embark on a scenic boat ride through the Bekal Lake, offering panoramic views of the surrounding landscape and the ancient fort.', ""Take part in traditional fishing activities, using local fishing techniques to catch the day's fresh bounty."", 'Visit a local spice plantation, where you can learn about the art of spice cultivation, processing, and local traditions.', 'Practice yoga and meditation amidst the tranquil atmosphere of the village, and rejuvenate your spirit with the local cuisine and aromas of the spice plantations.']","['Capture the breathtaking sunsets over the Kappil Beach, where the Arabian Sea meets the sky in a kaleidoscope of colours.', 'Take in the stunning views of the Bekal Fort from the nearby hillock, where the historic monument meets the horizon in a breathtaking panorama.', 'Photograph the vibrant, green rice fields, where the lush vegetation stretches out to the rolling hills and distant mountains like a canvas of emerald hues.']","['Traditional Thali', 'Filter Coffee', 'Local Seafood']","['Bekal Malgudi Filter Coffee & Tiffin', 'Bekal Sree Local Mess']",[],Lonavala,12.39573,75.03719
fef697e3-0e12-478b-97ea-a9681a5b8bc9,manimuthar-falls,Manimuthar Falls,Tamil Nadu,Southern India,A serene waterfall nestled inside the Kalakkad Mundanthurai Tiger Reserve.,"Manimuthar Falls is a natural waterfall located in the Tirunelveli district of Tamil Nadu. Situated inside the protected Kalakkad Mundanthurai Tiger Reserve, this waterfall is formed by the Manimuthar River cascading down a rocky face. The falls form a deep, natural pool at the bottom that is popular for swimming. Surrounded by hills and forests, it offers a refreshing, nature-rich escape.","[""Scenic waterfall cascade forming a natural forest swimming pool"",""Situated inside the biodiverse Kalakkad Mundanthurai Tiger Reserve"",""Views of the sprawling Manimuthar Dam and reservoir nearby"",""Serene, undisturbed forest surroundings away from urban crowds""]",Mountain,"['Nature', 'Nature Walks', 'Peaceful Retreat']",8100,₹8k–₹12k,3,October to January,"['Winter', 'Spring']",Easy,Quiet,https://upload.wikimedia.org/wikipedia/commons/thumb/7/7c/Seal_of_Tamil_Nadu.svg/960px-Seal_of_Tamil_Nadu.svg.png,"['https://upload.wikimedia.org/wikipedia/commons/thumb/7/7c/Seal_of_Tamil_Nadu.svg/960px-Seal_of_Tamil_Nadu.svg.png', 'https://images.unsplash.com/photo-1464822759023-fed622ff2c3b?auto=format&fit=crop&w=1800&q=80', 'https://images.unsplash.com/photo-1500382017468-9049fed747ef?auto=format&fit=crop&w=1800&q=80', 'https://images.unsplash.com/photo-1470071459604-3b5ec3a7fe05?auto=format&fit=crop&w=1800&q=80', 'https://images.unsplash.com/photo-1507525428034-b723cf961d3e?auto=format&fit=crop&w=1800&q=80']","['Swimming and bathing in the natural pool at the base of the falls', 'Trekking to nearby forest checkpoints and viewpoints', 'Picnicking and enjoying mountain views from the Manimuthar Dam', 'Wildlife spotting and bird watching in the reserve']","['Water cascading down the smooth rock face of Manimuthar', 'Panoramas of the reservoir from Manimuthar Dam road', 'Forest birds and flora along the reserve path']","['Traditional Thali', 'Filter Coffee', 'Local Seafood']","['Manimuthar Falls Malgudi Filter Coffee & Tiffin', 'Manimuthar Falls Sree Local Mess']",[],Lonavala,8.6324,77.4042
ff236452-e046-4b5a-b32c-d00ceb963950,similipal-national-park,Similipal National Park,Odisha,Eastern India,"Odisha's vibrant Similipal National Park is a breathtaking biosphere reserve cradling majestic tigers, spectacular waterfalls, and a rich tapestry of biodiversity amidst ancient sal forests.","Similipal, named after the abundant 'Simul' (red silk cotton) trees, is a protected area nestled in the Mayurbhanj district of Odisha, India, and forms a significant part of the Mayurbhanj Elephant Reserve. Established in 1956 and brought under Project Tiger in 1973, it was declared a Biosphere Reserve by the Government of India in 1994, subsequently gaining recognition in the UNESCO World Network of Biosphere Reserves in 2009. Geographically, it is characterized by high plateaus like Meghasani and Khairiburu, situated within the Eastern Ghats, and crisscrossed by perennial rivers such as Budhabalanga, Palpala, and Bhandan.
This pristine wilderness is a haven for diverse flora and fauna, boasting dense sal forests, tropical moist broadleaf forests, and over 90 species of orchids. Visitors encounter a unique blend of natural grandeur and a glimpse into the traditional lifestyles of indigenous tribes residing in the buffer zones, whose culture is intricately linked with the forest and its conservation efforts.","[""Witnessing majestic Bengal Tigers and wild Asian Elephants in their natural habitat through guided safaris."",""Experiencing the sheer grandeur of Barehipani Falls, India's second-highest waterfall, plunging from a height of 400 meters."",""Trekking to the enchanting Joranda Falls, a spectacular 150-meter cascade offering serene views."",""Exploring the dense, ancient Sal forests, which are home to unique and endemic orchid species."",""Engaging in birdwatching, with opportunities to spot over 300 avian species including the critically endangered White-bellied Heron.""]",Mountain,"['Wildlife', 'Nature Walks', 'Photography', 'Local Sightseeing', 'Bird Watching']",8100,₹8k–₹12k,3,Winter – Spring,"['Winter', 'Spring']",Easy,Quiet,https://upload.wikimedia.org/wikipedia/commons/b/be/Simlipal_tiger_reserve.jpg,"['https://upload.wikimedia.org/wikipedia/commons/b/be/Simlipal_tiger_reserve.jpg', 'https://images.unsplash.com/photo-1464822759023-fed622ff2c3b?auto=format&fit=crop&w=1800&q=80', 'https://images.unsplash.com/photo-1500382017468-9049fed747ef?auto=format&fit=crop&w=1800&q=80', 'https://images.unsplash.com/photo-1470071459604-3b5ec3a7fe05?auto=format&fit=crop&w=1800&q=80', 'https://images.unsplash.com/photo-1507525428034-b723cf961d3e?auto=format&fit=crop&w=1800&q=80']","['Embark on guided jeep safaris through the core and buffer zones for wildlife spotting, particularly tigers and elephants.', 'Trek to the base or viewpoints of Barehipani and Joranda Waterfalls to fully appreciate their natural beauty and scale.', 'Participate in dedicated bird watching sessions with local naturalists to identify diverse resident and migratory avian species.', 'Visit the Mugger Crocodile Rearing Centre at Ramatirtha to learn about the conservation efforts for these reptiles.']","['The designated viewing platform for Barehipani Falls, offering a wide panoramic shot of the waterfall and surrounding valley.', ""The viewpoint at Joranda Falls, perfect for capturing the waterfall's majestic cascade amidst the lush forest."", 'The Chahala watchtower, providing excellent opportunities for wildlife photography and sweeping views of the forest canopy, especially during dawn or dusk.']","['Local Traditional Thali', 'Spicy Curry']","['Similipal National Park Bengali Spice Junction', 'Similipal National Park Maa Durga Local Hotel']",[],Manali,21.83333,86.33333
